record_id,sale_date,day_of_week,is_weekend,branch,category,campaign,customers_count,employee_count,units_sold,avg_price_per_unit,discount_rate,sales_amount,cost_amount,gross_profit,payment_method,returned,satisfaction_score,branch_a_outlier,special_high_sales_day
R00716,2026-01-01,????????,FALSE,A,Fashion,None,102,16,87,856.87,4.4%,"71,267.27","39,750.15","31,517.12",Credit Card,FALSE,3.5,FALSE,FALSE
R00757,2026-01-01,????????,FALSE,A,Fashion,None,65,15,62,369.52,2.6%,"22,314.77","12,729.54","9,585.23",E-Wallet,FALSE,3.8,FALSE,FALSE
R00760,2026-01-01,????????,FALSE,A,Electronics,None,196,28,73,"1,746.21",2.9%,"123,776.77","89,184.70","34,592.07",Mobile Banking,FALSE,3.9,FALSE,FALSE
R00996,2026-01-01,????????,FALSE,A,Beauty,None,113,20,79,894.04,3.9%,"67,874.46","33,400.48","34,473.98",Credit Card,FALSE,4.4,FALSE,FALSE
R01610,2026-01-01,????????,FALSE,A,Beauty,Weekend Boost,118,24,87,425.45,7.1%,"34,386.39","17,031.75","17,354.64",Credit Card,FALSE,4,FALSE,FALSE
R02004,2026-01-01,????????,FALSE,A,Electronics,Member Day,151,20,66,"1,865.97",7.4%,"114,040.53","82,993.46","31,047.07",Cash,FALSE,4.5,FALSE,FALSE
R01174,2026-01-01,????????,FALSE,B,Food & Beverage,Clearance Sale,156,23,190,616.42,16.0%,"98,380.09","58,984.56","39,395.53",QR Payment,FALSE,4.6,FALSE,FALSE
R00290,2026-01-01,????????,FALSE,C,Fashion,None,115,20,98,651.21,1.5%,"62,861.46","38,333.79","24,527.67",QR Payment,TRUE,3.3,FALSE,FALSE
R01418,2026-01-01,????????,FALSE,C,Food & Beverage,None,115,21,142,245.00,1.6%,"34,233.14","21,257.71","12,975.43",QR Payment,FALSE,3.9,FALSE,FALSE
R01448,2026-01-01,????????,FALSE,C,Fashion,Weekend Boost,170,24,133,820.63,5.9%,"102,704.05","61,933.93","40,770.12",Credit Card,FALSE,4.7,FALSE,FALSE
R00242,2026-01-01,????????,FALSE,D,Home & Living,Payday Promo,79,14,58,955.12,10.4%,"49,635.59","31,914.83","17,720.76",QR Payment,FALSE,4.2,FALSE,FALSE
R00349,2026-01-01,????????,FALSE,D,Electronics,Clearance Sale,98,18,29,"2,176.03",16.6%,"52,629.40","37,322.55","15,306.85",Credit Card,FALSE,3.2,FALSE,FALSE
R00864,2026-01-01,????????,FALSE,D,Beauty,Clearance Sale,153,22,100,"1,419.85",17.7%,"116,853.89","61,090.43","55,763.46",Credit Card,FALSE,4.7,FALSE,FALSE
R01996,2026-01-01,????????,FALSE,D,Sports,None,147,22,92,941.82,2.9%,"84,135.05","46,930.75","37,204.30",Credit Card,FALSE,3.8,FALSE,FALSE
R00014,2026-01-01,????????,FALSE,E,Fashion,Clearance Sale,150,26,140,744.39,16.3%,"87,228.03","49,024.85","38,203.18",QR Payment,FALSE,5,FALSE,FALSE
R01041,2026-01-01,????????,FALSE,E,Electronics,Payday Promo,138,24,74,"1,340.80",10.8%,"88,503.35","64,412.48","24,090.87",Mobile Banking,FALSE,3.3,FALSE,FALSE
R01120,2026-01-01,????????,FALSE,E,Food & Beverage,None,114,17,140,509.02,4.2%,"68,270.34","41,700.80","26,569.54",QR Payment,FALSE,3.8,FALSE,FALSE
R01388,2026-01-01,????????,FALSE,E,Food & Beverage,Weekend Boost,85,19,104,141.13,7.4%,"13,591.42","8,350.94","5,240.48",Cash,FALSE,4.5,FALSE,FALSE
R01297,2026-01-02,?????,FALSE,A,Electronics,Member Day,121,19,26,"2,881.41",9.7%,"67,649.84","48,408.54","19,241.30",QR Payment,FALSE,4.3,FALSE,FALSE
R02264,2026-01-02,?????,FALSE,A,Home & Living,None,106,22,68,651.45,5.9%,"41,685.02","27,440.81","14,244.21",E-Wallet,FALSE,3.5,FALSE,FALSE
R00416,2026-01-02,?????,FALSE,B,Electronics,None,130,20,55,"1,241.05",3.6%,"65,800.51","47,664.62","18,135.89",Cash,FALSE,4.4,FALSE,FALSE
R01461,2026-01-02,?????,FALSE,B,Fashion,None,192,30,162,842.35,3.1%,"132,231.18","75,747.75","56,483.43",Credit Card,FALSE,4,FALSE,FALSE
R01769,2026-01-02,?????,FALSE,B,Food & Beverage,None,179,32,207,479.63,4.2%,"95,114.26","59,415.91","35,698.35",Credit Card,FALSE,5,FALSE,FALSE
R02391,2026-01-02,?????,FALSE,B,Food & Beverage,Member Day,120,21,127,541.04,8.2%,"63,077.77","39,467.93","23,609.84",Credit Card,FALSE,4.4,FALSE,FALSE
R01110,2026-01-02,?????,FALSE,C,Fashion,None,132,21,108,756.73,3.5%,"78,866.43","44,942.48","33,923.95",QR Payment,FALSE,4.2,FALSE,FALSE
R02826,2026-01-02,?????,FALSE,C,Fashion,None,70,17,56,596.96,2.8%,"32,493.80","18,422.75","14,071.05",Credit Card,FALSE,4.3,FALSE,FALSE
R01261,2026-01-02,?????,FALSE,D,Fashion,Payday Promo,143,20,148,759.49,11.4%,"99,590.24","54,330.72","45,259.52",E-Wallet,FALSE,3.8,FALSE,FALSE
R01752,2026-01-02,?????,FALSE,D,Food & Beverage,None,182,30,195,489.85,1.2%,"94,374.37","58,915.06","35,459.31",Cash,FALSE,4.8,FALSE,FALSE
R01783,2026-01-02,?????,FALSE,E,Electronics,Member Day,83,20,28,727.55,6.0%,"19,149.04","13,806.37","5,342.67",Credit Card,FALSE,4,FALSE,FALSE
R00343,2026-01-03,?????,TRUE,A,Sports,Payday Promo,63,16,37,393.99,8.8%,"13,294.96","7,697.28","5,597.68",QR Payment,FALSE,5,TRUE,FALSE
R00424,2026-01-03,?????,TRUE,A,Food & Beverage,Payday Promo,166,30,212,435.01,10.2%,"82,814.87","53,616.49","29,198.38",E-Wallet,FALSE,4.1,FALSE,FALSE
R00932,2026-01-03,?????,TRUE,A,Home & Living,Payday Promo,124,24,58,970.10,10.4%,"50,414.26","31,545.31","18,868.95",Credit Card,FALSE,4.9,FALSE,FALSE
R01871,2026-01-03,?????,TRUE,A,Electronics,None,165,25,63,"1,741.30",4.4%,"104,875.06","75,253.32","29,621.74",E-Wallet,FALSE,2.9,FALSE,FALSE
R00943,2026-01-03,?????,TRUE,B,Beauty,None,206,36,154,603.82,3.1%,"90,105.29","44,034.84","46,070.45",QR Payment,FALSE,5,FALSE,FALSE
R02064,2026-01-03,?????,TRUE,B,Home & Living,None,135,23,70,"1,073.66",3.5%,"72,525.83","46,034.28","26,491.55",Cash,FALSE,4.9,FALSE,FALSE
R01141,2026-01-03,?????,TRUE,C,Home & Living,None,140,24,85,983.49,3.5%,"80,670.85","56,817.32","23,853.53",Credit Card,FALSE,3.4,FALSE,FALSE
R02335,2026-01-03,?????,TRUE,C,Food & Beverage,None,111,21,151,280.51,1.8%,"41,594.74","26,380.50","15,214.24",E-Wallet,FALSE,3.9,FALSE,FALSE
R01148,2026-01-03,?????,TRUE,D,Fashion,Weekend Boost,142,24,112,664.86,8.7%,"67,985.85","41,277.37","26,708.48",Credit Card,FALSE,4.4,FALSE,FALSE
R02696,2026-01-03,?????,TRUE,D,Fashion,None,138,27,115,525.35,3.0%,"58,602.44","35,515.12","23,087.32",QR Payment,FALSE,4.6,FALSE,FALSE
R02838,2026-01-03,?????,TRUE,D,Sports,None,128,22,83,702.31,2.5%,"56,834.04","31,378.62","25,455.42",Mobile Banking,FALSE,4.4,FALSE,FALSE
R00061,2026-01-03,?????,TRUE,E,Electronics,None,186,29,73,"1,493.99",2.0%,"106,879.94","77,001.13","29,878.81",E-Wallet,FALSE,3.9,FALSE,FALSE
R00248,2026-01-03,?????,TRUE,E,Fashion,None,175,24,154,707.73,3.1%,"105,611.67","62,015.48","43,596.19",Credit Card,FALSE,4.1,FALSE,FALSE
R01470,2026-01-03,?????,TRUE,E,Fashion,None,145,25,118,578.76,2.3%,"66,722.48","40,723.53","25,998.95",Credit Card,TRUE,4.2,FALSE,FALSE
R02349,2026-01-03,?????,TRUE,E,Food & Beverage,None,126,22,142,439.20,5.8%,"58,749.74","37,145.40","21,604.34",Cash,FALSE,3.9,FALSE,FALSE
R02699,2026-01-03,?????,TRUE,E,Fashion,Payday Promo,97,18,83,519.96,10.1%,"38,798.16","23,132.40","15,665.76",Credit Card,FALSE,4.7,FALSE,FALSE
R02742,2026-01-03,?????,TRUE,E,Electronics,None,202,31,103,"1,133.26",1.8%,"114,624.44","80,170.58","34,453.86",Cash,FALSE,4.1,FALSE,FALSE
R02945,2026-01-03,?????,TRUE,E,Electronics,Payday Promo,102,22,47,267.48,10.2%,"11,289.28","8,397.56","2,891.72",Credit Card,FALSE,4.4,FALSE,FALSE
R00108,2026-01-04,???????,TRUE,A,Beauty,Member Day,136,27,101,635.51,8.6%,"58,666.49","27,347.16","31,319.33",Credit Card,FALSE,3.6,FALSE,FALSE
R00245,2026-01-04,???????,TRUE,A,Fashion,None,159,25,130,735.83,3.0%,"92,788.18","53,688.43","39,099.75",E-Wallet,FALSE,3.5,FALSE,FALSE
R00583,2026-01-04,???????,TRUE,A,Fashion,Payday Promo,120,22,107,496.15,9.4%,"48,097.58","28,613.20","19,484.38",Credit Card,FALSE,3.9,FALSE,FALSE
R00963,2026-01-04,???????,TRUE,A,Fashion,Member Day,152,26,121,757.63,8.6%,"83,789.50","49,237.59","34,551.91",QR Payment,FALSE,4.2,FALSE,FALSE
R00972,2026-01-04,???????,TRUE,A,Fashion,None,59,16,40,335.32,1.8%,"13,171.29","7,412.75","5,758.54",Mobile Banking,FALSE,4,FALSE,FALSE
R01939,2026-01-04,???????,TRUE,A,Electronics,None,165,26,66,"1,615.99",1.5%,"105,055.79","77,125.85","27,929.94",Credit Card,TRUE,3.4,FALSE,FALSE
R02315,2026-01-04,???????,TRUE,A,Sports,None,115,24,54,977.15,3.8%,"50,760.83","28,860.19","21,900.64",QR Payment,FALSE,4.8,FALSE,FALSE
R02436,2026-01-04,???????,TRUE,B,Beauty,Weekend Boost,121,23,86,488.39,6.4%,"39,313.45","19,177.04","20,136.41",E-Wallet,FALSE,3.8,FALSE,FALSE
R02533,2026-01-04,???????,TRUE,B,Sports,None,136,20,74,"1,100.19",1.5%,"80,192.96","46,373.86","33,819.10",Credit Card,FALSE,4.4,FALSE,FALSE
R02842,2026-01-04,???????,TRUE,B,Food & Beverage,None,123,27,143,236.68,3.2%,"32,762.86","21,426.85","11,336.01",Credit Card,FALSE,3.9,FALSE,FALSE
R01192,2026-01-04,???????,TRUE,C,Home & Living,Clearance Sale,140,21,62,"1,155.42",16.8%,"59,600.99","36,647.38","22,953.61",QR Payment,FALSE,4.3,FALSE,FALSE
R01020,2026-01-04,???????,TRUE,D,Food & Beverage,Weekend Boost,120,20,128,506.08,6.7%,"60,438.04","35,458.07","24,979.97",Mobile Banking,FALSE,5,FALSE,FALSE
R02278,2026-01-04,???????,TRUE,D,Fashion,Member Day,145,27,122,498.13,8.5%,"55,606.60","33,987.35","21,619.25",Credit Card,FALSE,4.5,FALSE,FALSE
R00305,2026-01-04,???????,TRUE,E,Food & Beverage,Payday Promo,156,24,188,628.50,9.9%,"106,460.57","66,055.82","40,404.75",Credit Card,FALSE,4.4,FALSE,FALSE
R01138,2026-01-04,???????,TRUE,E,Home & Living,Member Day,74,16,44,106.48,11.1%,"4,165.08","2,690.88","1,474.20",Credit Card,FALSE,4.7,FALSE,FALSE
R02799,2026-01-04,???????,TRUE,E,Fashion,None,158,25,137,631.37,0.8%,"85,806.21","48,746.52","37,059.69",Mobile Banking,FALSE,4.2,FALSE,FALSE
R01246,2026-01-05,??????,FALSE,A,Home & Living,None,107,18,65,"1,229.94",4.6%,"76,268.77","49,009.40","27,259.37",Cash,FALSE,4.4,FALSE,FALSE
R01531,2026-01-05,??????,FALSE,A,Food & Beverage,None,161,29,194,425.50,3.0%,"80,069.67","48,647.75","31,421.92",QR Payment,FALSE,3.6,FALSE,FALSE
R01655,2026-01-05,??????,FALSE,A,Food & Beverage,Member Day,139,22,183,473.73,7.8%,"79,930.68","50,120.69","29,809.99",QR Payment,FALSE,4.4,FALSE,FALSE
R00435,2026-01-05,??????,FALSE,B,Fashion,None,152,27,135,581.02,0.5%,"78,045.99","47,347.53","30,698.46",Cash,FALSE,5,FALSE,FALSE
R01273,2026-01-05,??????,FALSE,B,Electronics,None,121,22,41,"1,988.47",3.7%,"78,510.82","56,557.68","21,953.14",Mobile Banking,FALSE,4.5,FALSE,FALSE
R01806,2026-01-05,??????,FALSE,B,Electronics,None,72,17,37,539.15,2.2%,"19,509.65","13,618.44","5,891.21",E-Wallet,FALSE,4.4,FALSE,FALSE
R01838,2026-01-05,??????,FALSE,B,Fashion,Weekend Boost,134,17,108,854.60,4.8%,"87,866.47","52,086.23","35,780.24",Mobile Banking,FALSE,3.8,FALSE,FALSE
R02365,2026-01-05,??????,FALSE,B,Food & Beverage,Member Day,158,23,191,600.22,7.3%,"106,272.95","64,178.54","42,094.41",E-Wallet,FALSE,4.2,FALSE,FALSE
R02794,2026-01-05,??????,FALSE,B,Fashion,None,198,24,172,918.12,2.4%,"154,126.02","90,179.71","63,946.31",Credit Card,FALSE,3.7,FALSE,FALSE
R02836,2026-01-05,??????,FALSE,B,Electronics,Payday Promo,135,21,64,"1,159.27",9.0%,"67,515.96","46,418.75","21,097.21",Mobile Banking,FALSE,4.5,FALSE,FALSE
R00114,2026-01-05,??????,FALSE,C,Fashion,None,155,18,137,899.53,1.6%,"121,264.41","72,134.05","49,130.36",Credit Card,FALSE,4.1,FALSE,FALSE
R00784,2026-01-05,??????,FALSE,C,Electronics,Member Day,160,27,75,"1,321.73",6.2%,"92,983.59","67,657.07","25,326.52",Cash,FALSE,4.5,FALSE,FALSE
R01214,2026-01-05,??????,FALSE,C,Electronics,None,85,13,49,"1,294.05",1.3%,"62,584.13","42,973.64","19,610.49",Mobile Banking,FALSE,4,FALSE,FALSE
R01755,2026-01-05,??????,FALSE,C,Food & Beverage,Payday Promo,149,25,193,415.80,11.0%,"71,422.41","45,327.91","26,094.50",Credit Card,FALSE,4.7,FALSE,FALSE
R02449,2026-01-05,??????,FALSE,D,Food & Beverage,Weekend Boost,151,21,168,785.73,8.5%,"120,781.79","79,392.72","41,389.07",Credit Card,FALSE,5,FALSE,FALSE
R00804,2026-01-06,??????,FALSE,A,Fashion,None,110,17,87,946.23,4.6%,"78,534.79","47,948.52","30,586.27",QR Payment,FALSE,4.4,FALSE,FALSE
R02748,2026-01-06,??????,FALSE,A,Electronics,None,101,20,21,"2,360.31",3.6%,"47,782.15","35,175.71","12,606.44",Mobile Banking,FALSE,3.9,FALSE,FALSE
R00942,2026-01-06,??????,FALSE,B,Food & Beverage,Weekend Boost,92,18,115,353.13,7.6%,"37,523.44","24,292.04","13,231.40",QR Payment,FALSE,4.6,FALSE,FALSE
R01764,2026-01-06,??????,FALSE,B,Beauty,None,194,31,138,837.32,3.6%,"111,390.32","53,398.51","57,991.81",E-Wallet,FALSE,4.4,FALSE,FALSE
R00747,2026-01-06,??????,FALSE,C,Sports,Weekend Boost,96,18,36,"1,713.42",7.8%,"56,871.81","33,992.67","22,879.14",Credit Card,FALSE,4.8,FALSE,FALSE
R00853,2026-01-06,??????,FALSE,C,Electronics,Member Day,55,17,22,366.17,7.2%,"7,475.77","5,706.72","1,769.05",Mobile Banking,FALSE,5,FALSE,FALSE
R01157,2026-01-06,??????,FALSE,C,Home & Living,None,181,31,99,940.73,2.7%,"90,617.72","57,369.43","33,248.29",E-Wallet,FALSE,3.4,FALSE,FALSE
R01338,2026-01-06,??????,FALSE,C,Electronics,Weekend Boost,140,24,55,"1,647.95",5.1%,"86,014.75","61,400.37","24,614.38",QR Payment,FALSE,3.8,FALSE,FALSE
R01822,2026-01-06,??????,FALSE,C,Food & Beverage,None,129,19,135,629.06,4.8%,"80,846.72","47,750.34","33,096.38",Credit Card,FALSE,4.1,FALSE,FALSE
R01383,2026-01-06,??????,FALSE,D,Home & Living,None,125,29,53,921.40,3.0%,"47,368.98","31,494.55","15,874.43",Credit Card,FALSE,4.1,FALSE,FALSE
R01707,2026-01-06,??????,FALSE,D,Electronics,None,101,23,53,842.99,5.0%,"42,444.64","29,946.64","12,498.00",E-Wallet,FALSE,3.8,FALSE,FALSE
R01663,2026-01-06,??????,FALSE,E,Food & Beverage,Member Day,147,24,177,457.50,7.4%,"74,984.37","44,435.39","30,548.98",Credit Card,FALSE,4.3,FALSE,FALSE
R01716,2026-01-06,??????,FALSE,E,Electronics,Payday Promo,136,26,68,872.52,11.3%,"52,626.84","36,246.04","16,380.80",Cash,FALSE,4.4,FALSE,FALSE
R01946,2026-01-06,??????,FALSE,E,Beauty,Payday Promo,60,18,58,56.78,8.9%,"3,000.00","1,515.46","1,484.54",E-Wallet,TRUE,3.9,FALSE,FALSE
R02473,2026-01-06,??????,FALSE,E,Electronics,Clearance Sale,120,19,28,"3,115.05",16.0%,"73,265.96","51,489.85","21,776.11",Mobile Banking,FALSE,4.4,FALSE,FALSE
R00003,2026-01-07,???,FALSE,A,Food & Beverage,Weekend Boost,129,20,153,567.14,8.3%,"79,570.91","48,946.55","30,624.36",Cash,TRUE,3.7,FALSE,FALSE
R00768,2026-01-07,???,FALSE,A,Beauty,Weekend Boost,101,13,73,"1,087.29",4.8%,"75,562.34","37,289.13","38,273.21",Mobile Banking,TRUE,3.6,FALSE,FALSE
R00770,2026-01-07,???,FALSE,A,Fashion,Weekend Boost,127,26,112,562.78,5.4%,"59,627.77","36,081.62","23,546.15",E-Wallet,FALSE,4.1,FALSE,FALSE
R00858,2026-01-07,???,FALSE,A,Food & Beverage,None,159,30,173,429.02,3.3%,"71,771.91","42,948.75","28,823.16",Mobile Banking,FALSE,4.1,FALSE,FALSE
R00999,2026-01-07,???,FALSE,A,Home & Living,Member Day,118,18,48,"1,371.22",9.8%,"59,368.38","39,502.18","19,866.20",E-Wallet,FALSE,4.8,FALSE,FALSE
R01538,2026-01-07,???,FALSE,A,Food & Beverage,Weekend Boost,200,29,236,631.53,9.3%,"135,180.12","79,310.17","55,869.95",E-Wallet,FALSE,3.4,FALSE,FALSE
R01933,2026-01-07,???,FALSE,A,Food & Beverage,Payday Promo,213,30,251,593.38,10.6%,"133,151.90","85,274.32","47,877.58",E-Wallet,FALSE,4.6,FALSE,FALSE
R00541,2026-01-07,???,FALSE,B,Food & Beverage,None,146,22,185,515.26,2.1%,"93,321.75","55,329.92","37,991.83",Credit Card,FALSE,4.6,FALSE,FALSE
R01809,2026-01-07,???,FALSE,B,Home & Living,Clearance Sale,152,22,83,"1,335.00",14.5%,"94,737.94","63,110.28","31,627.66",Mobile Banking,FALSE,5,FALSE,FALSE
R01899,2026-01-07,???,FALSE,B,Sports,None,147,29,84,799.09,1.6%,"66,049.97","36,374.91","29,675.06",Credit Card,FALSE,3.9,FALSE,FALSE
R00163,2026-01-07,???,FALSE,C,Fashion,None,106,19,73,457.31,2.2%,"32,649.00","19,041.98","13,607.02",Credit Card,FALSE,4.4,FALSE,FALSE
R00332,2026-01-07,???,FALSE,C,Food & Beverage,None,175,28,216,541.42,3.1%,"113,320.59","74,746.01","38,574.58",E-Wallet,FALSE,4,FALSE,FALSE
R00434,2026-01-07,???,FALSE,C,Beauty,None,97,18,61,383.69,2.1%,"22,913.56","11,464.32","11,449.24",QR Payment,FALSE,4.2,FALSE,FALSE
R00826,2026-01-07,???,FALSE,C,Food & Beverage,Weekend Boost,132,17,155,677.69,6.6%,"98,109.79","58,329.79","39,780.00",E-Wallet,FALSE,4.9,FALSE,FALSE
R02308,2026-01-07,???,FALSE,C,Food & Beverage,Weekend Boost,84,16,94,412.09,4.1%,"37,148.00","22,481.53","14,666.47",Cash,FALSE,5,FALSE,FALSE
R02636,2026-01-07,???,FALSE,C,Food & Beverage,None,149,26,173,421.80,2.4%,"71,220.61","45,112.58","26,108.03",Cash,FALSE,4.2,FALSE,FALSE
R02085,2026-01-07,???,FALSE,D,Fashion,Weekend Boost,167,24,161,758.33,8.0%,"112,323.21","65,052.79","47,270.42",E-Wallet,FALSE,4.4,FALSE,FALSE
R00652,2026-01-07,???,FALSE,E,Fashion,None,116,22,88,456.94,4.5%,"38,401.03","23,032.15","15,368.88",Credit Card,FALSE,4.9,FALSE,FALSE
R00886,2026-01-07,???,FALSE,E,Fashion,None,111,21,98,414.35,2.5%,"39,591.21","24,384.00","15,207.21",QR Payment,FALSE,4.1,FALSE,FALSE
R01391,2026-01-07,???,FALSE,E,Food & Beverage,Member Day,162,27,173,597.69,5.6%,"97,609.64","56,933.38","40,676.26",Credit Card,FALSE,5,FALSE,FALSE
R01761,2026-01-07,???,FALSE,E,Fashion,None,81,17,79,134.06,4.2%,"10,145.61","5,893.13","4,252.48",Mobile Banking,FALSE,4.3,FALSE,FALSE
R02075,2026-01-07,???,FALSE,E,Food & Beverage,None,137,25,176,353.02,1.1%,"61,447.33","38,801.46","22,645.87",Cash,FALSE,4.3,FALSE,FALSE
R01377,2026-01-08,????????,FALSE,A,Food & Beverage,Weekend Boost,120,17,124,752.27,8.4%,"85,446.24","53,094.29","32,351.95",QR Payment,FALSE,4.2,FALSE,FALSE
R02104,2026-01-08,????????,FALSE,A,Fashion,None,84,19,89,340.99,3.4%,"29,316.53","16,521.69","12,794.84",QR Payment,FALSE,3.7,FALSE,FALSE
R02889,2026-01-08,????????,FALSE,A,Food & Beverage,None,152,16,185,677.77,4.1%,"120,247.04","78,150.91","42,096.13",QR Payment,FALSE,5,FALSE,FALSE
R00361,2026-01-08,????????,FALSE,B,Food & Beverage,None,140,23,171,502.24,3.6%,"82,791.35","50,711.22","32,080.13",Credit Card,FALSE,4,FALSE,FALSE
R00512,2026-01-08,????????,FALSE,B,Sports,Weekend Boost,88,24,81,39.91,7.2%,"3,000.00","1,759.92","1,240.08",Mobile Banking,FALSE,4.2,FALSE,FALSE
R01718,2026-01-08,????????,FALSE,B,Food & Beverage,None,123,23,119,668.32,4.1%,"76,268.88","46,988.18","29,280.70",Mobile Banking,FALSE,3.4,FALSE,FALSE
R02736,2026-01-08,????????,FALSE,B,Food & Beverage,Payday Promo,119,17,164,496.66,9.6%,"73,632.29","44,012.72","29,619.57",Credit Card,FALSE,4.8,FALSE,FALSE
R02933,2026-01-08,????????,FALSE,B,Electronics,None,175,30,71,"1,441.20",3.8%,"98,436.93","72,618.93","25,818.00",QR Payment,FALSE,3.4,FALSE,FALSE
R01055,2026-01-08,????????,FALSE,C,Food & Beverage,None,150,26,155,474.73,2.6%,"71,670.00","44,943.42","26,726.58",Credit Card,FALSE,4.5,FALSE,FALSE
R01199,2026-01-08,????????,FALSE,C,Beauty,None,117,28,82,269.03,0.8%,"21,883.90","11,584.52","10,299.38",Credit Card,FALSE,5,FALSE,FALSE
R01245,2026-01-08,????????,FALSE,C,Fashion,Payday Promo,230,30,219,838.01,9.6%,"165,906.85","97,597.31","68,309.54",Credit Card,FALSE,3.7,FALSE,FALSE
R01013,2026-01-08,????????,FALSE,D,Food & Beverage,Payday Promo,136,22,160,492.69,10.5%,"70,553.39","41,603.40","28,949.99",QR Payment,FALSE,4.6,FALSE,FALSE
R02787,2026-01-08,????????,FALSE,D,Electronics,None,201,28,83,"1,603.98",3.7%,"128,204.73","91,318.77","36,885.96",E-Wallet,FALSE,3.7,FALSE,FALSE
R00046,2026-01-08,????????,FALSE,E,Fashion,Member Day,97,18,85,551.80,9.5%,"42,447.15","24,691.38","17,755.77",Credit Card,FALSE,3.7,FALSE,FALSE
R00433,2026-01-08,????????,FALSE,E,Electronics,Clearance Sale,77,15,31,926.67,21.0%,"22,694.11","15,787.84","6,906.27",E-Wallet,TRUE,3.1,FALSE,FALSE
R01743,2026-01-08,????????,FALSE,E,Sports,Weekend Boost,131,20,74,"1,151.37",5.8%,"80,259.53","47,131.27","33,128.26",Cash,FALSE,4.9,FALSE,FALSE
R02154,2026-01-08,????????,FALSE,E,Home & Living,None,158,29,104,902.62,2.7%,"91,338.02","58,253.74","33,084.28",Cash,FALSE,4.5,FALSE,FALSE
R02268,2026-01-08,????????,FALSE,E,Food & Beverage,None,169,26,227,495.90,3.0%,"109,192.24","65,903.51","43,288.73",Mobile Banking,FALSE,5,FALSE,FALSE
R02359,2026-01-08,????????,FALSE,E,Sports,Member Day,168,20,106,"1,464.70",7.5%,"143,613.96","81,894.68","61,719.28",Mobile Banking,FALSE,4.9,FALSE,FALSE
R00631,2026-01-09,?????,FALSE,A,Sports,None,165,24,98,"1,109.79",3.8%,"104,626.95","57,374.63","47,252.32",Mobile Banking,FALSE,4,FALSE,FALSE
R01944,2026-01-09,?????,FALSE,A,Home & Living,None,110,17,65,"1,118.77",2.8%,"70,683.82","46,688.16","23,995.66",Credit Card,FALSE,4.2,FALSE,FALSE
R02121,2026-01-09,?????,FALSE,B,Fashion,None,168,32,152,534.71,2.5%,"79,244.48","44,342.01","34,902.47",Credit Card,FALSE,4.2,FALSE,FALSE
R02361,2026-01-09,?????,FALSE,B,Fashion,Weekend Boost,175,28,141,750.33,7.8%,"97,544.86","54,757.60","42,787.26",E-Wallet,FALSE,4.1,FALSE,FALSE
R02817,2026-01-09,?????,FALSE,B,Food & Beverage,None,84,22,105,108.47,3.5%,"10,990.89","6,753.89","4,237.00",Cash,FALSE,4.1,FALSE,FALSE
R00732,2026-01-09,?????,FALSE,C,Beauty,None,132,23,92,596.65,4.8%,"52,256.69","26,966.50","25,290.19",E-Wallet,FALSE,3.9,FALSE,FALSE
R01170,2026-01-09,?????,FALSE,C,Food & Beverage,None,147,25,170,416.21,4.8%,"67,359.85","43,654.73","23,705.12",Cash,FALSE,3.7,FALSE,FALSE
R01312,2026-01-09,?????,FALSE,C,Fashion,Payday Promo,165,27,132,862.70,9.5%,"103,058.69","63,236.34","39,822.35",E-Wallet,FALSE,4.1,FALSE,FALSE
R02560,2026-01-09,?????,FALSE,C,Home & Living,None,111,19,64,776.53,2.8%,"48,306.11","31,300.55","17,005.56",E-Wallet,FALSE,4.3,FALSE,FALSE
R02647,2026-01-09,?????,FALSE,C,Fashion,Payday Promo,149,27,132,679.61,9.2%,"81,455.43","47,939.03","33,516.40",Credit Card,FALSE,4.5,FALSE,FALSE
R02839,2026-01-09,?????,FALSE,C,Beauty,None,162,20,113,973.47,3.3%,"106,372.20","59,495.46","46,876.74",QR Payment,FALSE,3.4,FALSE,FALSE
R01605,2026-01-09,?????,FALSE,D,Food & Beverage,None,127,21,146,496.10,4.4%,"69,244.15","42,910.26","26,333.89",E-Wallet,FALSE,4.8,FALSE,FALSE
R02227,2026-01-09,?????,FALSE,D,Electronics,None,147,30,58,"1,210.42",1.8%,"68,940.56","52,127.75","16,812.81",Credit Card,FALSE,4.4,FALSE,FALSE
R02387,2026-01-09,?????,FALSE,D,Food & Beverage,Weekend Boost,131,20,151,656.44,8.6%,"90,597.57","55,604.13","34,993.44",Mobile Banking,FALSE,4.6,FALSE,FALSE
R02711,2026-01-09,?????,FALSE,D,Electronics,Member Day,101,18,32,"1,314.23",7.9%,"38,733.05","27,678.95","11,054.10",Credit Card,TRUE,3.5,FALSE,FALSE
R01078,2026-01-10,?????,TRUE,A,Sports,Weekend Boost,189,27,103,"1,478.83",6.1%,"143,027.58","81,654.72","61,372.86",E-Wallet,FALSE,4.2,FALSE,FALSE
R01194,2026-01-10,?????,TRUE,A,Food & Beverage,None,87,20,113,329.31,4.5%,"35,537.66","22,576.15","12,961.51",E-Wallet,FALSE,4.5,FALSE,FALSE
R01267,2026-01-10,?????,TRUE,A,Home & Living,Member Day,169,26,73,"1,519.83",10.9%,"98,854.27","62,843.63","36,010.64",Mobile Banking,FALSE,4.2,FALSE,FALSE
R02136,2026-01-10,?????,TRUE,A,Beauty,Clearance Sale,164,25,136,"1,793.90",18.5%,"198,835.59","93,848.18","104,987.41",Credit Card,FALSE,4.1,TRUE,FALSE
R02975,2026-01-10,?????,TRUE,A,Fashion,Member Day,171,28,149,"1,199.98",9.2%,"162,348.18","96,448.86","65,899.32",Cash,FALSE,5,TRUE,FALSE
R00121,2026-01-10,?????,TRUE,B,Home & Living,None,129,24,84,832.29,0.6%,"69,492.49","47,475.35","22,017.14",Mobile Banking,FALSE,4.5,FALSE,FALSE
R00320,2026-01-10,?????,TRUE,C,Food & Beverage,Weekend Boost,221,31,282,554.69,8.0%,"143,908.70","84,152.36","59,756.34",QR Payment,FALSE,4.2,FALSE,FALSE
R00504,2026-01-10,?????,TRUE,C,Fashion,None,138,23,115,707.17,4.3%,"77,827.37","44,152.29","33,675.08",Mobile Banking,TRUE,3.2,FALSE,FALSE
R02730,2026-01-10,?????,TRUE,C,Beauty,None,95,23,73,413.55,0.7%,"29,977.92","14,591.93","15,385.99",Credit Card,FALSE,4.1,FALSE,FALSE
R00545,2026-01-10,?????,TRUE,D,Fashion,None,143,25,145,559.59,5.5%,"76,677.82","43,609.55","33,068.27",QR Payment,FALSE,5,FALSE,FALSE
R01374,2026-01-10,?????,TRUE,D,Sports,None,111,19,101,648.13,6.2%,"61,402.92","35,475.80","25,927.12",Cash,FALSE,4.4,FALSE,FALSE
R01960,2026-01-10,?????,TRUE,D,Electronics,Member Day,110,25,25,"1,947.58",6.5%,"45,524.75","32,588.15","12,936.60",E-Wallet,FALSE,3.7,FALSE,FALSE
R02283,2026-01-10,?????,TRUE,D,Electronics,None,119,15,27,"2,603.85",1.1%,"69,530.62","48,106.79","21,423.83",Mobile Banking,FALSE,5,FALSE,FALSE
R02334,2026-01-10,?????,TRUE,D,Food & Beverage,None,157,21,181,534.04,2.9%,"93,858.19","56,398.52","37,459.67",Mobile Banking,FALSE,3.8,FALSE,FALSE
R02716,2026-01-10,?????,TRUE,D,Beauty,Member Day,132,23,94,766.66,8.8%,"65,724.40","32,756.62","32,967.78",Credit Card,FALSE,4.7,FALSE,FALSE
R00277,2026-01-10,?????,TRUE,E,Beauty,None,175,20,111,"1,389.88",4.4%,"147,488.69","70,305.97","77,182.72",QR Payment,FALSE,3.9,FALSE,FALSE
R00397,2026-01-10,?????,TRUE,E,Electronics,Clearance Sale,164,25,59,"2,174.70",18.8%,"104,185.60","72,575.74","31,609.86",E-Wallet,FALSE,3.8,FALSE,FALSE
R00701,2026-01-10,?????,TRUE,E,Electronics,None,147,19,65,"1,477.09",0.0%,"96,010.61","73,571.76","22,438.85",Cash,FALSE,3.4,FALSE,FALSE
R01514,2026-01-10,?????,TRUE,E,Sports,Member Day,160,28,89,"1,010.63",7.1%,"83,559.85","45,773.73","37,786.12",E-Wallet,FALSE,4.3,FALSE,FALSE
R00212,2026-01-11,???????,TRUE,A,Fashion,None,74,17,56,251.26,3.3%,"13,606.25","7,882.65","5,723.60",E-Wallet,FALSE,4.9,FALSE,FALSE
R00508,2026-01-11,???????,TRUE,A,Fashion,Weekend Boost,45,14,21,153.61,7.0%,"3,000.00","1,771.08","1,228.92",Credit Card,FALSE,4.5,FALSE,FALSE
R00067,2026-01-11,???????,TRUE,B,Food & Beverage,Weekend Boost,141,22,168,500.13,8.6%,"76,795.56","48,978.38","27,817.18",Credit Card,FALSE,4.1,FALSE,FALSE
R00733,2026-01-11,???????,TRUE,B,Food & Beverage,None,139,23,145,446.84,3.5%,"62,524.32","38,998.08","23,526.24",Mobile Banking,FALSE,5,FALSE,FALSE
R00257,2026-01-11,???????,TRUE,C,Fashion,Payday Promo,91,24,83,344.49,9.6%,"25,847.43","15,279.81","10,567.62",E-Wallet,FALSE,4.8,FALSE,FALSE
R01239,2026-01-11,???????,TRUE,C,Electronics,None,115,18,63,"1,048.82",2.9%,"64,159.57","46,207.37","17,952.20",E-Wallet,FALSE,4.2,FALSE,FALSE
R00560,2026-01-11,???????,TRUE,D,Electronics,Payday Promo,152,23,77,"1,332.25",10.2%,"92,119.90","68,987.22","23,132.68",Mobile Banking,FALSE,4.9,FALSE,FALSE
R00694,2026-01-11,???????,TRUE,D,Beauty,None,108,22,80,496.73,2.8%,"38,625.81","19,574.92","19,050.89",Credit Card,FALSE,4.1,FALSE,FALSE
R01408,2026-01-11,???????,TRUE,D,Home & Living,None,162,34,95,380.20,2.2%,"35,324.78","23,196.11","12,128.67",Credit Card,FALSE,3.9,FALSE,FALSE
R02343,2026-01-11,???????,TRUE,D,Food & Beverage,None,182,28,239,446.60,2.9%,"103,641.71","66,968.58","36,673.13",Credit Card,FALSE,4,FALSE,FALSE
R02635,2026-01-11,???????,TRUE,D,Fashion,None,179,27,144,759.64,3.4%,"105,668.71","59,978.26","45,690.45",Cash,FALSE,4.2,FALSE,FALSE
R00069,2026-01-11,???????,TRUE,E,Fashion,Member Day,67,16,86,37.35,6.6%,"3,000.00","1,782.43","1,217.57",Cash,FALSE,4.6,FALSE,FALSE
R00165,2026-01-11,???????,TRUE,E,Fashion,Member Day,126,22,92,640.91,7.8%,"54,364.13","33,373.01","20,991.12",Credit Card,FALSE,4.2,FALSE,FALSE
R00253,2026-01-11,???????,TRUE,E,Beauty,Clearance Sale,103,24,68,666.36,19.5%,"36,476.44","17,298.73","19,177.71",E-Wallet,FALSE,4.1,FALSE,FALSE
R00698,2026-01-11,???????,TRUE,E,Fashion,None,160,27,119,809.74,2.2%,"94,238.83","54,786.17","39,452.66",E-Wallet,FALSE,3.9,FALSE,FALSE
R01479,2026-01-11,???????,TRUE,E,Fashion,Weekend Boost,198,33,164,751.98,4.7%,"117,528.69","66,992.13","50,536.56",Credit Card,FALSE,4.5,FALSE,FALSE
R02504,2026-01-11,???????,TRUE,E,Fashion,None,112,24,110,238.86,3.1%,"25,460.05","14,466.62","10,993.43",QR Payment,FALSE,4.7,FALSE,FALSE
R00303,2026-01-12,??????,FALSE,A,Food & Beverage,None,121,17,145,"1,140.09",1.5%,"162,833.03","105,187.80","57,645.23",Mobile Banking,FALSE,3.5,TRUE,FALSE
R00920,2026-01-12,??????,FALSE,A,Home & Living,Clearance Sale,140,26,73,"1,308.15",18.3%,"78,019.56","49,024.23","28,995.33",E-Wallet,FALSE,4.6,FALSE,FALSE
R01017,2026-01-12,??????,FALSE,A,Fashion,None,154,30,129,710.05,1.3%,"90,406.08","51,371.33","39,034.75",Mobile Banking,FALSE,3.6,FALSE,FALSE
R02213,2026-01-12,??????,FALSE,A,Fashion,Weekend Boost,118,22,122,582.59,6.8%,"66,242.47","38,442.92","27,799.55",Credit Card,FALSE,4.6,FALSE,FALSE
R02951,2026-01-12,??????,FALSE,A,Home & Living,Payday Promo,175,28,117,924.45,8.7%,"98,750.56","61,810.62","36,939.94",Credit Card,FALSE,4.1,FALSE,FALSE
R01554,2026-01-12,??????,FALSE,B,Food & Beverage,None,99,15,105,583.78,5.5%,"57,925.95","36,440.30","21,485.65",E-Wallet,FALSE,4.2,FALSE,FALSE
R02702,2026-01-12,??????,FALSE,B,Electronics,Clearance Sale,177,26,58,"2,097.67",17.0%,"100,982.01","73,757.73","27,224.28",Mobile Banking,FALSE,5,FALSE,FALSE
R00191,2026-01-12,??????,FALSE,C,Food & Beverage,None,85,17,103,256.31,3.7%,"25,422.71","16,392.51","9,030.20",Cash,FALSE,3.9,FALSE,FALSE
R00401,2026-01-12,??????,FALSE,C,Fashion,Member Day,79,15,78,554.48,6.8%,"40,308.36","25,250.25","15,058.11",E-Wallet,FALSE,4.7,FALSE,FALSE
R00773,2026-01-12,??????,FALSE,C,Electronics,None,123,22,43,"1,798.69",2.1%,"75,719.56","57,936.19","17,783.37",Credit Card,FALSE,4.6,FALSE,FALSE
R01092,2026-01-12,??????,FALSE,C,Beauty,None,115,15,81,956.73,4.9%,"73,697.90","37,160.51","36,537.39",Mobile Banking,FALSE,3.6,FALSE,FALSE
R01635,2026-01-12,??????,FALSE,D,Home & Living,None,132,22,71,"1,233.52",2.5%,"85,390.31","56,785.57","28,604.74",QR Payment,FALSE,4.6,FALSE,FALSE
R01736,2026-01-12,??????,FALSE,D,Fashion,None,116,17,89,826.15,4.0%,"70,585.91","39,951.28","30,634.63",Mobile Banking,FALSE,4.1,FALSE,FALSE
R02751,2026-01-12,??????,FALSE,D,Fashion,None,110,19,89,524.48,2.9%,"45,325.08","27,052.62","18,272.46",Cash,FALSE,4.5,FALSE,FALSE
R00381,2026-01-12,??????,FALSE,E,Home & Living,Payday Promo,190,22,115,"1,382.00",10.9%,"141,606.19","94,104.37","47,501.82",Cash,FALSE,3.7,FALSE,FALSE
R02624,2026-01-12,??????,FALSE,E,Electronics,None,129,25,36,"1,558.90",3.6%,"54,100.22","39,150.44","14,949.78",Credit Card,FALSE,3.9,FALSE,FALSE
R00088,2026-01-13,??????,FALSE,A,Fashion,None,124,20,96,597.43,3.6%,"55,288.17","30,974.11","24,314.06",E-Wallet,FALSE,3.9,FALSE,FALSE
R02072,2026-01-13,??????,FALSE,A,Home & Living,Clearance Sale,141,25,92,843.45,15.8%,"65,336.73","41,672.18","23,664.55",Cash,FALSE,4.8,FALSE,FALSE
R02366,2026-01-13,??????,FALSE,A,Fashion,None,173,23,130,989.25,1.3%,"126,930.87","75,350.40","51,580.47",Mobile Banking,FALSE,4.1,FALSE,FALSE
R00991,2026-01-13,??????,FALSE,B,Food & Beverage,Clearance Sale,163,25,205,593.48,16.7%,"101,344.76","63,633.98","37,710.78",E-Wallet,FALSE,3.8,FALSE,FALSE
R01739,2026-01-13,??????,FALSE,B,Beauty,None,149,23,128,721.89,2.4%,"90,183.78","43,081.24","47,102.54",E-Wallet,FALSE,4.4,FALSE,FALSE
R00122,2026-01-13,??????,FALSE,C,Electronics,Member Day,99,19,43,"1,337.08",7.5%,"53,182.20","38,661.33","14,520.87",Credit Card,FALSE,4.3,FALSE,FALSE
R00939,2026-01-13,??????,FALSE,C,Home & Living,None,129,21,64,"1,060.99",3.2%,"65,730.54","44,147.14","21,583.40",Mobile Banking,FALSE,4.9,FALSE,FALSE
R01781,2026-01-13,??????,FALSE,C,Food & Beverage,Member Day,137,23,176,453.89,7.7%,"73,732.73","47,379.59","26,353.14",Mobile Banking,FALSE,3.4,FALSE,FALSE
R02919,2026-01-13,??????,FALSE,C,Home & Living,None,158,24,105,"1,000.90",2.4%,"102,571.92","69,505.27","33,066.65",Mobile Banking,FALSE,3.8,FALSE,FALSE
R00851,2026-01-13,??????,FALSE,D,Food & Beverage,Member Day,73,15,101,157.20,6.3%,"14,876.67","9,676.11","5,200.56",E-Wallet,FALSE,3.9,FALSE,FALSE
R02115,2026-01-13,??????,FALSE,D,Electronics,None,147,21,76,"1,287.20",4.2%,"93,718.14","70,856.73","22,861.41",Credit Card,FALSE,4.6,FALSE,FALSE
R01130,2026-01-13,??????,FALSE,E,Fashion,Member Day,114,15,89,868.56,7.6%,"71,426.95","38,900.52","32,526.43",Credit Card,FALSE,3.7,FALSE,FALSE
R01811,2026-01-13,??????,FALSE,E,Home & Living,None,78,17,45,298.65,5.4%,"12,713.50","8,259.96","4,453.54",Credit Card,FALSE,4,FALSE,FALSE
R01924,2026-01-13,??????,FALSE,E,Food & Beverage,None,138,26,162,393.99,0.8%,"63,315.59","41,134.66","22,180.93",E-Wallet,FALSE,3.6,FALSE,FALSE
R02084,2026-01-13,??????,FALSE,E,Beauty,None,138,21,104,869.12,3.3%,"87,405.66","45,156.44","42,249.22",Mobile Banking,FALSE,3.8,FALSE,FALSE
R00569,2026-01-14,???,FALSE,A,Fashion,Member Day,142,29,141,407.56,9.6%,"51,949.26","31,974.10","19,975.16",E-Wallet,FALSE,5,FALSE,FALSE
R00653,2026-01-14,???,FALSE,A,Food & Beverage,None,159,23,183,645.27,5.3%,"111,825.58","72,339.96","39,485.62",E-Wallet,FALSE,3.8,FALSE,FALSE
R01171,2026-01-14,???,FALSE,A,Fashion,Clearance Sale,147,20,128,951.87,17.1%,"101,005.26","58,685.01","42,320.25",Mobile Banking,FALSE,4.7,FALSE,FALSE
R01656,2026-01-14,???,FALSE,A,Beauty,None,134,22,108,689.94,4.0%,"71,533.39","35,301.34","36,232.05",E-Wallet,FALSE,4.1,FALSE,FALSE
R01887,2026-01-14,???,FALSE,A,Sports,Clearance Sale,127,24,63,"1,381.68",17.1%,"72,160.86","39,314.67","32,846.19",Mobile Banking,FALSE,4.3,FALSE,FALSE
R01373,2026-01-14,???,FALSE,B,Food & Beverage,None,168,28,220,417.71,5.9%,"86,473.51","52,279.46","34,194.05",Credit Card,FALSE,3.7,FALSE,FALSE
R01849,2026-01-14,???,FALSE,B,Fashion,Weekend Boost,130,26,108,608.31,4.2%,"62,938.58","36,603.81","26,334.77",Credit Card,FALSE,4.7,FALSE,FALSE
R01920,2026-01-14,???,FALSE,B,Sports,None,129,23,66,489.30,3.3%,"31,228.39","18,327.80","12,900.59",Cash,FALSE,4,FALSE,FALSE
R02122,2026-01-14,???,FALSE,B,Fashion,None,128,21,110,705.93,3.7%,"74,779.59","43,578.95","31,200.64",QR Payment,FALSE,4.5,FALSE,FALSE
R00224,2026-01-14,???,FALSE,C,Food & Beverage,Payday Promo,38,15,24,141.24,11.5%,"3,000.00","1,876.82","1,123.18",E-Wallet,FALSE,4.5,FALSE,FALSE
R00738,2026-01-14,???,FALSE,C,Beauty,None,161,29,115,895.08,3.1%,"99,743.68","47,723.26","52,020.42",QR Payment,FALSE,3.9,FALSE,FALSE
R01066,2026-01-14,???,FALSE,C,Sports,None,164,22,84,"1,461.47",2.4%,"119,817.47","68,122.75","51,694.72",Credit Card,FALSE,3.8,FALSE,FALSE
R01191,2026-01-14,???,FALSE,C,Electronics,None,156,26,54,"1,651.98",3.3%,"86,263.15","61,326.18","24,936.97",Credit Card,FALSE,4.7,FALSE,FALSE
R01534,2026-01-14,???,FALSE,C,Beauty,None,196,31,138,869.55,1.6%,"118,078.48","56,907.94","61,170.54",Cash,FALSE,4.1,FALSE,FALSE
R02634,2026-01-14,???,FALSE,C,Fashion,None,198,28,168,870.02,0.5%,"145,432.99","83,971.54","61,461.45",Cash,FALSE,4.2,FALSE,FALSE
R00259,2026-01-14,???,FALSE,D,Home & Living,Weekend Boost,128,23,80,816.84,7.7%,"60,315.59","37,134.58","23,181.01",QR Payment,FALSE,4.4,FALSE,FALSE
R01515,2026-01-14,???,FALSE,D,Food & Beverage,Member Day,67,12,93,337.12,8.2%,"28,781.45","17,467.45","11,314.00",Mobile Banking,FALSE,4.8,FALSE,FALSE
R01657,2026-01-14,???,FALSE,D,Fashion,Payday Promo,122,22,113,530.98,8.1%,"55,141.07","30,212.40","24,928.67",E-Wallet,FALSE,4.5,FALSE,FALSE
R01908,2026-01-14,???,FALSE,D,Electronics,Weekend Boost,152,26,65,"2,023.89",5.1%,"124,843.92","91,408.44","33,435.48",QR Payment,FALSE,4.1,FALSE,FALSE
R02237,2026-01-14,???,FALSE,D,Food & Beverage,Member Day,162,29,179,512.29,7.5%,"84,822.07","52,785.51","32,036.56",Cash,FALSE,4.1,FALSE,FALSE
R02821,2026-01-14,???,FALSE,D,Fashion,Weekend Boost,112,21,104,415.43,8.9%,"39,359.05","22,787.84","16,571.21",Mobile Banking,FALSE,4,FALSE,FALSE
R01730,2026-01-14,???,FALSE,E,Electronics,Payday Promo,132,23,54,"1,384.61",12.2%,"65,647.15","46,215.63","19,431.52",Mobile Banking,FALSE,4.6,FALSE,FALSE
R02183,2026-01-14,???,FALSE,E,Home & Living,None,124,26,48,537.95,1.1%,"25,537.56","16,514.96","9,022.60",Credit Card,FALSE,4.3,FALSE,FALSE
R02471,2026-01-14,???,FALSE,E,Sports,None,159,23,90,"1,170.94",1.3%,"104,014.51","60,182.46","43,832.05",Credit Card,FALSE,4.5,FALSE,FALSE
R01442,2026-01-15,????????,FALSE,A,Electronics,Weekend Boost,129,21,52,"1,773.55",5.9%,"86,783.59","64,025.47","22,758.12",E-Wallet,FALSE,4,FALSE,FALSE
R01772,2026-01-15,????????,FALSE,A,Home & Living,Payday Promo,124,21,69,"1,278.74",10.5%,"78,968.71","51,697.35","27,271.36",Credit Card,FALSE,4.6,FALSE,FALSE
R02098,2026-01-15,????????,FALSE,A,Electronics,Weekend Boost,183,29,52,"2,392.52",7.7%,"114,831.38","82,320.08","32,511.30",Credit Card,FALSE,4.1,FALSE,FALSE
R02980,2026-01-15,????????,FALSE,A,Electronics,Member Day,178,31,75,"1,302.63",9.0%,"88,904.51","65,967.32","22,937.19",Cash,FALSE,4.6,FALSE,FALSE
R01071,2026-01-15,????????,FALSE,B,Sports,None,128,23,70,"1,192.23",5.2%,"79,116.08","44,852.60","34,263.48",Cash,FALSE,4.3,FALSE,FALSE
R02732,2026-01-15,????????,FALSE,B,Fashion,None,112,22,92,361.04,0.0%,"33,215.51","17,805.56","15,409.95",Mobile Banking,FALSE,4.3,FALSE,FALSE
R00174,2026-01-15,????????,FALSE,C,Electronics,Weekend Boost,188,25,55,"2,538.42",7.0%,"129,840.13","89,392.59","40,447.54",E-Wallet,FALSE,4.1,FALSE,FALSE
R02206,2026-01-15,????????,FALSE,C,Home & Living,Member Day,150,25,77,"1,231.00",6.5%,"88,626.09","55,505.37","33,120.72",Mobile Banking,FALSE,5,FALSE,FALSE
R01429,2026-01-15,????????,FALSE,D,Fashion,Member Day,115,26,75,448.54,8.5%,"30,781.02","17,833.42","12,947.60",E-Wallet,FALSE,4.8,FALSE,FALSE
R02725,2026-01-15,????????,FALSE,E,Food & Beverage,None,114,20,168,393.99,2.3%,"64,667.78","38,946.75","25,721.03",QR Payment,FALSE,3.8,FALSE,FALSE
R00958,2026-01-16,?????,FALSE,A,Fashion,None,105,17,100,500.15,2.2%,"48,914.94","27,346.58","21,568.36",Credit Card,FALSE,5,FALSE,FALSE
R01264,2026-01-16,?????,FALSE,A,Food & Beverage,None,110,18,135,556.29,3.0%,"72,845.80","45,709.11","27,136.69",Credit Card,FALSE,3.9,FALSE,FALSE
R01352,2026-01-16,?????,FALSE,A,Electronics,None,114,21,62,828.87,1.7%,"50,516.59","37,360.10","13,156.49",QR Payment,FALSE,4.2,FALSE,FALSE
R02277,2026-01-16,?????,FALSE,A,Electronics,Member Day,115,18,39,"2,255.23",11.2%,"78,103.21","56,689.30","21,413.91",Credit Card,FALSE,4.7,FALSE,FALSE
R02886,2026-01-16,?????,FALSE,A,Food & Beverage,Payday Promo,128,20,153,548.88,7.7%,"77,512.51","47,506.58","30,005.93",QR Payment,FALSE,4.9,FALSE,FALSE
R02898,2026-01-16,?????,FALSE,A,Beauty,Member Day,118,20,97,690.36,7.1%,"62,210.09","31,046.14","31,163.95",Mobile Banking,FALSE,4.8,FALSE,FALSE
R01906,2026-01-16,?????,FALSE,B,Fashion,None,121,22,91,682.35,4.4%,"59,361.99","32,854.62","26,507.37",Credit Card,FALSE,4.3,FALSE,FALSE
R02344,2026-01-16,?????,FALSE,B,Home & Living,Member Day,152,24,77,"1,464.72",8.4%,"103,309.68","64,606.88","38,702.80",Mobile Banking,FALSE,5,FALSE,FALSE
R02847,2026-01-16,?????,FALSE,B,Beauty,Clearance Sale,174,27,134,"1,031.34",18.6%,"112,494.00","51,249.83","61,244.17",Credit Card,FALSE,4,FALSE,FALSE
R00618,2026-01-16,?????,FALSE,C,Fashion,None,144,22,130,674.63,1.9%,"86,035.76","50,272.12","35,763.64",Mobile Banking,FALSE,4,FALSE,FALSE
R01422,2026-01-16,?????,FALSE,C,Fashion,None,158,24,135,765.73,3.2%,"100,065.57","59,654.41","40,411.16",QR Payment,FALSE,3.7,FALSE,FALSE
R01544,2026-01-16,?????,FALSE,C,Beauty,Member Day,100,14,76,709.67,9.7%,"48,703.10","22,935.07","25,768.03",QR Payment,FALSE,5,FALSE,FALSE
R01584,2026-01-16,?????,FALSE,C,Food & Beverage,Weekend Boost,71,18,81,80.97,9.8%,"5,916.07","3,531.89","2,384.18",E-Wallet,FALSE,4.6,FALSE,FALSE
R00369,2026-01-16,?????,FALSE,D,Fashion,None,89,20,69,206.05,3.1%,"13,776.73","7,838.82","5,937.91",QR Payment,FALSE,4.6,FALSE,FALSE
R00598,2026-01-16,?????,FALSE,D,Electronics,Clearance Sale,129,23,54,"1,437.12",17.6%,"63,946.02","45,708.39","18,237.63",QR Payment,FALSE,3.7,FALSE,FALSE
R00745,2026-01-16,?????,FALSE,D,Electronics,None,87,21,5,879.41,4.3%,"4,207.99","2,930.02","1,277.97",E-Wallet,FALSE,3.5,FALSE,FALSE
R01521,2026-01-16,?????,FALSE,D,Food & Beverage,None,151,24,163,631.05,4.6%,"98,129.74","58,998.96","39,130.78",Credit Card,FALSE,4.8,FALSE,FALSE
R01891,2026-01-16,?????,FALSE,D,Beauty,None,113,21,88,549.52,2.3%,"47,245.24","23,434.45","23,810.79",Cash,FALSE,3.7,FALSE,FALSE
R02613,2026-01-16,?????,FALSE,D,Food & Beverage,Weekend Boost,82,22,118,128.70,6.7%,"14,168.68","8,297.17","5,871.51",E-Wallet,FALSE,4.6,FALSE,FALSE
R00271,2026-01-16,?????,FALSE,E,Fashion,Member Day,119,21,73,"1,198.89",11.4%,"77,542.07","43,825.27","33,716.80",QR Payment,FALSE,4.3,FALSE,FALSE
R02092,2026-01-16,?????,FALSE,E,Electronics,None,239,33,90,"1,963.92",4.6%,"168,622.17","121,285.79","47,336.38",Cash,FALSE,4.6,FALSE,FALSE
R02215,2026-01-16,?????,FALSE,E,Fashion,None,113,18,91,691.22,1.5%,"61,957.95","37,645.31","24,312.64",E-Wallet,FALSE,4,FALSE,FALSE
R02539,2026-01-16,?????,FALSE,E,Fashion,None,78,15,69,610.41,0.1%,"42,076.10","24,280.71","17,795.39",Cash,FALSE,3.6,FALSE,FALSE
R02688,2026-01-16,?????,FALSE,E,Food & Beverage,Payday Promo,99,22,114,308.10,10.1%,"31,576.08","19,692.19","11,883.89",Mobile Banking,FALSE,3.9,FALSE,FALSE
R02963,2026-01-16,?????,FALSE,E,Fashion,None,128,21,125,722.33,3.8%,"86,860.02","50,794.81","36,065.21",Mobile Banking,FALSE,4.9,FALSE,FALSE
R00160,2026-01-17,?????,TRUE,A,Fashion,None,102,19,86,705.19,5.6%,"57,250.38","33,435.84","23,814.54",Mobile Banking,FALSE,3.8,FALSE,FALSE
R00285,2026-01-17,?????,TRUE,A,Food & Beverage,Weekend Boost,173,29,216,530.92,9.9%,"103,325.34","62,849.42","40,475.92",Credit Card,FALSE,4.6,FALSE,FALSE
R01206,2026-01-17,?????,TRUE,A,Electronics,Payday Promo,169,30,77,"1,218.43",12.1%,"82,467.07","60,268.43","22,198.64",Cash,FALSE,4,FALSE,FALSE
R00055,2026-01-17,?????,TRUE,C,Food & Beverage,Member Day,209,29,235,720.54,8.6%,"154,764.23","99,877.07","54,887.16",Cash,FALSE,5,FALSE,FALSE
R00062,2026-01-17,?????,TRUE,C,Fashion,None,177,28,155,743.51,4.1%,"110,519.03","63,866.77","46,652.26",Mobile Banking,FALSE,4.5,FALSE,FALSE
R01292,2026-01-17,?????,TRUE,C,Fashion,None,98,15,69,764.33,1.9%,"51,736.47","29,154.95","22,581.52",QR Payment,FALSE,4.7,FALSE,FALSE
R02615,2026-01-17,?????,TRUE,C,Beauty,Weekend Boost,132,23,77,"1,162.75",6.5%,"83,712.19","41,698.51","42,013.68",Credit Card,FALSE,3.6,FALSE,FALSE
R02632,2026-01-17,?????,TRUE,C,Food & Beverage,None,112,25,113,188.57,1.1%,"21,074.28","12,206.74","8,867.54",Credit Card,FALSE,4.8,FALSE,FALSE
R01870,2026-01-17,?????,TRUE,D,Fashion,None,142,25,116,652.88,1.4%,"74,674.37","41,350.10","33,324.27",E-Wallet,FALSE,4.3,FALSE,FALSE
R02709,2026-01-17,?????,TRUE,D,Food & Beverage,None,187,23,227,629.37,1.9%,"140,153.10","84,000.69","56,152.41",Mobile Banking,FALSE,4,FALSE,FALSE
R00286,2026-01-18,???????,TRUE,A,Electronics,None,134,23,51,"1,460.44",1.7%,"73,216.43","52,516.87","20,699.56",QR Payment,FALSE,4,FALSE,FALSE
R00538,2026-01-18,???????,TRUE,A,Electronics,Member Day,126,22,73,989.13,6.6%,"67,440.86","49,584.85","17,856.01",Credit Card,FALSE,4.5,FALSE,FALSE
R00642,2026-01-18,???????,TRUE,A,Fashion,None,175,27,161,618.56,1.5%,"98,094.95","55,686.32","42,408.63",Cash,FALSE,3.8,FALSE,FALSE
R02057,2026-01-18,???????,TRUE,A,Food & Beverage,None,132,28,157,334.57,2.1%,"51,424.30","30,510.41","20,913.89",Credit Card,FALSE,4.1,FALSE,FALSE
R02345,2026-01-18,???????,TRUE,A,Fashion,None,144,23,113,694.05,3.4%,"75,761.30","43,964.56","31,796.74",Cash,FALSE,4.3,FALSE,FALSE
R02048,2026-01-18,???????,TRUE,B,Beauty,Payday Promo,152,31,126,532.63,11.9%,"59,125.09","31,287.66","27,837.43",Credit Card,FALSE,4.5,FALSE,FALSE
R02236,2026-01-18,???????,TRUE,B,Home & Living,None,131,22,68,"1,163.81",4.5%,"75,577.79","50,294.75","25,283.04",E-Wallet,FALSE,4.2,FALSE,FALSE
R00216,2026-01-18,???????,TRUE,C,Beauty,None,133,23,110,405.55,5.9%,"41,978.53","19,728.88","22,249.65",Credit Card,FALSE,4.6,FALSE,FALSE
R02435,2026-01-18,???????,TRUE,C,Electronics,Member Day,121,21,50,"1,281.84",9.1%,"58,259.48","42,266.98","15,992.50",E-Wallet,FALSE,4.4,FALSE,FALSE
R02486,2026-01-18,???????,TRUE,C,Beauty,Weekend Boost,151,30,122,512.72,6.7%,"58,360.96","28,583.35","29,777.61",E-Wallet,FALSE,4,FALSE,FALSE
R00429,2026-01-18,???????,TRUE,D,Food & Beverage,Payday Promo,140,25,160,396.87,7.9%,"58,483.07","37,785.48","20,697.59",QR Payment,FALSE,4.7,FALSE,FALSE
R00551,2026-01-18,???????,TRUE,D,Food & Beverage,None,119,25,152,277.16,4.6%,"40,190.76","25,965.22","14,225.54",Mobile Banking,FALSE,4.4,FALSE,FALSE
R01010,2026-01-18,???????,TRUE,D,Food & Beverage,None,96,16,127,325.44,4.8%,"39,346.63","23,981.40","15,365.23",E-Wallet,FALSE,4,FALSE,FALSE
R01173,2026-01-18,???????,TRUE,D,Food & Beverage,None,153,24,179,480.43,5.5%,"81,266.50","50,637.69","30,628.81",Credit Card,FALSE,5,FALSE,FALSE
R01322,2026-01-18,???????,TRUE,D,Beauty,None,120,21,103,515.20,2.6%,"51,685.76","25,577.90","26,107.86",Mobile Banking,FALSE,4.8,FALSE,FALSE
R01527,2026-01-18,???????,TRUE,D,Sports,Payday Promo,125,24,79,646.00,8.9%,"46,491.69","26,455.07","20,036.62",E-Wallet,FALSE,4.3,FALSE,FALSE
R01729,2026-01-18,???????,TRUE,D,Home & Living,None,98,19,41,959.46,1.3%,"38,826.64","25,231.09","13,595.55",Credit Card,FALSE,3.7,FALSE,FALSE
R00269,2026-01-18,???????,TRUE,E,Beauty,None,181,31,143,680.74,2.6%,"94,815.02","46,515.39","48,299.63",Credit Card,FALSE,4.1,FALSE,FALSE
R00623,2026-01-18,???????,TRUE,E,Electronics,None,129,24,64,880.75,2.9%,"54,733.11","39,602.92","15,130.19",Mobile Banking,FALSE,4,FALSE,FALSE
R01308,2026-01-18,???????,TRUE,E,Food & Beverage,Member Day,124,21,161,555.46,9.2%,"81,201.27","49,737.13","31,464.14",QR Payment,FALSE,4.9,FALSE,FALSE
R00116,2026-01-19,??????,FALSE,A,Fashion,None,61,14,50,418.30,4.8%,"19,910.95","11,827.30","8,083.65",Mobile Banking,FALSE,4,FALSE,FALSE
R01449,2026-01-19,??????,FALSE,A,Food & Beverage,Weekend Boost,108,19,138,324.39,6.2%,"41,990.88","25,420.90","16,569.98",E-Wallet,FALSE,4.9,FALSE,FALSE
R02263,2026-01-19,??????,FALSE,A,Electronics,Weekend Boost,70,15,21,831.60,7.9%,"16,084.03","11,565.92","4,518.11",Cash,FALSE,4.5,FALSE,FALSE
R00232,2026-01-19,??????,FALSE,B,Fashion,Payday Promo,54,12,57,124.32,9.7%,"6,399.11","3,897.63","2,501.48",Mobile Banking,TRUE,3.9,FALSE,FALSE
R00451,2026-01-19,??????,FALSE,B,Food & Beverage,None,125,22,158,295.92,5.0%,"44,417.08","27,014.02","17,403.06",E-Wallet,FALSE,3.9,FALSE,FALSE
R01586,2026-01-19,??????,FALSE,B,Electronics,None,111,20,32,"1,929.66",4.9%,"58,723.45","40,534.47","18,188.98",Credit Card,FALSE,4.1,FALSE,FALSE
R01929,2026-01-19,??????,FALSE,B,Food & Beverage,Member Day,130,26,159,334.48,8.3%,"48,768.12","30,336.73","18,431.39",E-Wallet,FALSE,3.5,FALSE,FALSE
R02229,2026-01-19,??????,FALSE,B,Fashion,Payday Promo,124,15,94,"1,087.23",8.9%,"93,103.72","53,788.26","39,315.46",E-Wallet,FALSE,4.6,FALSE,FALSE
R02256,2026-01-19,??????,FALSE,B,Fashion,Payday Promo,111,25,89,357.05,9.1%,"28,885.52","15,765.31","13,120.21",Credit Card,FALSE,4.2,FALSE,FALSE
R02865,2026-01-19,??????,FALSE,B,Food & Beverage,None,133,22,162,491.72,7.4%,"73,763.93","47,193.81","26,570.12",Mobile Banking,FALSE,5,FALSE,FALSE
R02982,2026-01-19,??????,FALSE,B,Electronics,None,184,25,58,"2,569.68",1.1%,"147,402.13","99,273.14","48,128.99",Mobile Banking,FALSE,4.7,FALSE,FALSE
R00195,2026-01-19,??????,FALSE,C,Food & Beverage,None,121,18,123,656.85,1.6%,"79,499.58","49,262.76","30,236.82",Credit Card,FALSE,4.7,FALSE,FALSE
R00546,2026-01-19,??????,FALSE,C,Electronics,None,165,21,39,"3,581.03",3.1%,"135,330.77","97,107.68","38,223.09",E-Wallet,FALSE,3.9,FALSE,FALSE
R00750,2026-01-19,??????,FALSE,C,Food & Beverage,None,106,20,138,418.67,3.2%,"55,928.09","32,679.02","23,249.07",Mobile Banking,FALSE,4.5,FALSE,FALSE
R00988,2026-01-19,??????,FALSE,D,Electronics,Weekend Boost,127,23,47,"1,401.74",6.3%,"61,731.30","44,613.34","17,117.96",E-Wallet,FALSE,4.3,FALSE,FALSE
R02235,2026-01-19,??????,FALSE,D,Home & Living,None,81,22,51,61.27,4.0%,"3,000.00","1,936.81","1,063.19",QR Payment,FALSE,4.3,FALSE,FALSE
R00447,2026-01-19,??????,FALSE,E,Sports,Weekend Boost,226,30,126,"1,333.77",7.4%,"155,619.13","87,005.98","68,613.15",QR Payment,FALSE,2.8,FALSE,FALSE
R01356,2026-01-19,??????,FALSE,E,Fashion,None,144,21,117,803.31,0.0%,"93,987.12","54,538.41","39,448.71",QR Payment,FALSE,3.7,FALSE,FALSE
R01734,2026-01-19,??????,FALSE,E,Home & Living,Payday Promo,124,22,48,"1,373.29",9.9%,"59,392.11","36,966.54","22,425.57",E-Wallet,FALSE,4.3,FALSE,FALSE
R02472,2026-01-19,??????,FALSE,E,Home & Living,Weekend Boost,163,19,91,"1,339.61",5.9%,"114,711.82","71,054.17","43,657.65",Cash,FALSE,4.9,FALSE,FALSE
R01236,2026-01-20,??????,FALSE,A,Fashion,Mega Sale,144,24,102,"2,658.87",17.0%,"225,099.60","139,992.31","85,107.29",E-Wallet,FALSE,4.6,TRUE,TRUE
R02054,2026-01-20,??????,FALSE,A,Food & Beverage,Mega Sale,180,29,235,761.60,12.7%,"156,246.99","102,747.56","53,499.43",Mobile Banking,FALSE,3.8,FALSE,TRUE
R02103,2026-01-20,??????,FALSE,A,Sports,Mega Sale,84,16,40,"1,631.19",14.2%,"55,982.51","29,043.09","26,939.42",E-Wallet,FALSE,4.1,FALSE,TRUE
R00170,2026-01-20,??????,FALSE,B,Food & Beverage,Mega Sale,161,23,193,960.41,15.2%,"157,183.99","100,692.35","56,491.64",Cash,FALSE,4.8,FALSE,TRUE
R02566,2026-01-20,??????,FALSE,B,Fashion,Mega Sale,176,24,139,"1,661.29",13.7%,"199,283.62","114,392.74","84,890.88",Credit Card,FALSE,3.6,FALSE,TRUE
R00346,2026-01-20,??????,FALSE,C,Electronics,Mega Sale,145,29,53,"2,139.75",14.0%,"97,529.73","67,910.71","29,619.02",Mobile Banking,FALSE,4.8,FALSE,TRUE
R00648,2026-01-20,??????,FALSE,C,Food & Beverage,Mega Sale,155,21,173,777.95,15.1%,"114,263.52","71,509.48","42,754.04",Mobile Banking,FALSE,4.4,FALSE,TRUE
R00744,2026-01-20,??????,FALSE,C,Electronics,Mega Sale,158,26,60,"2,150.74",12.8%,"112,526.89","77,528.30","34,998.59",QR Payment,FALSE,4.1,FALSE,TRUE
R00975,2026-01-20,??????,FALSE,C,Fashion,Mega Sale,104,18,82,846.01,13.5%,"60,007.60","35,257.51","24,750.09",Mobile Banking,FALSE,4.8,FALSE,TRUE
R01562,2026-01-20,??????,FALSE,C,Food & Beverage,Mega Sale,126,21,166,636.52,15.0%,"89,813.57","57,087.66","32,725.91",Credit Card,FALSE,4.2,FALSE,TRUE
R01645,2026-01-20,??????,FALSE,C,Beauty,Mega Sale,209,32,173,"1,291.54",14.3%,"191,484.43","92,116.40","99,368.03",Mobile Banking,FALSE,3.8,FALSE,TRUE
R01876,2026-01-20,??????,FALSE,C,Fashion,Mega Sale,191,28,164,807.91,13.7%,"114,344.47","62,458.91","51,885.56",Credit Card,FALSE,4.4,FALSE,TRUE
R02788,2026-01-20,??????,FALSE,C,Beauty,Mega Sale,139,26,105,903.76,16.0%,"79,712.03","38,421.57","41,290.46",Credit Card,FALSE,5,FALSE,TRUE
R00112,2026-01-20,??????,FALSE,D,Electronics,Mega Sale,112,21,32,"2,059.58",16.3%,"55,163.75","39,123.40","16,040.35",Mobile Banking,FALSE,3.7,FALSE,TRUE
R00534,2026-01-20,??????,FALSE,D,Fashion,Mega Sale,112,20,105,922.32,13.9%,"83,382.41","50,375.21","33,007.20",Credit Card,FALSE,4,FALSE,TRUE
R01011,2026-01-20,??????,FALSE,D,Food & Beverage,Mega Sale,147,25,170,553.24,12.1%,"82,671.38","53,756.74","28,914.64",Credit Card,FALSE,5,FALSE,TRUE
R01642,2026-01-20,??????,FALSE,D,Electronics,Mega Sale,104,16,36,"3,224.97",14.9%,"98,800.05","70,707.56","28,092.49",Credit Card,FALSE,3.9,FALSE,TRUE
R02656,2026-01-20,??????,FALSE,D,Fashion,Mega Sale,117,20,122,826.86,15.9%,"84,837.80","49,821.16","35,016.64",E-Wallet,FALSE,4.3,FALSE,TRUE
R00339,2026-01-20,??????,FALSE,E,Food & Beverage,Mega Sale,110,19,156,661.16,13.9%,"88,804.99","51,020.76","37,784.23",E-Wallet,FALSE,5,FALSE,TRUE
R00594,2026-01-20,??????,FALSE,E,Fashion,Mega Sale,195,30,166,"1,254.27",13.2%,"180,724.89","100,494.60","80,230.29",Credit Card,FALSE,4.7,FALSE,TRUE
R01315,2026-01-20,??????,FALSE,E,Home & Living,Mega Sale,118,23,69,"1,404.50",15.7%,"81,695.62","50,225.54","31,470.08",E-Wallet,TRUE,4.6,FALSE,TRUE
R02743,2026-01-20,??????,FALSE,E,Home & Living,Mega Sale,164,23,102,"1,967.91",13.9%,"172,825.63","113,758.57","59,067.06",Credit Card,FALSE,4.9,FALSE,TRUE
R00484,2026-01-21,???,FALSE,B,Beauty,Payday Promo,109,20,69,"1,011.94",9.6%,"63,120.80","32,226.45","30,894.35",Credit Card,FALSE,4.5,FALSE,FALSE
R00641,2026-01-21,???,FALSE,B,Fashion,None,96,20,83,89.91,3.3%,"7,216.29","4,335.21","2,881.08",Credit Card,FALSE,4,FALSE,FALSE
R00976,2026-01-21,???,FALSE,B,Fashion,Weekend Boost,169,28,155,656.38,8.5%,"93,091.54","55,678.02","37,413.52",E-Wallet,FALSE,4.2,FALSE,FALSE
R01133,2026-01-21,???,FALSE,B,Fashion,Weekend Boost,101,19,66,540.29,7.2%,"33,091.73","20,375.78","12,715.95",E-Wallet,FALSE,4.1,FALSE,FALSE
R01255,2026-01-21,???,FALSE,B,Fashion,Member Day,139,25,121,649.75,9.8%,"70,915.08","41,899.06","29,016.02",Mobile Banking,FALSE,3.6,FALSE,FALSE
R02250,2026-01-21,???,FALSE,B,Food & Beverage,None,154,25,176,497.22,0.9%,"86,723.63","54,014.31","32,709.32",Credit Card,FALSE,4.5,FALSE,FALSE
R02897,2026-01-21,???,FALSE,B,Food & Beverage,None,120,23,120,364.55,3.4%,"42,258.81","26,352.01","15,906.80",Cash,FALSE,5,FALSE,FALSE
R02908,2026-01-21,???,FALSE,B,Electronics,Weekend Boost,214,33,62,"2,331.45",5.3%,"136,888.66","95,383.44","41,505.22",Credit Card,FALSE,4.1,FALSE,FALSE
R02596,2026-01-21,???,FALSE,C,Fashion,None,205,30,186,810.02,3.4%,"145,541.41","87,786.68","57,754.73",Credit Card,FALSE,3.3,FALSE,FALSE
R02863,2026-01-21,???,FALSE,C,Food & Beverage,None,149,22,187,573.46,3.1%,"103,912.69","68,645.64","35,267.05",Mobile Banking,FALSE,3.3,FALSE,FALSE
R00317,2026-01-21,???,FALSE,D,Food & Beverage,None,139,13,180,644.20,3.6%,"111,781.57","68,966.01","42,815.56",Credit Card,FALSE,4,FALSE,FALSE
R01271,2026-01-21,???,FALSE,D,Electronics,Member Day,136,22,69,"1,299.85",8.6%,"81,976.54","60,838.97","21,137.57",Cash,FALSE,3.7,FALSE,FALSE
R02784,2026-01-21,???,FALSE,D,Beauty,None,81,17,62,303.60,2.7%,"18,315.14","8,756.08","9,559.06",Cash,FALSE,4,FALSE,FALSE
R02834,2026-01-21,???,FALSE,D,Beauty,None,165,25,125,772.48,1.0%,"95,593.87","49,399.30","46,194.57",Mobile Banking,FALSE,3.8,FALSE,FALSE
R02922,2026-01-21,???,FALSE,D,Food & Beverage,None,106,24,132,231.73,2.3%,"29,884.88","18,152.56","11,732.32",QR Payment,FALSE,4,FALSE,FALSE
R00550,2026-01-22,????????,FALSE,A,Food & Beverage,None,168,26,203,526.87,2.3%,"104,494.21","68,131.67","36,362.54",Cash,FALSE,4.7,FALSE,FALSE
R01301,2026-01-22,????????,FALSE,A,Home & Living,None,151,26,85,864.20,5.1%,"69,710.66","47,328.07","22,382.59",QR Payment,FALSE,4.2,FALSE,FALSE
R01880,2026-01-22,????????,FALSE,A,Food & Beverage,None,166,27,200,560.12,5.1%,"106,310.89","64,535.61","41,775.28",E-Wallet,FALSE,5,FALSE,FALSE
R02063,2026-01-22,????????,FALSE,A,Electronics,None,138,23,61,"1,632.81",3.2%,"96,414.22","71,855.55","24,558.67",Credit Card,FALSE,3.7,FALSE,FALSE
R02399,2026-01-22,????????,FALSE,A,Fashion,None,103,23,80,396.04,4.8%,"30,162.36","17,253.80","12,908.56",Cash,FALSE,3.6,FALSE,FALSE
R02606,2026-01-22,????????,FALSE,A,Sports,None,33,15,5,621.76,3.5%,"3,000.00","1,821.68","1,178.32",E-Wallet,FALSE,4.8,FALSE,FALSE
R02802,2026-01-22,????????,FALSE,A,Home & Living,None,150,24,76,"1,293.00",2.8%,"95,516.57","62,682.84","32,833.73",Credit Card,FALSE,4.1,FALSE,FALSE
R00639,2026-01-22,????????,FALSE,B,Home & Living,Clearance Sale,172,18,77,"2,252.59",18.1%,"142,055.32","95,232.51","46,822.81",E-Wallet,FALSE,4.3,FALSE,FALSE
R01054,2026-01-22,????????,FALSE,B,Food & Beverage,None,104,18,117,468.52,4.6%,"52,295.41","32,091.45","20,203.96",Credit Card,FALSE,3.7,FALSE,FALSE
R02929,2026-01-22,????????,FALSE,B,Food & Beverage,None,125,21,150,444.85,0.0%,"66,728.18","41,551.49","25,176.69",Mobile Banking,FALSE,3,FALSE,FALSE
R00076,2026-01-22,????????,FALSE,C,Home & Living,None,140,28,84,748.03,3.0%,"60,949.84","40,166.81","20,783.03",Credit Card,FALSE,3.8,FALSE,FALSE
R01293,2026-01-22,????????,FALSE,D,Fashion,None,91,19,65,307.34,6.4%,"18,698.47","10,603.19","8,095.28",Credit Card,FALSE,3.9,FALSE,FALSE
R01081,2026-01-22,????????,FALSE,E,Food & Beverage,None,167,25,209,591.23,4.2%,"118,377.40","72,532.16","45,845.24",Credit Card,FALSE,4.4,FALSE,FALSE
R01124,2026-01-22,????????,FALSE,E,Electronics,None,130,23,65,"1,063.56",2.2%,"67,610.65","47,125.54","20,485.11",E-Wallet,FALSE,4.4,FALSE,FALSE
R00178,2026-01-23,?????,FALSE,A,Home & Living,None,97,18,46,"1,165.21",2.2%,"52,420.30","35,113.43","17,306.87",Credit Card,FALSE,4.7,FALSE,FALSE
R00415,2026-01-23,?????,FALSE,A,Food & Beverage,Member Day,186,26,236,640.64,7.5%,"139,850.66","86,870.85","52,979.81",Cash,FALSE,4.1,FALSE,FALSE
R00624,2026-01-23,?????,FALSE,A,Fashion,None,140,27,125,529.00,4.8%,"62,950.72","37,245.72","25,705.00",E-Wallet,FALSE,4.7,FALSE,FALSE
R01935,2026-01-23,?????,FALSE,A,Electronics,Weekend Boost,157,28,66,"1,281.21",5.8%,"79,655.35","60,082.40","19,572.95",Mobile Banking,FALSE,4.4,FALSE,FALSE
R02045,2026-01-23,?????,FALSE,A,Fashion,None,158,22,158,819.82,4.3%,"123,961.84","71,086.38","52,875.46",Cash,FALSE,3.8,FALSE,FALSE
R02128,2026-01-23,?????,FALSE,A,Food & Beverage,None,97,21,125,185.93,5.1%,"22,056.36","14,663.22","7,393.14",QR Payment,FALSE,3.4,FALSE,FALSE
R02353,2026-01-23,?????,FALSE,A,Home & Living,None,224,29,110,"1,637.55",3.7%,"173,465.49","112,644.50","60,820.99",Cash,FALSE,3.3,FALSE,FALSE
R02434,2026-01-23,?????,FALSE,A,Sports,Payday Promo,132,23,96,811.27,12.5%,"68,146.40","38,296.05","29,850.35",Cash,FALSE,4.6,FALSE,FALSE
R00544,2026-01-23,?????,FALSE,B,Home & Living,None,166,23,96,"1,231.05",2.4%,"115,344.03","76,277.63","39,066.40",Credit Card,FALSE,4.3,FALSE,FALSE
R00899,2026-01-23,?????,FALSE,B,Electronics,None,177,29,93,"1,245.59",4.7%,"110,395.70","77,182.36","33,213.34",Credit Card,FALSE,5,FALSE,FALSE
R00140,2026-01-23,?????,FALSE,C,Food & Beverage,Payday Promo,182,26,214,659.67,11.8%,"124,511.79","76,378.40","48,133.39",Mobile Banking,FALSE,4.5,FALSE,FALSE
R00611,2026-01-23,?????,FALSE,C,Fashion,None,162,26,138,620.97,3.2%,"82,951.47","45,674.23","37,277.24",Mobile Banking,FALSE,4.4,FALSE,FALSE
R01496,2026-01-23,?????,FALSE,C,Food & Beverage,None,107,25,124,139.40,2.1%,"16,923.00","10,145.38","6,777.62",QR Payment,FALSE,4.7,FALSE,FALSE
R02432,2026-01-23,?????,FALSE,C,Home & Living,Member Day,141,20,70,"1,517.35",7.2%,"98,566.79","64,516.73","34,050.06",E-Wallet,FALSE,4.3,FALSE,FALSE
R00356,2026-01-23,?????,FALSE,D,Electronics,Weekend Boost,124,18,50,"1,887.90",6.5%,"88,259.51","64,763.95","23,495.56",Credit Card,FALSE,4.7,FALSE,FALSE
R00946,2026-01-23,?????,FALSE,D,Food & Beverage,None,122,23,137,461.00,5.3%,"59,809.25","37,699.81","22,109.44",Credit Card,FALSE,3.9,FALSE,FALSE
R01369,2026-01-23,?????,FALSE,D,Electronics,Weekend Boost,116,23,40,838.39,5.0%,"31,858.77","23,966.00","7,892.77",QR Payment,FALSE,4.2,FALSE,FALSE
R01497,2026-01-23,?????,FALSE,D,Sports,None,142,22,67,"1,530.81",1.7%,"100,820.93","59,971.72","40,849.21",QR Payment,FALSE,3.9,FALSE,FALSE
R01931,2026-01-23,?????,FALSE,D,Food & Beverage,Weekend Boost,174,26,220,488.30,5.3%,"101,732.02","61,528.83","40,203.19",Mobile Banking,FALSE,5,FALSE,FALSE
R00461,2026-01-23,?????,FALSE,E,Fashion,Weekend Boost,174,18,155,995.50,5.6%,"145,661.77","80,359.04","65,302.73",Credit Card,FALSE,3.8,FALSE,FALSE
R01791,2026-01-23,?????,FALSE,E,Home & Living,Clearance Sale,155,25,83,"1,269.04",14.3%,"90,268.28","59,469.87","30,798.41",E-Wallet,FALSE,4.8,FALSE,FALSE
R02428,2026-01-23,?????,FALSE,E,Beauty,None,114,24,96,431.64,1.5%,"40,815.60","19,133.38","21,682.22",Cash,FALSE,4,FALSE,FALSE
R02474,2026-01-23,?????,FALSE,E,Sports,None,88,18,42,625.86,3.2%,"25,445.04","14,403.19","11,041.85",Mobile Banking,FALSE,4.7,FALSE,FALSE
R02261,2026-01-24,?????,TRUE,A,Fashion,None,186,29,147,"1,292.99",1.9%,"186,458.34","111,089.65","75,368.69",Credit Card,FALSE,4,TRUE,FALSE
R02582,2026-01-24,?????,TRUE,A,Beauty,Payday Promo,158,17,118,"1,107.03",9.4%,"118,350.19","58,017.84","60,332.35",Cash,FALSE,4.8,FALSE,FALSE
R00927,2026-01-24,?????,TRUE,B,Electronics,None,157,22,62,"1,882.28",3.4%,"112,733.24","81,447.98","31,285.26",QR Payment,FALSE,4.2,FALSE,FALSE
R01021,2026-01-24,?????,TRUE,B,Home & Living,None,186,29,106,"1,220.24",2.1%,"126,628.71","83,490.96","43,137.75",Cash,FALSE,4.5,FALSE,FALSE
R02383,2026-01-24,?????,TRUE,B,Fashion,None,197,32,154,794.83,1.2%,"120,935.47","69,447.15","51,488.32",QR Payment,FALSE,4.1,FALSE,FALSE
R02782,2026-01-24,?????,TRUE,B,Electronics,Clearance Sale,118,15,43,"2,407.52",18.5%,"84,371.69","59,128.12","25,243.57",QR Payment,FALSE,4.8,FALSE,FALSE
R00034,2026-01-24,?????,TRUE,C,Food & Beverage,None,107,21,142,396.28,2.7%,"54,753.09","33,566.14","21,186.95",E-Wallet,FALSE,4.5,FALSE,FALSE
R02844,2026-01-24,?????,TRUE,C,Beauty,Member Day,157,26,110,839.82,6.7%,"86,190.45","43,442.55","42,747.90",Cash,FALSE,4,FALSE,FALSE
R00514,2026-01-24,?????,TRUE,D,Fashion,None,195,28,167,792.97,4.3%,"126,731.12","74,534.82","52,196.30",Mobile Banking,FALSE,4.1,FALSE,FALSE
R01163,2026-01-24,?????,TRUE,D,Sports,None,161,28,77,"1,229.07",5.4%,"89,527.73","50,002.03","39,525.70",Mobile Banking,FALSE,4.1,FALSE,FALSE
R01250,2026-01-24,?????,TRUE,D,Food & Beverage,Member Day,171,26,206,618.24,8.1%,"117,040.72","73,191.09","43,849.63",Cash,FALSE,4.7,FALSE,FALSE
R01725,2026-01-24,?????,TRUE,D,Beauty,None,123,20,104,838.91,2.1%,"85,414.45","39,914.61","45,499.84",Mobile Banking,FALSE,4.3,FALSE,FALSE
R01831,2026-01-24,?????,TRUE,D,Home & Living,None,129,17,73,"1,247.34",2.3%,"88,961.45","56,644.33","32,317.12",Cash,FALSE,4.8,FALSE,FALSE
R02327,2026-01-24,?????,TRUE,D,Sports,None,208,26,133,"1,278.83",3.0%,"164,981.81","94,935.70","70,046.11",Credit Card,FALSE,5,FALSE,FALSE
R01487,2026-01-24,?????,TRUE,E,Fashion,None,120,22,84,680.05,4.6%,"54,496.77","33,061.35","21,435.42",Credit Card,FALSE,3.7,FALSE,FALSE
R02503,2026-01-24,?????,TRUE,E,Food & Beverage,None,78,16,97,193.46,2.6%,"18,278.00","11,776.30","6,501.70",E-Wallet,FALSE,4.5,FALSE,FALSE
R02815,2026-01-24,?????,TRUE,E,Fashion,Weekend Boost,189,31,173,751.44,6.9%,"121,029.12","70,501.59","50,527.53",QR Payment,FALSE,4.4,FALSE,FALSE
R00754,2026-01-25,???????,TRUE,A,Home & Living,Member Day,160,20,81,"1,514.53",6.6%,"114,580.21","68,922.49","45,657.72",Credit Card,FALSE,4.7,FALSE,FALSE
R00857,2026-01-25,???????,TRUE,A,Fashion,Member Day,72,19,53,594.56,11.2%,"27,982.38","16,110.43","11,871.95",QR Payment,FALSE,4.3,FALSE,FALSE
R02939,2026-01-25,???????,TRUE,A,Fashion,None,199,29,143,927.86,0.1%,"132,551.33","73,826.82","58,724.51",QR Payment,FALSE,4.2,FALSE,FALSE
R00842,2026-01-25,???????,TRUE,B,Electronics,Member Day,73,23,52,62.44,7.6%,"3,000.00","2,149.70",850.30,QR Payment,FALSE,4,FALSE,FALSE
R01217,2026-01-25,???????,TRUE,B,Fashion,None,189,29,148,887.92,5.2%,"124,578.20","70,889.92","53,688.28",Cash,FALSE,4.1,FALSE,FALSE
R01948,2026-01-25,???????,TRUE,B,Sports,None,131,21,73,942.72,4.2%,"65,928.28","36,859.34","29,068.94",Credit Card,FALSE,5,FALSE,FALSE
R01378,2026-01-25,???????,TRUE,C,Food & Beverage,None,104,21,104,380.36,2.2%,"38,687.00","24,668.15","14,018.85",Credit Card,FALSE,3.6,FALSE,FALSE
R01971,2026-01-25,???????,TRUE,C,Food & Beverage,Member Day,198,31,231,582.77,8.9%,"122,638.02","70,660.00","51,978.02",Credit Card,FALSE,5,FALSE,FALSE
R02038,2026-01-25,???????,TRUE,C,Food & Beverage,None,130,24,150,367.63,0.6%,"54,814.20","34,078.75","20,735.45",Mobile Banking,FALSE,4.8,FALSE,FALSE
R02395,2026-01-25,???????,TRUE,C,Fashion,Member Day,119,22,95,630.14,6.5%,"55,972.39","32,508.27","23,464.12",Credit Card,FALSE,4.8,FALSE,FALSE
R02573,2026-01-25,???????,TRUE,C,Fashion,None,186,31,163,603.30,2.2%,"96,174.40","54,141.19","42,033.21",Credit Card,FALSE,4.5,FALSE,FALSE
R02691,2026-01-25,???????,TRUE,C,Fashion,None,195,32,183,575.77,5.0%,"100,097.33","61,174.65","38,922.68",Credit Card,FALSE,4,FALSE,FALSE
R00481,2026-01-25,???????,TRUE,D,Sports,Member Day,117,23,53,660.37,4.7%,"33,354.73","19,772.23","13,582.50",QR Payment,FALSE,4.8,FALSE,FALSE
R02135,2026-01-25,???????,TRUE,D,Fashion,None,139,20,119,742.24,2.2%,"86,382.94","52,082.29","34,300.65",Credit Card,FALSE,4.9,FALSE,FALSE
R02253,2026-01-25,???????,TRUE,E,Home & Living,Member Day,123,18,60,"1,592.83",7.2%,"88,688.72","58,904.67","29,784.05",Credit Card,FALSE,4.2,FALSE,FALSE
R02416,2026-01-25,???????,TRUE,E,Food & Beverage,Weekend Boost,150,20,176,656.86,7.5%,"106,936.29","68,342.93","38,593.36",Credit Card,FALSE,4.3,FALSE,FALSE
R00393,2026-01-26,??????,FALSE,A,Fashion,None,107,20,98,518.06,2.8%,"49,348.40","28,078.50","21,269.90",Mobile Banking,FALSE,4.4,FALSE,FALSE
R01083,2026-01-26,??????,FALSE,A,Fashion,None,107,15,108,681.66,3.4%,"71,115.77","40,741.22","30,374.55",QR Payment,FALSE,3.7,FALSE,FALSE
R01115,2026-01-26,??????,FALSE,A,Beauty,None,192,29,157,668.28,4.2%,"100,513.70","46,788.83","53,724.87",Mobile Banking,FALSE,4.6,FALSE,FALSE
R02053,2026-01-26,??????,FALSE,A,Home & Living,Member Day,70,16,54,318.77,9.6%,"15,561.23","10,179.76","5,381.47",Mobile Banking,FALSE,4.3,FALSE,FALSE
R02226,2026-01-26,??????,FALSE,A,Home & Living,None,110,18,54,949.16,2.4%,"50,024.47","32,778.36","17,246.11",Credit Card,FALSE,3.8,FALSE,FALSE
R02447,2026-01-26,??????,FALSE,A,Electronics,Payday Promo,113,16,22,"3,216.66",11.0%,"62,982.28","47,852.89","15,129.39",Mobile Banking,FALSE,4.3,FALSE,FALSE
R02645,2026-01-26,??????,FALSE,A,Food & Beverage,None,160,22,191,640.53,3.9%,"117,569.56","73,427.53","44,142.03",Credit Card,FALSE,4.2,FALSE,FALSE
R02849,2026-01-26,??????,FALSE,A,Electronics,Clearance Sale,178,26,77,"3,178.18",18.3%,"199,936.00","137,485.06","62,450.94",Mobile Banking,TRUE,3.8,TRUE,FALSE
R00855,2026-01-26,??????,FALSE,B,Home & Living,Payday Promo,178,30,117,"1,001.85",12.2%,"102,915.72","68,257.21","34,658.51",E-Wallet,FALSE,5,FALSE,FALSE
R01367,2026-01-26,??????,FALSE,B,Beauty,None,144,23,103,920.03,3.9%,"91,067.73","41,375.80","49,691.93",Credit Card,FALSE,4.2,FALSE,FALSE
R02905,2026-01-26,??????,FALSE,B,Fashion,Member Day,172,28,125,877.59,8.6%,"100,264.11","59,820.86","40,443.25",Credit Card,FALSE,3.6,FALSE,FALSE
R00513,2026-01-26,??????,FALSE,C,Fashion,None,156,20,123,903.16,3.2%,"107,533.48","61,732.42","45,801.06",Credit Card,FALSE,4.4,FALSE,FALSE
R00529,2026-01-26,??????,FALSE,C,Beauty,Member Day,128,17,100,721.31,6.6%,"67,370.06","33,184.70","34,185.36",QR Payment,FALSE,4.2,FALSE,FALSE
R01904,2026-01-26,??????,FALSE,C,Fashion,None,99,21,92,104.30,5.2%,"9,096.63","5,556.33","3,540.30",QR Payment,FALSE,3.3,FALSE,FALSE
R00408,2026-01-26,??????,FALSE,D,Sports,None,176,27,86,"1,296.99",1.1%,"110,314.09","62,001.52","48,312.57",Credit Card,FALSE,3.9,FALSE,FALSE
R00867,2026-01-26,??????,FALSE,D,Home & Living,None,65,19,23,130.57,0.1%,"3,000.00","1,902.81","1,097.19",E-Wallet,FALSE,4.5,FALSE,FALSE
R00868,2026-01-26,??????,FALSE,D,Sports,None,179,26,103,"1,172.65",3.2%,"116,918.25","69,799.26","47,118.99",QR Payment,FALSE,4.7,FALSE,FALSE
R01637,2026-01-26,??????,FALSE,D,Beauty,None,115,20,75,702.19,4.4%,"50,347.19","24,848.60","25,498.59",Cash,FALSE,3.8,FALSE,FALSE
R02088,2026-01-26,??????,FALSE,D,Food & Beverage,None,148,23,200,420.48,1.9%,"82,498.47","52,169.12","30,329.35",E-Wallet,FALSE,4.2,FALSE,FALSE
R01673,2026-01-26,??????,FALSE,E,Food & Beverage,None,92,19,107,345.76,2.2%,"36,182.82","22,560.20","13,622.62",E-Wallet,FALSE,3.7,FALSE,FALSE
R01251,2026-01-27,??????,FALSE,A,Food & Beverage,None,120,20,151,439.78,0.3%,"66,207.27","41,687.13","24,520.14",Credit Card,FALSE,4.8,FALSE,FALSE
R02130,2026-01-27,??????,FALSE,A,Electronics,None,78,14,36,"1,011.31",2.2%,"35,606.03","25,381.91","10,224.12",Mobile Banking,FALSE,4.1,FALSE,FALSE
R02234,2026-01-27,??????,FALSE,A,Electronics,Weekend Boost,161,22,71,"1,966.79",7.4%,"129,308.52","93,024.10","36,284.42",Credit Card,TRUE,4.3,FALSE,FALSE
R00798,2026-01-27,??????,FALSE,B,Electronics,Weekend Boost,158,19,67,"1,925.27",7.4%,"119,447.34","88,849.83","30,597.51",QR Payment,FALSE,4.4,FALSE,FALSE
R02502,2026-01-27,??????,FALSE,B,Fashion,Member Day,130,23,113,584.44,7.1%,"61,352.67","34,928.82","26,423.85",Mobile Banking,FALSE,3.9,FALSE,FALSE
R02854,2026-01-27,??????,FALSE,B,Food & Beverage,None,114,23,121,429.40,5.9%,"48,892.41","32,517.96","16,374.45",Mobile Banking,FALSE,4.2,FALSE,FALSE
R02964,2026-01-27,??????,FALSE,B,Beauty,None,106,20,72,826.42,2.3%,"58,133.95","27,691.54","30,442.41",Credit Card,FALSE,3.8,FALSE,FALSE
R00115,2026-01-27,??????,FALSE,C,Food & Beverage,None,133,25,169,480.74,3.1%,"78,727.12","46,904.78","31,822.34",Cash,FALSE,4.5,FALSE,FALSE
R00396,2026-01-27,??????,FALSE,C,Beauty,None,82,18,65,528.98,2.4%,"33,558.42","17,862.34","15,696.08",Mobile Banking,FALSE,4.2,FALSE,FALSE
R01753,2026-01-27,??????,FALSE,C,Beauty,Member Day,146,20,109,890.37,7.1%,"90,159.32","41,708.09","48,451.23",Credit Card,FALSE,3.3,FALSE,FALSE
R00571,2026-01-27,??????,FALSE,D,Food & Beverage,Clearance Sale,115,15,141,721.36,15.9%,"85,539.28","54,383.75","31,155.53",Mobile Banking,FALSE,4.2,FALSE,FALSE
R00801,2026-01-28,???,FALSE,A,Sports,Mega Sale,135,24,68,"1,466.75",14.1%,"85,675.51","46,267.34","39,408.17",Credit Card,FALSE,5,FALSE,TRUE
R01456,2026-01-28,???,FALSE,A,Sports,Mega Sale,185,31,93,"2,044.29",15.3%,"161,031.00","88,735.64","72,295.36",Mobile Banking,FALSE,4,FALSE,TRUE
R01790,2026-01-28,???,FALSE,A,Home & Living,Mega Sale,205,31,113,"2,488.21",15.4%,"237,868.26","152,981.23","84,887.03",Credit Card,FALSE,4.6,FALSE,TRUE
R02398,2026-01-28,???,FALSE,A,Sports,Mega Sale,112,23,58,718.48,15.1%,"35,379.39","20,558.80","14,820.59",QR Payment,FALSE,4,FALSE,TRUE
R02385,2026-01-28,???,FALSE,B,Fashion,Mega Sale,192,29,158,"1,514.94",15.7%,"201,780.53","114,087.11","87,693.42",Credit Card,FALSE,4.7,FALSE,TRUE
R02640,2026-01-28,???,FALSE,B,Home & Living,Mega Sale,153,27,104,"1,634.83",14.3%,"145,708.93","101,359.23","44,349.70",Credit Card,FALSE,4.3,FALSE,TRUE
R01009,2026-01-28,???,FALSE,D,Food & Beverage,Mega Sale,141,24,160,862.30,15.1%,"117,134.81","70,161.86","46,972.95",Cash,FALSE,4.1,FALSE,TRUE
R01365,2026-01-28,???,FALSE,D,Electronics,Mega Sale,121,20,46,"2,767.89",12.1%,"111,916.90","80,660.99","31,255.91",E-Wallet,FALSE,5,FALSE,TRUE
R01414,2026-01-28,???,FALSE,D,Food & Beverage,Mega Sale,169,26,199,790.40,14.1%,"135,111.64","88,886.91","46,224.73",QR Payment,FALSE,4.3,FALSE,TRUE
R02724,2026-01-28,???,FALSE,D,Fashion,Mega Sale,136,20,88,"1,369.36",15.4%,"101,946.31","58,973.73","42,972.58",Credit Card,FALSE,4.9,FALSE,TRUE
R00080,2026-01-28,???,FALSE,E,Home & Living,Mega Sale,136,22,68,"2,216.71",14.9%,"128,276.37","84,411.97","43,864.40",Credit Card,FALSE,4.1,FALSE,TRUE
R01548,2026-01-28,???,FALSE,E,Food & Beverage,Mega Sale,122,22,138,583.15,14.7%,"68,644.36","43,176.51","25,467.85",Cash,FALSE,4.6,FALSE,TRUE
R00565,2026-01-29,????????,FALSE,A,Electronics,None,82,16,29,915.22,1.2%,"26,222.92","19,213.86","7,009.06",E-Wallet,FALSE,4.1,FALSE,FALSE
R01291,2026-01-29,????????,FALSE,A,Food & Beverage,None,131,20,140,597.06,4.9%,"79,492.89","53,301.35","26,191.54",Credit Card,FALSE,3.8,FALSE,FALSE
R01415,2026-01-29,????????,FALSE,A,Home & Living,None,90,16,45,"1,173.68",3.5%,"50,967.19","32,405.12","18,562.07",E-Wallet,FALSE,3.5,FALSE,FALSE
R01491,2026-01-29,????????,FALSE,A,Fashion,None,142,21,126,859.13,2.5%,"105,544.23","63,501.76","42,042.47",Mobile Banking,FALSE,4.1,FALSE,FALSE
R02170,2026-01-29,????????,FALSE,A,Food & Beverage,Member Day,135,21,142,666.49,7.8%,"87,259.83","56,903.66","30,356.17",E-Wallet,FALSE,3.8,FALSE,FALSE
R02840,2026-01-29,????????,FALSE,A,Beauty,Weekend Boost,135,22,70,"1,170.99",7.4%,"75,903.62","37,192.51","38,711.11",Credit Card,FALSE,4.2,FALSE,FALSE
R00576,2026-01-29,????????,FALSE,B,Home & Living,None,132,21,74,"1,177.32",5.1%,"82,678.30","53,314.19","29,364.11",Cash,FALSE,4.4,FALSE,FALSE
R00960,2026-01-29,????????,FALSE,B,Fashion,None,110,20,99,701.52,6.1%,"65,214.25","37,121.11","28,093.14",Mobile Banking,FALSE,4.2,FALSE,FALSE
R00151,2026-01-29,????????,FALSE,C,Fashion,None,121,22,96,827.64,4.8%,"75,639.44","38,428.42","37,211.02",Cash,FALSE,3.9,FALSE,FALSE
R00152,2026-01-29,????????,FALSE,C,Food & Beverage,Clearance Sale,209,31,259,635.13,18.7%,"133,737.04","84,203.93","49,533.11",Mobile Banking,FALSE,4.7,FALSE,FALSE
R02958,2026-01-29,????????,FALSE,C,Food & Beverage,None,180,22,219,687.75,3.4%,"145,495.59","91,211.03","54,284.56",Credit Card,FALSE,3.8,FALSE,FALSE
R01957,2026-01-29,????????,FALSE,D,Food & Beverage,Weekend Boost,148,29,197,330.56,7.8%,"60,040.39","38,885.95","21,154.44",Credit Card,FALSE,4.8,FALSE,FALSE
R02710,2026-01-29,????????,FALSE,D,Home & Living,Payday Promo,178,28,123,898.50,10.4%,"99,022.23","65,115.84","33,906.39",Credit Card,FALSE,4.5,FALSE,FALSE
R00086,2026-01-29,????????,FALSE,E,Fashion,None,159,26,124,720.27,3.5%,"86,187.02","47,590.60","38,596.42",Credit Card,FALSE,4.5,FALSE,FALSE
R00131,2026-01-29,????????,FALSE,E,Fashion,None,52,13,47,66.84,4.5%,"3,000.00","1,670.68","1,329.32",Cash,FALSE,4.5,FALSE,FALSE
R00175,2026-01-29,????????,FALSE,E,Fashion,Weekend Boost,179,26,155,904.30,7.5%,"129,653.73","75,273.25","54,380.48",QR Payment,FALSE,4.4,FALSE,FALSE
R00905,2026-01-29,????????,FALSE,E,Food & Beverage,None,122,18,141,604.41,5.2%,"80,790.21","52,079.28","28,710.93",QR Payment,FALSE,3.8,FALSE,FALSE
R00148,2026-01-30,?????,FALSE,A,Sports,Member Day,137,24,87,"1,107.73",8.1%,"88,566.39","48,258.39","40,308.00",E-Wallet,FALSE,4.8,FALSE,FALSE
R00283,2026-01-30,?????,FALSE,A,Food & Beverage,None,242,36,291,546.50,4.5%,"151,876.27","96,412.93","55,463.34",Mobile Banking,FALSE,4.1,FALSE,FALSE
R00606,2026-01-30,?????,FALSE,A,Beauty,None,112,22,78,723.42,1.6%,"55,524.29","26,841.99","28,682.30",QR Payment,FALSE,4.2,FALSE,FALSE
R00813,2026-01-30,?????,FALSE,A,Fashion,None,96,19,84,"1,286.41",4.0%,"103,736.32","58,901.39","44,834.93",Mobile Banking,FALSE,4,TRUE,FALSE
R00928,2026-01-30,?????,FALSE,A,Beauty,Weekend Boost,104,22,80,752.94,6.3%,"56,440.28","27,985.77","28,454.51",QR Payment,FALSE,4,FALSE,FALSE
R01035,2026-01-30,?????,FALSE,A,Sports,None,154,28,97,868.33,2.5%,"82,122.29","46,397.21","35,725.08",QR Payment,FALSE,4.5,FALSE,FALSE
R02330,2026-01-30,?????,FALSE,A,Sports,None,155,23,109,869.23,1.6%,"93,229.69","53,962.64","39,267.05",Credit Card,FALSE,3.7,FALSE,FALSE
R02620,2026-01-30,?????,FALSE,A,Food & Beverage,None,128,22,162,531.57,4.9%,"81,895.28","50,438.74","31,456.54",Mobile Banking,FALSE,3.7,FALSE,FALSE
R02667,2026-01-30,?????,FALSE,A,Fashion,None,143,24,81,"1,072.32",2.9%,"84,339.32","49,676.47","34,662.85",Mobile Banking,FALSE,3.7,FALSE,FALSE
R02998,2026-01-30,?????,FALSE,A,Home & Living,None,33,10,25,121.58,1.3%,"3,000.00","2,027.86",972.14,Credit Card,FALSE,4,FALSE,FALSE
R01033,2026-01-30,?????,FALSE,B,Electronics,None,173,25,71,"2,033.00",3.7%,"139,002.27","99,083.70","39,918.57",Cash,FALSE,3.8,FALSE,FALSE
R02753,2026-01-30,?????,FALSE,B,Food & Beverage,None,150,22,187,541.90,4.4%,"96,877.09","60,233.52","36,643.57",E-Wallet,FALSE,3.8,FALSE,FALSE
R00382,2026-01-30,?????,FALSE,C,Electronics,Clearance Sale,111,20,45,"1,580.24",18.0%,"58,310.74","41,011.90","17,298.84",E-Wallet,FALSE,4.3,FALSE,FALSE
R01145,2026-01-30,?????,FALSE,C,Fashion,None,122,23,102,490.49,3.8%,"48,129.08","28,949.43","19,179.65",Cash,FALSE,4.6,FALSE,FALSE
R01307,2026-01-30,?????,FALSE,C,Electronics,None,135,24,42,"1,831.68",3.8%,"74,007.21","53,192.82","20,814.39",QR Payment,FALSE,4.4,FALSE,FALSE
R01963,2026-01-30,?????,FALSE,C,Fashion,Payday Promo,145,28,117,651.27,12.4%,"66,749.52","40,831.15","25,918.37",Credit Card,FALSE,4.2,FALSE,FALSE
R02600,2026-01-30,?????,FALSE,C,Electronics,None,98,24,39,475.01,4.1%,"17,765.83","13,052.88","4,712.95",QR Payment,FALSE,4.3,FALSE,FALSE
R02648,2026-01-30,?????,FALSE,C,Food & Beverage,Member Day,143,26,170,484.87,6.6%,"76,988.04","49,207.61","27,780.43",E-Wallet,FALSE,4.1,FALSE,FALSE
R01392,2026-01-30,?????,FALSE,D,Fashion,None,110,17,100,586.43,4.8%,"55,827.86","29,748.33","26,079.53",Cash,FALSE,3.7,FALSE,FALSE
R01436,2026-01-30,?????,FALSE,D,Home & Living,Weekend Boost,133,22,76,"1,202.72",7.0%,"85,008.01","51,646.38","33,361.63",Credit Card,FALSE,5,FALSE,FALSE
R01710,2026-01-30,?????,FALSE,D,Food & Beverage,Member Day,174,28,218,544.77,7.7%,"109,614.43","68,241.28","41,373.15",Mobile Banking,FALSE,5,FALSE,FALSE
R02029,2026-01-30,?????,FALSE,D,Fashion,None,89,14,58,"1,036.47",0.7%,"59,694.30","34,635.04","25,059.26",E-Wallet,FALSE,5,FALSE,FALSE
R02189,2026-01-30,?????,FALSE,D,Fashion,None,172,28,161,684.73,0.0%,"110,240.95","65,444.74","44,796.21",E-Wallet,FALSE,4,FALSE,FALSE
R00264,2026-01-30,?????,FALSE,E,Home & Living,None,126,20,79,862.86,3.2%,"65,984.92","39,880.50","26,104.42",QR Payment,FALSE,5,FALSE,FALSE
R00278,2026-01-30,?????,FALSE,E,Fashion,None,183,25,152,904.11,3.1%,"133,164.41","78,009.21","55,155.20",Cash,FALSE,3.8,FALSE,FALSE
R00106,2026-01-31,?????,TRUE,B,Food & Beverage,None,130,23,159,352.21,4.9%,"53,257.03","32,909.67","20,347.36",Mobile Banking,FALSE,4.4,FALSE,FALSE
R00355,2026-01-31,?????,TRUE,B,Food & Beverage,None,121,25,157,237.20,2.8%,"36,198.06","22,736.92","13,461.14",QR Payment,FALSE,4,FALSE,FALSE
R00392,2026-01-31,?????,TRUE,B,Fashion,Weekend Boost,107,20,81,383.25,4.2%,"29,739.59","17,745.69","11,993.90",E-Wallet,FALSE,3.9,FALSE,FALSE
R00637,2026-01-31,?????,TRUE,B,Fashion,Member Day,123,23,111,449.51,8.3%,"45,754.71","26,706.08","19,048.63",Credit Card,FALSE,4.3,FALSE,FALSE
R01042,2026-01-31,?????,TRUE,B,Fashion,None,156,26,140,663.84,3.0%,"90,149.68","47,898.01","42,251.67",Credit Card,FALSE,4.1,FALSE,FALSE
R02125,2026-01-31,?????,TRUE,B,Food & Beverage,Payday Promo,122,22,152,363.76,9.5%,"50,039.26","31,124.16","18,915.10",QR Payment,FALSE,4.2,FALSE,FALSE
R01799,2026-01-31,?????,TRUE,C,Beauty,None,149,27,105,707.89,1.0%,"73,585.18","37,074.96","36,510.22",Credit Card,FALSE,4.7,FALSE,FALSE
R02461,2026-01-31,?????,TRUE,C,Food & Beverage,None,138,22,161,494.39,2.7%,"77,447.01","47,171.77","30,275.24",Cash,FALSE,4.6,FALSE,FALSE
R02580,2026-01-31,?????,TRUE,C,Home & Living,Payday Promo,121,22,58,"1,204.14",9.6%,"63,135.41","39,747.82","23,387.59",Credit Card,FALSE,4.8,FALSE,FALSE
R00413,2026-01-31,?????,TRUE,D,Sports,None,139,26,88,800.01,3.1%,"68,218.59","38,820.83","29,397.76",Mobile Banking,FALSE,3.9,FALSE,FALSE
R00926,2026-01-31,?????,TRUE,D,Fashion,None,238,34,212,681.23,2.7%,"140,521.92","82,307.54","58,214.38",Mobile Banking,TRUE,3.3,FALSE,FALSE
R02446,2026-01-31,?????,TRUE,D,Electronics,None,186,34,74,"1,141.53",1.7%,"83,036.96","58,286.07","24,750.89",Mobile Banking,FALSE,4.6,FALSE,FALSE
R00096,2026-01-31,?????,TRUE,E,Beauty,None,122,23,81,675.03,3.0%,"53,036.99","26,402.63","26,634.36",Cash,FALSE,5,FALSE,FALSE
R00876,2026-01-31,?????,TRUE,E,Fashion,Clearance Sale,127,28,87,841.38,19.0%,"59,292.05","31,295.06","27,996.99",Credit Card,FALSE,4.4,FALSE,FALSE
R00739,2026-02-01,???????,TRUE,A,Electronics,Weekend Boost,110,20,51,987.94,6.7%,"47,008.94","35,410.62","11,598.32",Mobile Banking,FALSE,4.2,FALSE,FALSE
R02078,2026-02-01,???????,TRUE,A,Electronics,None,168,27,73,"1,609.61",2.7%,"114,329.26","80,541.84","33,787.42",E-Wallet,FALSE,4.8,FALSE,FALSE
R00586,2026-02-01,???????,TRUE,B,Fashion,Clearance Sale,159,31,122,892.07,21.1%,"85,868.41","49,967.40","35,901.01",QR Payment,FALSE,3.8,FALSE,FALSE
R01723,2026-02-01,???????,TRUE,B,Home & Living,Weekend Boost,72,14,4,"9,944.81",6.1%,"37,352.72","23,615.68","13,737.04",QR Payment,FALSE,3.9,FALSE,FALSE
R01762,2026-02-01,???????,TRUE,B,Food & Beverage,Member Day,167,28,185,581.58,7.8%,"99,199.52","57,479.11","41,720.41",E-Wallet,FALSE,3.9,FALSE,FALSE
R01854,2026-02-01,???????,TRUE,B,Food & Beverage,None,90,23,120,242.70,4.2%,"27,901.32","16,433.38","11,467.94",E-Wallet,FALSE,4.5,FALSE,FALSE
R02129,2026-02-01,???????,TRUE,C,Food & Beverage,None,153,30,215,343.82,5.4%,"69,928.56","44,807.04","25,121.52",E-Wallet,FALSE,3.4,FALSE,FALSE
R02970,2026-02-01,???????,TRUE,D,Beauty,Payday Promo,66,18,39,88.11,12.7%,"3,000.00","1,617.65","1,382.35",Credit Card,FALSE,4.6,FALSE,FALSE
R01451,2026-02-01,???????,TRUE,E,Sports,Payday Promo,128,21,77,"1,217.71",11.0%,"83,449.62","46,135.44","37,314.18",E-Wallet,FALSE,4.6,FALSE,FALSE
R01956,2026-02-01,???????,TRUE,E,Home & Living,None,79,17,45,778.80,3.0%,"33,994.48","22,238.21","11,756.27",Credit Card,FALSE,4,FALSE,FALSE
R02086,2026-02-01,???????,TRUE,E,Electronics,None,167,22,78,"1,544.86",2.5%,"117,486.36","85,895.21","31,591.15",Credit Card,FALSE,3.9,FALSE,FALSE
R02112,2026-02-01,???????,TRUE,E,Electronics,None,75,14,42,537.26,3.6%,"21,752.42","15,977.07","5,775.35",QR Payment,FALSE,4.6,FALSE,FALSE
R02275,2026-02-01,???????,TRUE,E,Fashion,None,219,34,171,790.92,1.9%,"132,676.97","75,169.23","57,507.74",Cash,FALSE,3.8,FALSE,FALSE
R00593,2026-02-02,??????,FALSE,A,Food & Beverage,None,82,17,90,184.86,4.3%,"15,922.13","9,873.67","6,048.46",E-Wallet,FALSE,4.6,FALSE,FALSE
R01815,2026-02-02,??????,FALSE,A,Food & Beverage,None,159,24,194,550.21,2.7%,"103,859.45","67,392.16","36,467.29",E-Wallet,FALSE,5,FALSE,FALSE
R02042,2026-02-02,??????,FALSE,A,Fashion,None,127,20,98,563.74,1.6%,"54,363.01","30,363.67","23,999.34",Cash,FALSE,4.1,FALSE,FALSE
R02772,2026-02-02,??????,FALSE,A,Food & Beverage,None,102,17,133,444.25,3.9%,"56,781.11","35,897.09","20,884.02",Credit Card,FALSE,3.8,FALSE,FALSE
R00516,2026-02-02,??????,FALSE,B,Food & Beverage,None,119,17,139,560.56,1.7%,"76,593.29","47,607.98","28,985.31",Credit Card,FALSE,4.3,FALSE,FALSE
R01370,2026-02-02,??????,FALSE,B,Electronics,Member Day,179,29,58,"1,781.05",8.8%,"94,210.44","65,637.96","28,572.48",Cash,FALSE,4,FALSE,FALSE
R01618,2026-02-02,??????,FALSE,B,Fashion,None,122,27,113,228.59,0.8%,"25,623.87","14,772.11","10,851.76",Credit Card,FALSE,3.9,FALSE,FALSE
R01898,2026-02-02,??????,FALSE,B,Home & Living,Weekend Boost,116,20,76,"1,105.21",9.6%,"75,932.17","49,590.74","26,341.43",E-Wallet,FALSE,4.1,FALSE,FALSE
R00906,2026-02-02,??????,FALSE,C,Sports,Payday Promo,136,23,95,845.34,8.9%,"73,160.17","40,039.98","33,120.19",E-Wallet,FALSE,4.6,FALSE,FALSE
R01135,2026-02-02,??????,FALSE,C,Beauty,Weekend Boost,105,21,73,363.35,7.0%,"24,667.85","11,994.72","12,673.13",Credit Card,FALSE,3.9,FALSE,FALSE
R01372,2026-02-02,??????,FALSE,C,Food & Beverage,None,149,22,165,554.01,1.9%,"89,675.61","58,289.06","31,386.55",Mobile Banking,FALSE,3.5,FALSE,FALSE
R01480,2026-02-02,??????,FALSE,C,Home & Living,None,159,21,73,"1,474.99",1.8%,"105,736.08","65,550.62","40,185.46",Credit Card,FALSE,4.6,FALSE,FALSE
R01825,2026-02-02,??????,FALSE,C,Beauty,None,140,22,113,834.89,1.4%,"93,022.20","41,859.99","51,162.21",Credit Card,FALSE,4.6,FALSE,FALSE
R00123,2026-02-02,??????,FALSE,D,Fashion,Weekend Boost,105,17,67,"1,006.40",9.6%,"60,955.80","34,205.11","26,750.69",QR Payment,FALSE,3.6,FALSE,FALSE
R00743,2026-02-02,??????,FALSE,D,Beauty,Member Day,140,24,130,719.87,9.2%,"84,974.03","42,292.34","42,681.69",Credit Card,FALSE,3.7,FALSE,FALSE
R01068,2026-02-02,??????,FALSE,E,Food & Beverage,None,169,25,223,560.81,5.6%,"118,056.25","74,922.45","43,133.80",Credit Card,FALSE,4.3,FALSE,FALSE
R01281,2026-02-02,??????,FALSE,E,Beauty,Clearance Sale,79,17,63,582.19,18.2%,"30,002.66","15,842.01","14,160.65",Mobile Banking,FALSE,4.4,FALSE,FALSE
R00130,2026-02-03,??????,FALSE,A,Sports,None,156,25,94,826.41,5.2%,"73,643.13","43,443.22","30,199.91",Credit Card,FALSE,3.9,FALSE,FALSE
R00168,2026-02-03,??????,FALSE,A,Fashion,Weekend Boost,161,22,123,841.61,6.6%,"96,686.29","55,803.88","40,882.41",QR Payment,TRUE,3.6,FALSE,FALSE
R02937,2026-02-03,??????,FALSE,A,Electronics,None,143,25,47,"1,593.44",2.5%,"73,019.44","53,341.76","19,677.68",Cash,FALSE,4.9,FALSE,FALSE
R00018,2026-02-03,??????,FALSE,B,Food & Beverage,Weekend Boost,154,20,181,634.79,6.3%,"107,657.85","69,972.37","37,685.48",E-Wallet,FALSE,4.5,FALSE,FALSE
R01974,2026-02-03,??????,FALSE,B,Fashion,Weekend Boost,120,20,105,825.31,6.8%,"80,764.44","45,885.07","34,879.37",QR Payment,FALSE,4.8,FALSE,FALSE
R02697,2026-02-03,??????,FALSE,B,Food & Beverage,None,143,23,181,571.75,3.7%,"99,657.16","62,614.41","37,042.75",Credit Card,FALSE,4.3,FALSE,FALSE
R00092,2026-02-03,??????,FALSE,C,Food & Beverage,None,205,33,248,496.79,2.9%,"119,630.97","73,143.06","46,487.91",Credit Card,FALSE,3.6,FALSE,FALSE
R02789,2026-02-03,??????,FALSE,C,Electronics,None,142,23,46,"1,655.40",4.2%,"72,950.33","50,688.56","22,261.77",Credit Card,FALSE,4,FALSE,FALSE
R01129,2026-02-03,??????,FALSE,D,Fashion,None,128,22,86,707.63,1.5%,"59,943.29","36,177.48","23,765.81",Mobile Banking,FALSE,4.5,FALSE,FALSE
R01824,2026-02-03,??????,FALSE,E,Home & Living,Member Day,164,24,85,"1,271.79",7.0%,"100,535.01","65,660.03","34,874.98",Mobile Banking,FALSE,5,FALSE,FALSE
R02523,2026-02-03,??????,FALSE,E,Home & Living,Member Day,112,20,83,803.06,8.4%,"61,055.18","37,453.07","23,602.11",E-Wallet,FALSE,4.6,FALSE,FALSE
R00505,2026-02-04,???,FALSE,B,Food & Beverage,None,165,21,179,622.69,2.3%,"108,897.25","69,487.01","39,410.24",QR Payment,FALSE,3.9,FALSE,FALSE
R01662,2026-02-04,???,FALSE,B,Beauty,Member Day,200,25,154,"1,093.68",9.5%,"152,425.82","79,645.47","72,780.35",Credit Card,FALSE,4,FALSE,FALSE
R02178,2026-02-04,???,FALSE,B,Fashion,Member Day,118,24,106,630.94,9.5%,"60,526.14","33,515.06","27,011.08",Credit Card,FALSE,5,FALSE,FALSE
R01700,2026-02-04,???,FALSE,C,Fashion,None,213,28,190,815.76,5.3%,"146,779.32","87,040.74","59,738.58",QR Payment,FALSE,4.3,FALSE,FALSE
R00379,2026-02-04,???,FALSE,D,Food & Beverage,None,126,25,164,301.37,5.5%,"46,706.99","29,172.78","17,534.21",Credit Card,FALSE,4.1,FALSE,FALSE
R00499,2026-02-04,???,FALSE,D,Food & Beverage,Weekend Boost,116,19,161,497.05,3.8%,"76,983.87","47,698.82","29,285.05",Cash,FALSE,4.3,FALSE,FALSE
R01164,2026-02-04,???,FALSE,D,Beauty,None,116,17,88,779.29,2.0%,"67,205.70","33,411.83","33,793.87",Cash,FALSE,4.4,FALSE,FALSE
R01272,2026-02-04,???,FALSE,D,Fashion,None,120,22,112,371.49,4.2%,"39,859.17","23,606.21","16,252.96",Credit Card,FALSE,3.6,FALSE,FALSE
R01249,2026-02-04,???,FALSE,E,Fashion,Weekend Boost,228,31,201,799.34,6.4%,"150,385.13","87,965.01","62,420.12",Mobile Banking,FALSE,4.1,FALSE,FALSE
R02466,2026-02-04,???,FALSE,E,Home & Living,Weekend Boost,124,23,61,"1,287.21",5.7%,"74,044.27","45,991.29","28,052.98",Credit Card,FALSE,3.8,FALSE,FALSE
R00525,2026-02-05,????????,FALSE,A,Electronics,None,147,23,57,"1,316.45",2.9%,"72,861.58","52,951.90","19,909.68",Cash,FALSE,3.9,FALSE,FALSE
R01603,2026-02-05,????????,FALSE,A,Food & Beverage,None,198,27,229,610.96,1.9%,"137,250.91","86,338.37","50,912.54",Mobile Banking,FALSE,4.2,FALSE,FALSE
R02397,2026-02-05,????????,FALSE,A,Home & Living,Member Day,100,16,44,"1,173.25",5.6%,"48,732.23","31,103.43","17,628.80",Mobile Banking,FALSE,4.7,FALSE,FALSE
R02509,2026-02-05,????????,FALSE,A,Beauty,Member Day,108,24,96,376.44,8.5%,"33,066.55","16,415.37","16,651.18",Credit Card,FALSE,4.2,FALSE,FALSE
R00091,2026-02-05,????????,FALSE,B,Beauty,Payday Promo,105,20,58,839.84,9.2%,"44,229.13","21,649.45","22,579.68",E-Wallet,FALSE,4.1,FALSE,FALSE
R01079,2026-02-05,????????,FALSE,B,Home & Living,None,116,23,76,769.73,2.5%,"57,037.16","37,130.00","19,907.16",Mobile Banking,FALSE,3.8,FALSE,FALSE
R01862,2026-02-05,????????,FALSE,B,Food & Beverage,Clearance Sale,95,16,117,449.40,17.6%,"43,325.56","25,500.85","17,824.71",Mobile Banking,FALSE,4.8,FALSE,FALSE
R02225,2026-02-05,????????,FALSE,B,Fashion,Member Day,93,13,94,805.83,7.3%,"70,218.17","41,657.45","28,560.72",Mobile Banking,FALSE,4.6,FALSE,FALSE
R00094,2026-02-05,????????,FALSE,C,Electronics,Member Day,134,25,73,856.41,4.8%,"59,517.27","43,592.29","15,924.98",Credit Card,FALSE,4,FALSE,FALSE
R01477,2026-02-05,????????,FALSE,C,Electronics,Weekend Boost,120,18,34,"2,708.77",6.9%,"85,743.55","61,959.36","23,784.19",Credit Card,TRUE,5,FALSE,FALSE
R02972,2026-02-05,????????,FALSE,C,Food & Beverage,None,146,27,175,404.79,2.4%,"69,138.39","42,549.90","26,588.49",Cash,FALSE,3.1,FALSE,FALSE
R00087,2026-02-05,????????,FALSE,D,Fashion,Member Day,133,18,112,808.03,8.4%,"82,896.92","50,884.99","32,011.93",Cash,FALSE,3.9,FALSE,FALSE
R01196,2026-02-05,????????,FALSE,D,Food & Beverage,None,201,27,250,598.58,2.7%,"145,604.40","91,314.95","54,289.45",Mobile Banking,FALSE,4.9,FALSE,FALSE
R01844,2026-02-05,????????,FALSE,D,Fashion,Member Day,126,20,132,667.22,6.7%,"82,172.74","47,544.75","34,627.99",E-Wallet,FALSE,4.9,FALSE,FALSE
R01872,2026-02-05,????????,FALSE,D,Electronics,None,178,29,73,"1,481.42",5.2%,"102,520.04","71,984.91","30,535.13",E-Wallet,FALSE,4,FALSE,FALSE
R02023,2026-02-05,????????,FALSE,D,Fashion,None,151,27,132,546.53,2.0%,"70,698.53","42,302.37","28,396.16",Mobile Banking,FALSE,3.9,FALSE,FALSE
R00172,2026-02-05,????????,FALSE,E,Electronics,None,121,23,34,"1,858.14",2.8%,"61,407.72","43,723.01","17,684.71",QR Payment,FALSE,4.9,FALSE,FALSE
R00891,2026-02-05,????????,FALSE,E,Electronics,None,157,30,60,"1,221.90",0.8%,"72,727.45","51,719.82","21,007.63",Credit Card,FALSE,4.6,FALSE,FALSE
R02630,2026-02-05,????????,FALSE,E,Electronics,None,78,13,32,"1,664.36",2.8%,"51,768.11","36,137.44","15,630.67",Cash,TRUE,3.6,FALSE,FALSE
R00099,2026-02-06,?????,FALSE,A,Beauty,None,124,22,93,704.06,2.0%,"64,168.43","30,743.09","33,425.34",Cash,FALSE,5,FALSE,FALSE
R00252,2026-02-06,?????,FALSE,A,Fashion,None,204,33,177,721.23,3.0%,"123,827.33","70,144.00","53,683.33",Mobile Banking,FALSE,3.9,FALSE,FALSE
R01493,2026-02-06,?????,FALSE,A,Fashion,Payday Promo,138,23,108,972.03,7.9%,"96,686.31","59,008.95","37,677.36",Credit Card,FALSE,4.7,FALSE,FALSE
R02569,2026-02-06,?????,FALSE,A,Food & Beverage,None,129,20,146,670.69,5.7%,"92,339.78","56,179.65","36,160.13",E-Wallet,FALSE,3.6,FALSE,FALSE
R02795,2026-02-06,?????,FALSE,A,Electronics,None,179,27,61,"2,136.24",2.6%,"126,922.83","91,201.13","35,721.70",Cash,FALSE,4.6,FALSE,FALSE
R00515,2026-02-06,?????,FALSE,B,Beauty,Member Day,136,23,102,968.84,7.0%,"91,904.47","46,316.97","45,587.50",Credit Card,FALSE,4.6,FALSE,FALSE
R02298,2026-02-06,?????,FALSE,B,Sports,None,121,17,81,"1,074.71",2.2%,"85,136.54","46,664.03","38,472.51",Credit Card,FALSE,4,FALSE,FALSE
R02482,2026-02-06,?????,FALSE,B,Fashion,Member Day,87,18,63,818.42,8.0%,"47,435.53","27,465.10","19,970.43",E-Wallet,TRUE,4.1,FALSE,FALSE
R00693,2026-02-06,?????,FALSE,C,Fashion,Member Day,128,23,109,521.09,8.7%,"51,857.70","29,376.32","22,481.38",Cash,FALSE,4.8,FALSE,FALSE
R00819,2026-02-06,?????,FALSE,C,Fashion,Clearance Sale,117,22,102,748.09,15.0%,"64,859.63","37,533.76","27,325.87",Credit Card,FALSE,4,FALSE,FALSE
R02350,2026-02-06,?????,FALSE,C,Sports,Clearance Sale,159,24,128,902.60,17.3%,"95,546.05","54,667.98","40,878.07",Credit Card,FALSE,4.9,FALSE,FALSE
R00180,2026-02-06,?????,FALSE,E,Food & Beverage,None,167,20,185,753.24,6.7%,"130,012.53","80,396.84","49,615.69",Cash,FALSE,4.1,FALSE,FALSE
R00420,2026-02-06,?????,FALSE,E,Home & Living,None,127,26,72,634.24,1.7%,"44,889.30","30,836.33","14,052.97",Credit Card,FALSE,3.7,FALSE,FALSE
R00812,2026-02-06,?????,FALSE,E,Fashion,None,133,22,130,546.67,3.6%,"68,508.50","42,464.64","26,043.86",E-Wallet,FALSE,4.6,FALSE,FALSE
R01810,2026-02-06,?????,FALSE,E,Fashion,Payday Promo,133,27,111,822.00,7.9%,"84,034.14","46,920.69","37,113.45",Credit Card,FALSE,4.5,FALSE,FALSE
R02222,2026-02-06,?????,FALSE,E,Beauty,None,126,20,84,913.52,3.0%,"74,433.64","36,088.10","38,345.54",E-Wallet,FALSE,3.2,FALSE,FALSE
R00258,2026-02-07,?????,TRUE,A,Fashion,Clearance Sale,186,29,166,882.21,17.6%,"120,672.24","68,823.97","51,848.27",Credit Card,FALSE,4.3,FALSE,FALSE
R00814,2026-02-07,?????,TRUE,A,Fashion,Weekend Boost,130,24,110,"1,378.77",8.3%,"139,076.34","83,212.86","55,863.48",Credit Card,FALSE,4.3,TRUE,FALSE
R01665,2026-02-07,?????,TRUE,A,Fashion,Clearance Sale,119,21,99,802.28,17.6%,"65,447.06","38,927.67","26,519.39",Credit Card,FALSE,4.3,FALSE,FALSE
R01738,2026-02-07,?????,TRUE,A,Food & Beverage,None,167,25,208,490.17,4.7%,"97,162.72","59,899.45","37,263.27",Mobile Banking,FALSE,5,FALSE,FALSE
R02002,2026-02-07,?????,TRUE,A,Electronics,Payday Promo,158,19,61,"2,513.95",10.2%,"137,709.23","99,098.97","38,610.26",Credit Card,FALSE,4.8,FALSE,FALSE
R02493,2026-02-07,?????,TRUE,A,Fashion,None,108,20,93,196.42,2.7%,"17,773.85","10,511.21","7,262.64",Credit Card,FALSE,4.1,FALSE,FALSE
R02819,2026-02-07,?????,TRUE,A,Beauty,None,126,22,90,713.07,2.0%,"62,892.71","32,176.51","30,716.20",E-Wallet,FALSE,4.1,FALSE,FALSE
R02833,2026-02-07,?????,TRUE,A,Food & Beverage,None,170,33,205,432.98,3.3%,"85,831.12","51,847.49","33,983.63",Credit Card,FALSE,4.2,FALSE,FALSE
R02907,2026-02-07,?????,TRUE,A,Food & Beverage,None,184,28,219,476.83,2.4%,"101,918.80","61,582.97","40,335.83",Credit Card,FALSE,3.9,FALSE,FALSE
R00101,2026-02-07,?????,TRUE,B,Fashion,Member Day,200,25,188,878.49,7.5%,"152,769.08","88,943.76","63,825.32",Credit Card,FALSE,4.2,FALSE,FALSE
R00486,2026-02-07,?????,TRUE,B,Home & Living,None,131,30,82,499.45,2.4%,"39,971.73","24,990.17","14,981.56",Credit Card,FALSE,4.6,FALSE,FALSE
R01223,2026-02-07,?????,TRUE,B,Beauty,Weekend Boost,137,21,110,708.79,6.4%,"72,977.33","38,235.99","34,741.34",Credit Card,FALSE,4.9,FALSE,FALSE
R01393,2026-02-07,?????,TRUE,B,Fashion,None,155,26,135,460.80,2.4%,"60,715.03","36,000.56","24,714.47",Mobile Banking,FALSE,4.3,FALSE,FALSE
R01468,2026-02-07,?????,TRUE,B,Fashion,Weekend Boost,124,19,110,784.40,6.5%,"80,675.05","46,825.64","33,849.41",Mobile Banking,FALSE,5,FALSE,FALSE
R01540,2026-02-07,?????,TRUE,B,Food & Beverage,Weekend Boost,102,27,135,92.52,6.3%,"11,702.86","7,747.01","3,955.85",Credit Card,FALSE,4,FALSE,FALSE
R01608,2026-02-07,?????,TRUE,B,Beauty,None,111,25,86,302.71,3.5%,"25,121.91","11,840.38","13,281.53",Cash,FALSE,4.1,FALSE,FALSE
R02233,2026-02-07,?????,TRUE,B,Food & Beverage,Member Day,127,22,142,506.16,9.5%,"65,047.15","41,853.98","23,193.17",QR Payment,FALSE,5,FALSE,FALSE
R01485,2026-02-07,?????,TRUE,C,Fashion,Weekend Boost,93,20,98,323.80,11.4%,"28,114.57","15,614.62","12,499.95",E-Wallet,FALSE,3.4,FALSE,FALSE
R02119,2026-02-07,?????,TRUE,C,Fashion,Member Day,189,29,171,816.48,8.9%,"127,191.82","72,324.15","54,867.67",Cash,FALSE,4.3,FALSE,FALSE
R02892,2026-02-07,?????,TRUE,C,Fashion,None,179,26,156,706.32,5.0%,"104,677.26","57,283.23","47,394.03",QR Payment,FALSE,4.7,FALSE,FALSE
R00879,2026-02-07,?????,TRUE,D,Electronics,None,178,31,86,"1,054.29",2.2%,"88,674.35","62,658.35","26,016.00",E-Wallet,FALSE,3.8,FALSE,FALSE
R01558,2026-02-07,?????,TRUE,D,Electronics,None,129,23,54,"1,000.83",3.5%,"52,153.33","36,408.78","15,744.55",Mobile Banking,FALSE,4.4,FALSE,FALSE
R02195,2026-02-07,?????,TRUE,D,Electronics,None,142,24,65,"1,080.49",1.5%,"69,178.55","52,442.94","16,735.61",E-Wallet,FALSE,3.6,FALSE,FALSE
R00917,2026-02-08,???????,TRUE,A,Food & Beverage,Clearance Sale,135,25,148,478.35,16.3%,"59,256.07","37,246.25","22,009.82",Cash,FALSE,4.8,FALSE,FALSE
R02522,2026-02-08,???????,TRUE,A,Home & Living,Weekend Boost,123,19,53,"1,170.01",6.8%,"57,793.70","40,350.10","17,443.60",Mobile Banking,FALSE,4.4,FALSE,FALSE
R00668,2026-02-08,???????,TRUE,B,Electronics,Clearance Sale,109,22,49,"1,194.71",20.1%,"46,773.94","33,132.12","13,641.82",E-Wallet,FALSE,4.1,FALSE,FALSE
R00780,2026-02-08,???????,TRUE,B,Food & Beverage,Clearance Sale,169,29,203,525.37,16.1%,"89,478.90","55,933.76","33,545.14",E-Wallet,FALSE,4,FALSE,FALSE
R01852,2026-02-08,???????,TRUE,B,Electronics,Member Day,111,20,44,"1,435.92",9.6%,"57,114.97","40,568.21","16,546.76",Mobile Banking,FALSE,3.9,FALSE,FALSE
R02690,2026-02-08,???????,TRUE,B,Electronics,None,102,20,38,"1,110.56",2.3%,"41,230.72","31,188.08","10,042.64",Credit Card,FALSE,4.3,FALSE,FALSE
R00352,2026-02-08,???????,TRUE,C,Sports,None,225,26,141,"1,338.14",6.4%,"176,602.98","106,454.46","70,148.52",QR Payment,FALSE,4.5,FALSE,FALSE
R01519,2026-02-08,???????,TRUE,C,Food & Beverage,None,198,36,250,440.82,2.1%,"107,891.34","67,142.15","40,749.19",E-Wallet,FALSE,4.9,FALSE,FALSE
R00146,2026-02-08,???????,TRUE,D,Fashion,None,121,20,95,517.50,4.0%,"47,196.26","26,486.38","20,709.88",QR Payment,FALSE,4.4,FALSE,FALSE
R00366,2026-02-08,???????,TRUE,D,Sports,None,181,32,114,869.01,6.3%,"92,825.95","50,337.36","42,488.59",Mobile Banking,FALSE,4.7,FALSE,FALSE
R01144,2026-02-08,???????,TRUE,D,Food & Beverage,Member Day,168,22,205,667.94,7.9%,"126,110.66","73,537.31","52,573.35",QR Payment,FALSE,3.9,FALSE,FALSE
R02592,2026-02-08,???????,TRUE,D,Fashion,Member Day,177,27,152,685.89,7.6%,"96,332.29","57,014.00","39,318.29",Credit Card,FALSE,4.5,FALSE,FALSE
R00540,2026-02-08,???????,TRUE,E,Fashion,None,76,19,70,52.27,3.2%,"3,541.78","2,008.28","1,533.50",E-Wallet,FALSE,4,FALSE,FALSE
R00740,2026-02-08,???????,TRUE,E,Fashion,None,136,20,125,534.79,3.8%,"64,308.40","34,471.08","29,837.32",E-Wallet,FALSE,4.6,FALSE,FALSE
R01925,2026-02-08,???????,TRUE,E,Food & Beverage,None,139,26,150,501.94,2.7%,"73,257.77","46,156.93","27,100.84",QR Payment,FALSE,3.9,FALSE,FALSE
R00446,2026-02-09,??????,FALSE,A,Home & Living,None,198,30,121,"1,103.73",2.5%,"130,212.14","83,672.28","46,539.86",QR Payment,FALSE,3.9,FALSE,FALSE
R00794,2026-02-09,??????,FALSE,A,Food & Beverage,None,131,21,175,453.60,2.2%,"77,633.90","47,928.05","29,705.85",E-Wallet,FALSE,3.8,FALSE,FALSE
R02733,2026-02-09,??????,FALSE,A,Home & Living,None,139,19,89,942.95,1.0%,"83,083.58","54,958.28","28,125.30",E-Wallet,FALSE,4.5,FALSE,FALSE
R01437,2026-02-09,??????,FALSE,B,Fashion,Clearance Sale,139,16,129,"1,100.33",19.4%,"114,405.82","64,982.81","49,423.01",Mobile Banking,FALSE,4.5,FALSE,FALSE
R02674,2026-02-09,??????,FALSE,B,Home & Living,Member Day,98,24,70,250.64,11.5%,"15,527.33","9,703.56","5,823.77",E-Wallet,FALSE,4.4,FALSE,FALSE
R00945,2026-02-09,??????,FALSE,C,Electronics,None,166,24,84,"1,468.63",1.6%,"121,391.04","88,051.51","33,339.53",Mobile Banking,FALSE,4.7,FALSE,FALSE
R01175,2026-02-09,??????,FALSE,C,Fashion,Clearance Sale,119,16,102,870.10,17.3%,"73,396.00","45,515.89","27,880.11",Mobile Banking,FALSE,4.8,FALSE,FALSE
R01412,2026-02-09,??????,FALSE,C,Sports,None,181,30,125,865.68,2.1%,"105,936.98","60,123.09","45,813.89",Mobile Banking,FALSE,3.4,FALSE,FALSE
R02269,2026-02-09,??????,FALSE,C,Home & Living,None,153,23,74,"1,540.34",6.9%,"106,120.38","70,708.01","35,412.37",QR Payment,FALSE,4.4,FALSE,FALSE
R02433,2026-02-09,??????,FALSE,C,Fashion,Clearance Sale,127,21,118,696.79,19.5%,"66,188.07","37,651.83","28,536.24",QR Payment,FALSE,3.8,FALSE,FALSE
R00731,2026-02-09,??????,FALSE,D,Food & Beverage,Clearance Sale,157,22,180,677.92,21.5%,"95,790.44","56,005.16","39,785.28",QR Payment,FALSE,4.5,FALSE,FALSE
R01721,2026-02-09,??????,FALSE,D,Food & Beverage,None,128,18,168,589.36,2.5%,"96,537.35","62,142.79","34,394.56",Credit Card,FALSE,4.7,FALSE,FALSE
R01868,2026-02-09,??????,FALSE,D,Food & Beverage,None,174,29,207,517.00,2.8%,"104,021.86","61,761.48","42,260.38",Credit Card,FALSE,4.1,FALSE,FALSE
R02544,2026-02-09,??????,FALSE,D,Beauty,Payday Promo,124,24,104,350.82,7.3%,"33,821.75","16,129.39","17,692.36",E-Wallet,FALSE,4.4,FALSE,FALSE
R02545,2026-02-09,??????,FALSE,E,Electronics,Clearance Sale,120,19,64,"1,376.52",15.5%,"74,442.34","50,046.91","24,395.43",E-Wallet,FALSE,5,FALSE,FALSE
R00350,2026-02-10,??????,FALSE,A,Electronics,None,148,21,52,"2,177.26",5.3%,"107,216.77","77,205.86","30,010.91",Mobile Banking,FALSE,3.3,FALSE,FALSE
R00503,2026-02-10,??????,FALSE,A,Fashion,Member Day,59,15,55,447.08,8.8%,"22,425.62","12,607.52","9,818.10",QR Payment,FALSE,4.5,FALSE,FALSE
R01484,2026-02-10,??????,FALSE,A,Electronics,None,132,19,39,"2,146.11",2.4%,"81,689.47","57,088.11","24,601.36",Credit Card,FALSE,3.9,FALSE,FALSE
R01604,2026-02-10,??????,FALSE,A,Sports,Member Day,130,23,81,896.83,8.0%,"66,831.83","39,438.32","27,393.51",Mobile Banking,FALSE,4.3,FALSE,FALSE
R02219,2026-02-10,??????,FALSE,A,Electronics,None,142,29,50,"1,387.85",6.1%,"65,159.47","47,471.28","17,688.19",Credit Card,FALSE,4,FALSE,FALSE
R00662,2026-02-10,??????,FALSE,B,Home & Living,Weekend Boost,124,19,82,933.75,9.4%,"69,369.86","44,250.09","25,119.77",Cash,FALSE,4.7,FALSE,FALSE
R02174,2026-02-10,??????,FALSE,B,Food & Beverage,None,136,26,157,439.14,2.2%,"67,428.66","41,447.48","25,981.18",E-Wallet,FALSE,3.7,FALSE,FALSE
R02764,2026-02-10,??????,FALSE,B,Home & Living,Payday Promo,141,23,85,"1,329.30",8.7%,"103,160.71","68,734.33","34,426.38",E-Wallet,FALSE,3.4,FALSE,FALSE
R00511,2026-02-10,??????,FALSE,C,Fashion,Payday Promo,148,24,130,809.51,10.7%,"93,976.41","54,060.49","39,915.92",Cash,FALSE,4.1,FALSE,FALSE
R02291,2026-02-10,??????,FALSE,C,Food & Beverage,Member Day,124,25,153,343.60,8.7%,"47,997.52","30,494.62","17,502.90",Credit Card,FALSE,4.8,FALSE,FALSE
R02440,2026-02-10,??????,FALSE,C,Fashion,Weekend Boost,126,18,93,880.12,6.4%,"76,612.66","45,357.21","31,255.45",E-Wallet,FALSE,3.5,FALSE,FALSE
R00041,2026-02-10,??????,FALSE,D,Home & Living,None,97,19,59,634.50,3.8%,"36,012.90","23,087.72","12,925.18",E-Wallet,FALSE,3.5,FALSE,FALSE
R00423,2026-02-10,??????,FALSE,D,Fashion,Member Day,102,22,90,479.24,6.8%,"40,198.80","23,353.78","16,845.02",Cash,FALSE,4.3,FALSE,FALSE
R00890,2026-02-10,??????,FALSE,D,Fashion,None,123,21,78,737.11,2.2%,"56,229.75","33,242.15","22,987.60",Credit Card,FALSE,3.7,FALSE,FALSE
R01711,2026-02-10,??????,FALSE,D,Food & Beverage,None,100,19,129,296.81,1.8%,"37,598.82","24,073.94","13,524.88",Credit Card,FALSE,4.2,FALSE,FALSE
R02221,2026-02-10,??????,FALSE,D,Beauty,None,198,36,160,475.49,2.1%,"74,480.05","37,624.50","36,855.55",QR Payment,FALSE,3.7,FALSE,FALSE
R02462,2026-02-10,??????,FALSE,D,Food & Beverage,None,114,24,130,309.58,4.5%,"38,434.40","23,609.99","14,824.41",Credit Card,FALSE,3.8,FALSE,FALSE
R00186,2026-02-10,??????,FALSE,E,Electronics,Payday Promo,124,19,35,"2,197.45",10.8%,"68,604.52","48,619.19","19,985.33",Cash,FALSE,4.4,FALSE,FALSE
R00518,2026-02-10,??????,FALSE,E,Food & Beverage,None,107,18,123,429.24,1.2%,"52,162.71","30,459.63","21,703.08",E-Wallet,FALSE,4.4,FALSE,FALSE
R00849,2026-02-10,??????,FALSE,E,Electronics,None,131,21,44,"1,738.05",3.9%,"73,491.58","54,614.73","18,876.85",QR Payment,FALSE,4.2,FALSE,FALSE
R01513,2026-02-10,??????,FALSE,E,Beauty,Member Day,100,19,82,370.14,8.1%,"27,893.12","13,378.99","14,514.13",E-Wallet,FALSE,4.1,FALSE,FALSE
R01582,2026-02-10,??????,FALSE,E,Food & Beverage,None,129,23,151,496.07,3.3%,"72,434.78","47,618.17","24,816.61",Mobile Banking,FALSE,4.3,FALSE,FALSE
R00246,2026-02-11,???,FALSE,A,Electronics,None,132,25,61,"1,274.24",2.9%,"75,474.46","54,450.63","21,023.83",Mobile Banking,FALSE,4.5,FALSE,FALSE
R00614,2026-02-11,???,FALSE,A,Beauty,Weekend Boost,103,17,65,834.17,5.6%,"51,184.76","26,237.34","24,947.42",QR Payment,FALSE,4.2,FALSE,FALSE
R00983,2026-02-11,???,FALSE,A,Electronics,Weekend Boost,188,30,83,"1,595.04",5.6%,"124,974.42","93,348.89","31,625.53",Credit Card,FALSE,4.8,FALSE,FALSE
R02678,2026-02-11,???,FALSE,A,Food & Beverage,None,145,25,195,393.95,4.2%,"73,593.00","44,778.74","28,814.26",Mobile Banking,FALSE,4.8,FALSE,FALSE
R02861,2026-02-11,???,FALSE,B,Fashion,None,63,16,60,51.55,3.0%,"3,000.00","1,778.07","1,221.93",QR Payment,FALSE,4.4,FALSE,FALSE
R00333,2026-02-11,???,FALSE,C,Food & Beverage,None,158,24,164,576.71,3.2%,"91,553.71","59,547.53","32,006.18",E-Wallet,FALSE,4.3,FALSE,FALSE
R01318,2026-02-11,???,FALSE,C,Food & Beverage,None,214,31,265,553.71,5.1%,"139,248.86","85,850.65","53,398.21",Cash,FALSE,3.8,FALSE,FALSE
R01878,2026-02-11,???,FALSE,C,Fashion,None,182,18,152,"1,097.28",2.9%,"161,949.16","94,371.71","67,577.45",QR Payment,FALSE,5,FALSE,FALSE
R01650,2026-02-11,???,FALSE,D,Beauty,None,142,22,115,797.72,4.4%,"87,701.59","43,732.12","43,969.47",Credit Card,FALSE,4.3,FALSE,FALSE
R01131,2026-02-12,????????,FALSE,A,Fashion,None,93,13,66,785.98,1.8%,"50,940.74","27,550.32","23,390.42",E-Wallet,FALSE,3.6,FALSE,FALSE
R01512,2026-02-12,????????,FALSE,A,Home & Living,Weekend Boost,80,16,56,565.71,7.5%,"29,303.73","18,998.50","10,305.23",QR Payment,FALSE,4.4,FALSE,FALSE
R02855,2026-02-12,????????,FALSE,A,Beauty,Weekend Boost,114,21,76,"1,445.87",5.9%,"103,403.00","50,156.67","53,246.33",E-Wallet,FALSE,4.3,TRUE,FALSE
R00077,2026-02-12,????????,FALSE,B,Sports,None,97,18,27,"1,328.41",2.5%,"34,970.29","19,554.78","15,415.51",Credit Card,FALSE,4.6,FALSE,FALSE
R00555,2026-02-12,????????,FALSE,B,Fashion,Clearance Sale,130,26,108,590.54,16.2%,"53,446.38","32,638.11","20,808.27",Mobile Banking,FALSE,5,FALSE,FALSE
R01028,2026-02-12,????????,FALSE,B,Fashion,None,91,20,61,472.42,4.4%,"27,549.56","16,164.75","11,384.81",Cash,FALSE,3.9,FALSE,FALSE
R02685,2026-02-12,????????,FALSE,B,Fashion,Weekend Boost,138,24,115,664.84,7.0%,"71,104.96","40,623.30","30,481.66",Mobile Banking,FALSE,4.5,FALSE,FALSE
R02780,2026-02-12,????????,FALSE,B,Fashion,None,126,17,103,"1,008.58",3.6%,"100,143.67","61,040.08","39,103.59",Mobile Banking,FALSE,4.7,FALSE,FALSE
R00185,2026-02-12,????????,FALSE,C,Fashion,None,146,28,100,534.18,2.8%,"51,922.19","31,336.92","20,585.27",Cash,FALSE,4.2,FALSE,FALSE
R00341,2026-02-12,????????,FALSE,C,Food & Beverage,Weekend Boost,144,23,174,501.56,8.2%,"80,114.96","48,379.05","31,735.91",Credit Card,FALSE,4.5,FALSE,FALSE
R02621,2026-02-12,????????,FALSE,C,Beauty,None,87,14,43,996.14,2.8%,"41,634.78","19,763.03","21,871.75",Cash,FALSE,4.6,FALSE,FALSE
R00925,2026-02-12,????????,FALSE,D,Fashion,None,125,20,95,671.89,4.5%,"60,956.88","37,688.76","23,268.12",Mobile Banking,FALSE,4.5,FALSE,FALSE
R01466,2026-02-12,????????,FALSE,D,Electronics,None,138,24,52,"1,437.14",2.0%,"73,236.40","50,945.60","22,290.80",E-Wallet,FALSE,5,FALSE,FALSE
R02257,2026-02-12,????????,FALSE,D,Electronics,None,191,26,62,"2,498.60",3.7%,"149,181.13","107,888.75","41,292.38",Credit Card,FALSE,3.3,FALSE,FALSE
R01407,2026-02-12,????????,FALSE,E,Fashion,Clearance Sale,193,27,172,989.86,16.6%,"141,992.89","83,854.32","58,138.57",Credit Card,FALSE,3.7,FALSE,FALSE
R02913,2026-02-12,????????,FALSE,E,Food & Beverage,Weekend Boost,156,27,177,434.46,5.6%,"72,592.48","45,112.69","27,479.79",Mobile Banking,FALSE,4.9,FALSE,FALSE
R00390,2026-02-13,?????,FALSE,A,Beauty,Weekend Boost,190,27,137,"1,029.40",5.6%,"133,129.97","68,371.46","64,758.51",E-Wallet,FALSE,4.4,FALSE,FALSE
R00406,2026-02-13,?????,FALSE,A,Food & Beverage,Member Day,76,12,83,436.37,11.4%,"32,089.72","19,736.01","12,353.71",E-Wallet,FALSE,4.8,FALSE,FALSE
R00437,2026-02-13,?????,FALSE,A,Fashion,Clearance Sale,33,11,19,195.41,19.2%,"3,000.00","1,696.46","1,303.54",E-Wallet,FALSE,4.8,FALSE,FALSE
R01551,2026-02-13,?????,FALSE,A,Electronics,None,96,21,45,772.25,5.4%,"32,874.58","23,260.54","9,614.04",Mobile Banking,TRUE,3.2,FALSE,FALSE
R02917,2026-02-13,?????,FALSE,A,Fashion,None,131,17,122,"1,291.19",3.8%,"151,539.77","82,768.32","68,771.45",Credit Card,FALSE,3.8,TRUE,FALSE
R00084,2026-02-13,?????,FALSE,B,Home & Living,Payday Promo,92,17,50,999.13,11.1%,"44,411.15","28,669.52","15,741.63",Cash,FALSE,4.1,FALSE,FALSE
R00914,2026-02-13,?????,FALSE,B,Fashion,Member Day,178,24,161,899.89,9.4%,"131,263.62","78,887.96","52,375.66",E-Wallet,FALSE,3.6,FALSE,FALSE
R01139,2026-02-13,?????,FALSE,B,Home & Living,Payday Promo,88,19,36,"1,172.94",9.0%,"38,425.58","24,844.49","13,581.09",E-Wallet,FALSE,4.4,FALSE,FALSE
R02173,2026-02-13,?????,FALSE,B,Fashion,Payday Promo,90,15,70,826.70,11.5%,"51,214.35","29,742.95","21,471.40",Mobile Banking,FALSE,4.8,FALSE,FALSE
R00995,2026-02-13,?????,FALSE,C,Electronics,None,127,22,69,754.69,3.8%,"50,095.14","34,751.50","15,343.64",Mobile Banking,FALSE,3.8,FALSE,FALSE
R01337,2026-02-13,?????,FALSE,C,Electronics,Payday Promo,100,23,35,"1,132.65",10.3%,"35,559.47","24,956.09","10,603.38",Credit Card,FALSE,4.1,FALSE,FALSE
R02034,2026-02-13,?????,FALSE,C,Food & Beverage,Member Day,130,20,156,461.09,6.9%,"66,966.85","43,093.10","23,873.75",Cash,FALSE,4.5,FALSE,FALSE
R00790,2026-02-13,?????,FALSE,D,Home & Living,None,120,19,67,"1,171.38",5.7%,"74,008.84","46,815.49","27,193.35",E-Wallet,FALSE,4.3,FALSE,FALSE
R01541,2026-02-13,?????,FALSE,D,Beauty,Member Day,90,20,87,442.87,7.3%,"35,717.34","16,921.25","18,796.09",Cash,FALSE,4.4,FALSE,FALSE
R01671,2026-02-13,?????,FALSE,D,Food & Beverage,None,161,21,182,545.15,2.2%,"97,033.89","60,945.78","36,088.11",QR Payment,FALSE,4.5,FALSE,FALSE
R02018,2026-02-13,?????,FALSE,D,Electronics,None,115,17,45,"2,061.91",3.2%,"89,816.72","64,966.84","24,849.88",E-Wallet,FALSE,3.9,FALSE,FALSE
R02367,2026-02-13,?????,FALSE,D,Fashion,None,122,22,91,774.04,4.0%,"67,619.80","37,833.57","29,786.23",Credit Card,FALSE,4.6,FALSE,FALSE
R00897,2026-02-13,?????,FALSE,E,Beauty,Payday Promo,173,21,124,"1,123.85",9.4%,"126,257.97","63,352.38","62,905.59",QR Payment,FALSE,4.6,FALSE,FALSE
R00955,2026-02-13,?????,FALSE,E,Fashion,Payday Promo,102,28,87,37.93,9.1%,"3,000.00","1,807.01","1,192.99",Credit Card,FALSE,4.5,FALSE,FALSE
R00852,2026-02-14,?????,TRUE,A,Sports,Weekend Boost,74,16,43,75.02,7.0%,"3,000.00","1,664.82","1,335.18",Mobile Banking,FALSE,4.5,FALSE,FALSE
R00903,2026-02-14,?????,TRUE,A,Fashion,Clearance Sale,151,17,136,"1,155.83",21.8%,"122,925.36","73,085.90","49,839.46",Mobile Banking,FALSE,4.1,FALSE,FALSE
R01467,2026-02-14,?????,TRUE,A,Food & Beverage,None,102,17,118,460.31,2.0%,"53,230.31","32,776.28","20,454.03",Mobile Banking,FALSE,4.2,FALSE,FALSE
R01592,2026-02-14,?????,TRUE,A,Food & Beverage,None,156,26,195,549.10,5.7%,"100,970.65","65,971.15","34,999.50",Mobile Banking,FALSE,4.4,FALSE,FALSE
R02902,2026-02-14,?????,TRUE,A,Beauty,None,180,26,117,"1,002.12",3.5%,"113,143.90","56,328.06","56,815.84",Credit Card,FALSE,4.2,FALSE,FALSE
R00047,2026-02-14,?????,TRUE,B,Electronics,None,209,39,60,"1,749.02",4.6%,"100,114.19","70,623.65","29,490.54",E-Wallet,FALSE,3.9,FALSE,FALSE
R00307,2026-02-14,?????,TRUE,B,Fashion,Member Day,186,24,172,848.78,6.4%,"136,646.70","80,094.76","56,551.94",Mobile Banking,FALSE,4.8,FALSE,FALSE
R01623,2026-02-14,?????,TRUE,B,Home & Living,Weekend Boost,110,20,69,"1,047.87",7.1%,"67,169.36","42,319.11","24,850.25",Credit Card,FALSE,4,FALSE,FALSE
R01631,2026-02-14,?????,TRUE,B,Home & Living,None,159,21,102,979.39,1.3%,"98,598.92","63,624.67","34,974.25",Mobile Banking,FALSE,4.6,FALSE,FALSE
R01978,2026-02-14,?????,TRUE,B,Beauty,None,114,20,96,542.38,1.8%,"51,131.14","24,670.54","26,460.60",E-Wallet,FALSE,3.6,FALSE,FALSE
R02489,2026-02-14,?????,TRUE,B,Sports,Weekend Boost,138,24,79,909.84,6.7%,"67,061.72","39,506.15","27,555.57",Cash,FALSE,4.6,FALSE,FALSE
R00692,2026-02-14,?????,TRUE,C,Sports,None,136,23,70,750.33,5.8%,"49,477.08","28,150.74","21,326.34",E-Wallet,FALSE,4.1,FALSE,FALSE
R01474,2026-02-14,?????,TRUE,C,Fashion,None,190,32,149,739.52,5.0%,"104,679.41","58,816.83","45,862.58",Credit Card,FALSE,4.6,FALSE,FALSE
R01900,2026-02-14,?????,TRUE,C,Food & Beverage,Weekend Boost,125,21,141,367.27,5.2%,"49,092.45","30,658.64","18,433.81",Mobile Banking,FALSE,4.8,FALSE,FALSE
R00051,2026-02-14,?????,TRUE,D,Food & Beverage,Clearance Sale,132,20,184,415.59,18.7%,"62,168.53","40,828.80","21,339.73",Cash,FALSE,5,FALSE,FALSE
R00184,2026-02-14,?????,TRUE,D,Electronics,None,164,27,73,"1,297.11",1.9%,"92,889.87","68,005.20","24,884.67",E-Wallet,FALSE,3.9,FALSE,FALSE
R00561,2026-02-14,?????,TRUE,D,Home & Living,Clearance Sale,86,15,44,776.59,17.3%,"28,258.39","18,627.53","9,630.86",Mobile Banking,FALSE,4.2,FALSE,FALSE
R01445,2026-02-14,?????,TRUE,D,Sports,Clearance Sale,190,32,117,"1,124.10",17.8%,"108,108.87","60,544.15","47,564.72",QR Payment,FALSE,5,FALSE,FALSE
R02611,2026-02-14,?????,TRUE,D,Electronics,Weekend Boost,209,37,78,"1,557.72",6.6%,"113,482.74","78,216.45","35,266.29",Mobile Banking,FALSE,4.6,FALSE,FALSE
R00249,2026-02-14,?????,TRUE,E,Beauty,Weekend Boost,142,27,126,642.87,4.1%,"77,680.89","37,725.26","39,955.63",E-Wallet,FALSE,4.4,FALSE,FALSE
R01874,2026-02-14,?????,TRUE,E,Electronics,None,157,32,67,859.38,4.7%,"54,872.12","39,705.76","15,166.36",Credit Card,FALSE,5,FALSE,FALSE
R01890,2026-02-15,???????,TRUE,A,Fashion,Member Day,131,21,116,771.05,11.0%,"79,603.35","47,969.58","31,633.77",Mobile Banking,FALSE,4.5,FALSE,FALSE
R01758,2026-02-15,???????,TRUE,B,Beauty,None,179,26,144,835.14,1.3%,"118,697.30","62,095.04","56,602.26",E-Wallet,FALSE,4.5,FALSE,FALSE
R02241,2026-02-15,???????,TRUE,B,Fashion,Weekend Boost,188,32,153,721.24,7.6%,"101,963.08","58,221.56","43,741.52",Credit Card,FALSE,4.6,FALSE,FALSE
R02576,2026-02-15,???????,TRUE,B,Beauty,None,196,31,139,"1,011.45",2.9%,"136,514.66","62,213.99","74,300.67",Credit Card,FALSE,4.2,FALSE,FALSE
R00483,2026-02-15,???????,TRUE,C,Food & Beverage,None,218,34,285,436.53,2.3%,"121,550.86","78,188.08","43,362.78",E-Wallet,FALSE,4.6,FALSE,FALSE
R00718,2026-02-15,???????,TRUE,C,Food & Beverage,Payday Promo,165,25,189,566.84,9.7%,"96,740.14","61,691.41","35,048.73",Credit Card,FALSE,4.1,FALSE,FALSE
R00609,2026-02-15,???????,TRUE,D,Fashion,None,104,23,77,499.07,1.4%,"37,890.19","22,383.35","15,506.84",Credit Card,FALSE,4.4,FALSE,FALSE
R01039,2026-02-15,???????,TRUE,D,Home & Living,Member Day,144,26,90,750.81,5.4%,"63,924.19","42,065.63","21,858.56",E-Wallet,FALSE,4.3,FALSE,FALSE
R01462,2026-02-15,???????,TRUE,D,Fashion,Weekend Boost,113,22,80,524.72,7.7%,"38,745.27","22,982.07","15,763.20",E-Wallet,FALSE,4.9,FALSE,FALSE
R02498,2026-02-15,???????,TRUE,D,Home & Living,None,129,18,65,989.39,0.7%,"63,860.14","41,325.79","22,534.35",QR Payment,FALSE,5,FALSE,FALSE
R00954,2026-02-15,???????,TRUE,E,Food & Beverage,None,108,16,160,417.83,2.0%,"65,515.44","40,595.78","24,919.66",E-Wallet,FALSE,3.9,FALSE,FALSE
R01788,2026-02-15,???????,TRUE,E,Food & Beverage,Clearance Sale,142,28,171,323.79,18.7%,"45,014.11","28,601.55","16,412.56",Credit Card,FALSE,4.1,FALSE,FALSE
R01972,2026-02-15,???????,TRUE,E,Electronics,None,133,25,20,"3,164.80",1.5%,"62,346.61","45,213.56","17,133.05",Credit Card,FALSE,4.7,FALSE,FALSE
R02739,2026-02-15,???????,TRUE,E,Home & Living,None,88,20,47,410.24,4.7%,"18,374.90","12,300.33","6,074.57",Credit Card,FALSE,3.8,FALSE,FALSE
R02923,2026-02-15,???????,TRUE,E,Food & Beverage,None,159,25,167,456.67,0.9%,"75,577.60","47,590.86","27,986.74",QR Payment,FALSE,4.5,FALSE,FALSE
R00871,2026-02-16,??????,FALSE,A,Electronics,None,67,18,41,93.57,2.4%,"3,744.35","2,643.61","1,100.74",Credit Card,FALSE,4.9,FALSE,FALSE
R00795,2026-02-16,??????,FALSE,B,Food & Beverage,None,80,16,94,361.21,6.4%,"31,780.59","18,966.24","12,814.35",Mobile Banking,FALSE,5,FALSE,FALSE
R00807,2026-02-16,??????,FALSE,B,Electronics,None,150,17,79,"1,416.55",4.2%,"107,207.39","75,234.88","31,972.51",Credit Card,FALSE,3.6,FALSE,FALSE
R01914,2026-02-16,??????,FALSE,B,Sports,Weekend Boost,161,28,97,"1,206.31",9.3%,"106,129.70","58,920.93","47,208.77",E-Wallet,FALSE,4.5,FALSE,FALSE
R01181,2026-02-16,??????,FALSE,C,Home & Living,Clearance Sale,140,23,79,"1,074.29",17.6%,"69,931.68","49,029.77","20,901.91",QR Payment,FALSE,5,FALSE,FALSE
R01280,2026-02-16,??????,FALSE,C,Home & Living,Weekend Boost,124,20,78,"1,009.27",8.3%,"72,188.69","47,258.32","24,930.37",E-Wallet,FALSE,4,FALSE,FALSE
R02238,2026-02-16,??????,FALSE,C,Home & Living,None,115,20,63,833.96,5.2%,"49,807.58","32,985.90","16,821.68",E-Wallet,FALSE,3.6,FALSE,FALSE
R02627,2026-02-16,??????,FALSE,C,Food & Beverage,Weekend Boost,102,21,122,266.30,7.4%,"30,084.62","17,856.19","12,228.43",Credit Card,FALSE,4.9,FALSE,FALSE
R00042,2026-02-16,??????,FALSE,D,Fashion,None,182,30,171,626.61,1.4%,"105,650.40","58,499.96","47,150.44",QR Payment,FALSE,4.5,FALSE,FALSE
R00360,2026-02-16,??????,FALSE,D,Beauty,None,229,30,153,"1,182.60",1.7%,"177,862.45","92,783.92","85,078.53",E-Wallet,FALSE,4.5,FALSE,FALSE
R00691,2026-02-16,??????,FALSE,D,Home & Living,None,126,16,74,830.62,0.2%,"61,342.72","39,428.47","21,914.25",Cash,FALSE,5,FALSE,FALSE
R01097,2026-02-16,??????,FALSE,D,Fashion,None,110,18,98,700.69,0.1%,"68,599.07","39,658.11","28,940.96",Credit Card,FALSE,3.8,FALSE,FALSE
R01646,2026-02-16,??????,FALSE,D,Electronics,None,106,19,40,842.39,1.1%,"33,324.85","24,201.30","9,123.55",E-Wallet,FALSE,4.6,FALSE,FALSE
R01923,2026-02-16,??????,FALSE,D,Home & Living,Member Day,115,25,82,456.32,10.4%,"33,526.74","22,243.51","11,283.23",QR Payment,FALSE,3.9,FALSE,FALSE
R02694,2026-02-16,??????,FALSE,D,Food & Beverage,Member Day,218,29,273,591.12,8.2%,"148,144.16","89,509.61","58,634.55",QR Payment,FALSE,4.5,FALSE,FALSE
R00104,2026-02-16,??????,FALSE,E,Electronics,None,188,33,74,"1,587.55",1.3%,"115,951.30","81,984.64","33,966.66",Cash,FALSE,4.2,FALSE,FALSE
R02568,2026-02-16,??????,FALSE,E,Fashion,None,119,16,101,923.61,2.7%,"90,766.05","53,243.04","37,523.01",QR Payment,FALSE,3.8,FALSE,FALSE
R02927,2026-02-16,??????,FALSE,E,Home & Living,None,147,23,96,845.96,3.2%,"78,613.74","47,994.61","30,619.13",Credit Card,FALSE,4.3,FALSE,FALSE
R00359,2026-02-17,??????,FALSE,A,Home & Living,Weekend Boost,100,19,30,"1,946.73",8.2%,"53,612.83","33,988.70","19,624.13",Cash,FALSE,4.6,FALSE,FALSE
R00464,2026-02-17,??????,FALSE,A,Fashion,None,100,19,88,761.43,3.8%,"64,459.22","37,558.58","26,900.64",E-Wallet,FALSE,5,FALSE,FALSE
R02066,2026-02-17,??????,FALSE,A,Fashion,None,124,23,96,"1,449.47",5.0%,"132,192.00","71,768.39","60,423.61",Cash,FALSE,4.8,TRUE,FALSE
R02339,2026-02-17,??????,FALSE,A,Electronics,None,138,22,58,"1,763.07",1.3%,"100,928.87","73,812.85","27,116.02",Credit Card,FALSE,3.7,FALSE,FALSE
R01263,2026-02-17,??????,FALSE,B,Food & Beverage,Member Day,116,21,143,559.07,7.6%,"73,870.57","44,894.62","28,975.95",E-Wallet,FALSE,4.9,FALSE,FALSE
R02303,2026-02-17,??????,FALSE,B,Food & Beverage,Weekend Boost,93,19,114,383.37,6.0%,"41,081.96","26,814.85","14,267.11",E-Wallet,FALSE,4.4,FALSE,FALSE
R00236,2026-02-17,??????,FALSE,C,Food & Beverage,None,98,16,106,538.09,4.5%,"54,471.07","33,739.61","20,731.46",Cash,FALSE,3.8,FALSE,FALSE
R00407,2026-02-17,??????,FALSE,C,Electronics,None,96,21,38,415.26,4.0%,"15,148.86","11,181.53","3,967.33",Credit Card,FALSE,5,FALSE,FALSE
R01299,2026-02-17,??????,FALSE,C,Electronics,Payday Promo,154,22,48,"2,399.65",8.9%,"104,931.92","74,046.72","30,885.20",QR Payment,FALSE,5,FALSE,FALSE
R01546,2026-02-17,??????,FALSE,C,Food & Beverage,None,86,8,101,636.08,3.8%,"61,803.07","39,574.62","22,228.45",E-Wallet,FALSE,3.9,FALSE,FALSE
R02830,2026-02-17,??????,FALSE,D,Beauty,None,112,18,85,633.03,3.7%,"51,817.07","24,599.70","27,217.37",Mobile Banking,FALSE,4.4,FALSE,FALSE
R00372,2026-02-17,??????,FALSE,E,Home & Living,None,123,21,67,981.40,3.1%,"63,715.61","40,116.54","23,599.07",Cash,FALSE,4.9,FALSE,FALSE
R00476,2026-02-17,??????,FALSE,E,Electronics,None,101,22,61,682.11,2.0%,"40,776.80","30,367.41","10,409.39",E-Wallet,FALSE,4.8,FALSE,FALSE
R00507,2026-02-17,??????,FALSE,E,Electronics,Clearance Sale,126,16,63,"1,495.71",18.6%,"76,702.77","59,210.57","17,492.20",Mobile Banking,FALSE,5,FALSE,FALSE
R00825,2026-02-17,??????,FALSE,E,Sports,None,138,24,82,819.87,1.4%,"66,288.13","38,054.43","28,233.70",Credit Card,FALSE,4.4,FALSE,FALSE
R01088,2026-02-17,??????,FALSE,E,Food & Beverage,Weekend Boost,96,20,112,461.85,9.0%,"47,071.76","29,048.34","18,023.42",Cash,FALSE,4.2,FALSE,FALSE
R00385,2026-02-18,???,FALSE,A,Sports,Payday Promo,136,21,93,"1,162.58",10.6%,"96,659.56","56,718.66","39,940.90",Credit Card,FALSE,4.6,FALSE,FALSE
R01096,2026-02-18,???,FALSE,A,Fashion,None,164,21,144,900.47,1.3%,"127,981.48","73,510.98","54,470.50",E-Wallet,FALSE,4.2,FALSE,FALSE
R01402,2026-02-18,???,FALSE,A,Home & Living,None,207,33,114,"1,038.86",0.7%,"117,600.67","71,855.90","45,744.77",Mobile Banking,FALSE,3.9,FALSE,FALSE
R01127,2026-02-18,???,FALSE,B,Home & Living,None,101,18,55,821.66,0.8%,"44,830.03","31,565.75","13,264.28",E-Wallet,FALSE,4.5,FALSE,FALSE
R01455,2026-02-18,???,FALSE,B,Food & Beverage,None,115,21,152,321.29,4.0%,"46,883.25","28,048.37","18,834.88",Mobile Banking,FALSE,5,FALSE,FALSE
R00376,2026-02-18,???,FALSE,C,Food & Beverage,None,123,27,144,257.82,1.0%,"36,755.15","22,244.96","14,510.19",E-Wallet,FALSE,4.2,FALSE,FALSE
R01664,2026-02-18,???,FALSE,C,Electronics,None,163,20,63,"1,835.43",0.4%,"115,169.51","82,356.59","32,812.92",QR Payment,FALSE,4.8,FALSE,FALSE
R02938,2026-02-18,???,FALSE,C,Sports,None,191,31,102,"1,266.79",1.5%,"127,274.33","67,032.28","60,242.05",Mobile Banking,FALSE,4.1,FALSE,FALSE
R00273,2026-02-18,???,FALSE,D,Food & Beverage,None,115,22,132,418.80,3.8%,"53,181.44","33,311.26","19,870.18",QR Payment,FALSE,4.4,FALSE,FALSE
R00735,2026-02-18,???,FALSE,D,Electronics,Weekend Boost,132,24,61,"1,354.71",6.3%,"77,431.32","55,531.10","21,900.22",Credit Card,FALSE,4.5,FALSE,FALSE
R01489,2026-02-18,???,FALSE,D,Beauty,None,166,27,140,703.08,3.5%,"94,986.19","49,326.28","45,659.91",QR Payment,FALSE,4.4,FALSE,FALSE
R02952,2026-02-18,???,FALSE,D,Electronics,None,112,26,38,457.92,1.4%,"17,157.39","11,866.12","5,291.27",E-Wallet,FALSE,4.3,FALSE,FALSE
R00608,2026-02-18,???,FALSE,E,Food & Beverage,None,157,28,179,468.73,2.3%,"81,973.24","52,558.33","29,414.91",Credit Card,FALSE,3.6,FALSE,FALSE
R01093,2026-02-18,???,FALSE,E,Food & Beverage,Weekend Boost,164,19,200,646.39,5.8%,"121,779.45","74,946.26","46,833.19",Credit Card,FALSE,3.9,FALSE,FALSE
R02162,2026-02-18,???,FALSE,E,Fashion,Member Day,188,30,156,802.12,7.5%,"115,745.30","64,892.47","50,852.83",Credit Card,FALSE,4.5,FALSE,FALSE
R00093,2026-02-19,????????,FALSE,A,Food & Beverage,Payday Promo,100,15,125,642.62,10.3%,"72,053.46","44,515.81","27,537.65",Credit Card,FALSE,3.8,FALSE,FALSE
R00129,2026-02-19,????????,FALSE,A,Food & Beverage,Weekend Boost,74,15,90,436.68,8.3%,"36,039.14","23,262.51","12,776.63",Credit Card,FALSE,4.2,FALSE,FALSE
R00338,2026-02-19,????????,FALSE,A,Electronics,None,181,25,83,"1,336.11",2.0%,"108,678.95","75,407.43","33,271.52",Mobile Banking,TRUE,3.9,FALSE,FALSE
R00340,2026-02-19,????????,FALSE,A,Electronics,None,125,20,41,"1,881.05",2.8%,"74,963.62","52,070.49","22,893.13",Credit Card,FALSE,4.2,FALSE,FALSE
R00722,2026-02-19,????????,FALSE,A,Home & Living,Member Day,148,27,80,"1,325.48",8.3%,"97,237.20","65,193.43","32,043.77",Credit Card,FALSE,4.9,FALSE,FALSE
R01037,2026-02-19,????????,FALSE,A,Beauty,None,82,15,74,581.33,2.7%,"41,856.82","22,396.11","19,460.71",Credit Card,FALSE,4,FALSE,FALSE
R02282,2026-02-19,????????,FALSE,A,Beauty,None,128,21,88,921.19,3.9%,"77,903.50","37,283.08","40,620.42",Cash,FALSE,4.6,FALSE,FALSE
R02380,2026-02-19,????????,FALSE,A,Sports,None,108,29,52,308.22,5.3%,"15,178.19","8,249.46","6,928.73",Credit Card,FALSE,4.4,FALSE,FALSE
R02793,2026-02-19,????????,FALSE,A,Food & Beverage,None,67,16,84,229.55,2.1%,"18,876.91","11,212.15","7,664.76",QR Payment,FALSE,4.4,FALSE,FALSE
R01027,2026-02-19,????????,FALSE,B,Fashion,None,83,21,101,123.08,1.1%,"12,294.43","6,719.60","5,574.83",Credit Card,FALSE,3.9,FALSE,FALSE
R00219,2026-02-19,????????,FALSE,C,Electronics,Payday Promo,153,26,61,"1,503.72",9.6%,"82,921.00","63,802.78","19,118.22",E-Wallet,FALSE,4.8,FALSE,FALSE
R01090,2026-02-19,????????,FALSE,C,Beauty,Payday Promo,131,22,106,700.50,9.9%,"66,902.17","32,151.50","34,750.67",E-Wallet,FALSE,4.4,FALSE,FALSE
R02126,2026-02-19,????????,FALSE,C,Beauty,Payday Promo,138,18,82,"1,392.02",8.5%,"104,443.06","53,776.55","50,666.51",Credit Card,FALSE,4.7,FALSE,FALSE
R02319,2026-02-19,????????,FALSE,C,Fashion,None,119,21,128,496.19,5.3%,"60,146.47","36,426.79","23,719.68",QR Payment,FALSE,4.5,FALSE,FALSE
R02368,2026-02-19,????????,FALSE,C,Electronics,None,88,20,45,734.72,1.6%,"32,533.60","23,224.35","9,309.25",Credit Card,FALSE,4.7,FALSE,FALSE
R02807,2026-02-19,????????,FALSE,C,Fashion,Member Day,165,26,151,694.39,5.6%,"98,981.41","56,467.02","42,514.39",Credit Card,FALSE,4.3,FALSE,FALSE
R01958,2026-02-19,????????,FALSE,D,Home & Living,Member Day,217,31,131,"1,210.18",8.6%,"144,899.41","92,339.95","52,559.46",QR Payment,FALSE,4.2,FALSE,FALSE
R02316,2026-02-19,????????,FALSE,D,Beauty,None,180,32,129,709.91,2.2%,"89,563.62","43,144.61","46,419.01",Cash,FALSE,4.9,FALSE,FALSE
R02516,2026-02-19,????????,FALSE,D,Fashion,None,189,29,183,651.14,3.0%,"115,583.14","67,430.47","48,152.67",E-Wallet,FALSE,4.1,FALSE,FALSE
R02583,2026-02-19,????????,FALSE,D,Electronics,Clearance Sale,163,25,56,"1,643.73",15.9%,"77,413.14","55,102.17","22,310.97",Cash,FALSE,5,FALSE,FALSE
R02895,2026-02-19,????????,FALSE,D,Food & Beverage,Payday Promo,180,27,221,675.03,8.8%,"136,054.63","86,507.64","49,546.99",QR Payment,FALSE,4.2,FALSE,FALSE
R02901,2026-02-19,????????,FALSE,D,Sports,Weekend Boost,85,15,52,877.67,6.4%,"42,718.16","25,310.01","17,408.15",Mobile Banking,FALSE,3.9,FALSE,FALSE
R00006,2026-02-19,????????,FALSE,E,Electronics,None,103,20,54,607.68,2.3%,"32,059.98","23,516.33","8,543.65",Credit Card,FALSE,4.3,FALSE,FALSE
R00230,2026-02-19,????????,FALSE,E,Food & Beverage,Weekend Boost,178,25,200,633.96,5.6%,"119,691.51","74,547.41","45,144.10",QR Payment,FALSE,4,FALSE,FALSE
R00909,2026-02-20,?????,FALSE,A,Fashion,None,108,18,64,818.61,1.7%,"51,500.66","33,259.84","18,240.82",Credit Card,FALSE,4.7,FALSE,FALSE
R01073,2026-02-20,?????,FALSE,A,Sports,Member Day,87,22,58,"1,107.51",4.7%,"61,216.32","36,209.85","25,006.47",Mobile Banking,FALSE,4.9,TRUE,FALSE
R01099,2026-02-20,?????,FALSE,A,Food & Beverage,Member Day,109,21,128,402.13,8.6%,"47,046.46","28,759.80","18,286.66",QR Payment,FALSE,4.1,FALSE,FALSE
R01714,2026-02-20,?????,FALSE,A,Food & Beverage,Member Day,144,23,169,407.63,5.6%,"65,032.08","41,731.93","23,300.15",Credit Card,FALSE,4.1,FALSE,FALSE
R01853,2026-02-20,?????,FALSE,A,Food & Beverage,None,138,25,169,412.52,2.8%,"67,763.96","42,323.64","25,440.32",Credit Card,FALSE,4.2,FALSE,FALSE
R02607,2026-02-20,?????,FALSE,A,Food & Beverage,None,149,28,164,446.32,4.4%,"69,975.43","42,315.02","27,660.41",Credit Card,FALSE,4.7,FALSE,FALSE
R00097,2026-02-20,?????,FALSE,B,Food & Beverage,Payday Promo,121,20,162,429.78,11.5%,"61,617.81","37,816.79","23,801.02",E-Wallet,FALSE,4.8,FALSE,FALSE
R00778,2026-02-20,?????,FALSE,B,Fashion,None,73,16,65,277.13,0.0%,"18,013.26","10,966.51","7,046.75",E-Wallet,FALSE,3.5,FALSE,FALSE
R01677,2026-02-20,?????,FALSE,B,Home & Living,Payday Promo,156,21,103,"1,410.22",9.0%,"132,179.60","85,566.26","46,613.34",Credit Card,FALSE,4.3,FALSE,FALSE
R02108,2026-02-20,?????,FALSE,B,Food & Beverage,None,123,21,155,378.54,3.6%,"56,561.59","35,611.35","20,950.24",Mobile Banking,FALSE,3.5,FALSE,FALSE
R02476,2026-02-20,?????,FALSE,B,Food & Beverage,Member Day,78,19,77,212.54,6.5%,"15,301.81","9,316.70","5,985.11",Credit Card,FALSE,5,FALSE,FALSE
R02590,2026-02-20,?????,FALSE,B,Home & Living,Weekend Boost,81,18,50,545.68,7.4%,"25,265.15","15,855.18","9,409.97",Cash,FALSE,4.2,FALSE,FALSE
R00243,2026-02-20,?????,FALSE,C,Food & Beverage,Member Day,139,24,153,415.54,7.6%,"58,745.82","36,114.66","22,631.16",QR Payment,FALSE,4.4,FALSE,FALSE
R00276,2026-02-20,?????,FALSE,C,Food & Beverage,Weekend Boost,132,21,146,520.30,7.5%,"70,266.48","42,084.04","28,182.44",E-Wallet,FALSE,5,FALSE,FALSE
R00923,2026-02-20,?????,FALSE,C,Fashion,None,71,20,45,68.24,2.3%,"3,000.00","1,772.20","1,227.80",E-Wallet,FALSE,4,FALSE,FALSE
R01423,2026-02-20,?????,FALSE,C,Home & Living,Weekend Boost,101,20,61,956.28,8.3%,"53,491.60","34,689.60","18,802.00",QR Payment,FALSE,4.1,FALSE,FALSE
R01494,2026-02-20,?????,FALSE,C,Home & Living,Payday Promo,144,24,83,"1,110.74",10.6%,"82,418.99","51,542.54","30,876.45",Credit Card,FALSE,3.8,FALSE,FALSE
R02369,2026-02-20,?????,FALSE,C,Home & Living,Payday Promo,127,21,43,"1,901.69",10.9%,"72,859.39","46,585.89","26,273.50",E-Wallet,FALSE,4.9,FALSE,FALSE
R02681,2026-02-20,?????,FALSE,C,Fashion,Weekend Boost,113,20,90,720.83,7.5%,"60,009.34","34,928.00","25,081.34",Cash,FALSE,4.8,FALSE,FALSE
R00948,2026-02-20,?????,FALSE,D,Fashion,Member Day,164,28,120,917.64,6.9%,"102,519.12","61,456.55","41,062.57",Mobile Banking,FALSE,5,FALSE,FALSE
R01287,2026-02-20,?????,FALSE,D,Fashion,None,118,21,103,414.16,3.9%,"40,994.43","22,415.22","18,579.21",Credit Card,FALSE,3.5,FALSE,FALSE
R01472,2026-02-20,?????,FALSE,E,Home & Living,None,105,19,69,669.11,3.4%,"44,598.82","28,414.20","16,184.62",E-Wallet,FALSE,5,FALSE,FALSE
R02598,2026-02-20,?????,FALSE,E,Fashion,None,78,16,54,401.37,3.7%,"20,872.27","12,335.13","8,537.14",Mobile Banking,FALSE,5,FALSE,FALSE
R02792,2026-02-20,?????,FALSE,E,Beauty,Payday Promo,184,28,151,921.19,9.9%,"125,329.01","57,088.47","68,240.54",Credit Card,FALSE,4.2,FALSE,FALSE
R00196,2026-02-21,?????,TRUE,A,Fashion,None,212,28,189,762.81,1.2%,"142,440.14","81,834.51","60,605.63",Credit Card,FALSE,4.4,FALSE,FALSE
R01342,2026-02-21,?????,TRUE,A,Sports,None,87,14,72,392.18,2.5%,"27,530.94","16,134.20","11,396.74",Cash,FALSE,3.7,FALSE,FALSE
R01507,2026-02-21,?????,TRUE,A,Food & Beverage,None,125,17,145,526.25,2.2%,"74,627.20","43,089.47","31,537.73",Mobile Banking,FALSE,4.7,FALSE,FALSE
R02097,2026-02-21,?????,TRUE,A,Food & Beverage,Member Day,134,21,149,587.06,9.1%,"79,511.79","48,349.83","31,161.96",E-Wallet,FALSE,4.7,FALSE,FALSE
R00636,2026-02-21,?????,TRUE,B,Home & Living,None,100,20,72,535.44,4.2%,"36,932.29","23,881.77","13,050.52",E-Wallet,FALSE,3.9,FALSE,FALSE
R01405,2026-02-21,?????,TRUE,B,Fashion,None,155,25,145,638.13,4.3%,"88,550.14","50,885.86","37,664.28",QR Payment,FALSE,4.1,FALSE,FALSE
R02160,2026-02-21,?????,TRUE,B,Electronics,Member Day,64,14,1,"12,762.32",8.2%,"12,762.32","9,162.65","3,599.67",Credit Card,TRUE,4.3,FALSE,FALSE
R00211,2026-02-21,?????,TRUE,C,Food & Beverage,None,198,35,232,358.91,0.0%,"83,266.31","52,155.99","31,110.32",Credit Card,FALSE,4.3,FALSE,FALSE
R01375,2026-02-21,?????,TRUE,C,Food & Beverage,None,101,23,120,326.83,3.2%,"37,964.62","26,823.46","11,141.16",E-Wallet,FALSE,4.3,FALSE,FALSE
R00327,2026-02-21,?????,TRUE,D,Beauty,None,87,18,52,453.89,3.1%,"22,870.71","10,317.73","12,552.98",QR Payment,FALSE,3.7,FALSE,FALSE
R01629,2026-02-21,?????,TRUE,D,Fashion,None,157,25,138,688.78,5.6%,"89,728.95","52,937.53","36,791.42",Mobile Banking,FALSE,4.5,FALSE,FALSE
R01934,2026-02-21,?????,TRUE,D,Beauty,Member Day,150,24,124,676.08,7.3%,"77,714.35","38,182.60","39,531.75",E-Wallet,FALSE,4.3,FALSE,FALSE
R00056,2026-02-21,?????,TRUE,E,Fashion,None,108,22,111,288.09,2.4%,"31,211.00","16,957.67","14,253.33",E-Wallet,FALSE,4.7,FALSE,FALSE
R00752,2026-02-21,?????,TRUE,E,Home & Living,Member Day,58,18,36,91.88,9.3%,"3,000.00","2,009.98",990.02,Credit Card,FALSE,4,FALSE,FALSE
R01573,2026-02-21,?????,TRUE,E,Beauty,Clearance Sale,169,27,135,970.88,20.3%,"104,462.27","54,343.54","50,118.73",Credit Card,FALSE,4.8,FALSE,FALSE
R00072,2026-02-22,???????,TRUE,A,Electronics,Member Day,120,21,59,"1,301.56",8.7%,"70,111.01","50,182.10","19,928.91",Cash,TRUE,4.5,FALSE,FALSE
R00296,2026-02-22,???????,TRUE,A,Food & Beverage,None,148,28,188,332.77,3.4%,"60,433.29","38,299.65","22,133.64",Cash,FALSE,3.3,FALSE,FALSE
R00378,2026-02-22,???????,TRUE,A,Home & Living,Clearance Sale,131,20,48,"2,054.85",16.1%,"82,753.01","52,152.80","30,600.21",Credit Card,FALSE,3.8,FALSE,FALSE
R01108,2026-02-22,???????,TRUE,B,Fashion,None,127,22,105,630.74,1.8%,"65,035.09","35,523.49","29,511.60",QR Payment,FALSE,3.4,FALSE,FALSE
R02762,2026-02-22,???????,TRUE,B,Beauty,Payday Promo,132,26,107,675.00,10.4%,"64,713.79","32,500.25","32,213.54",Mobile Banking,FALSE,4.9,FALSE,FALSE
R02881,2026-02-22,???????,TRUE,B,Fashion,Clearance Sale,166,32,160,539.07,19.9%,"69,086.82","39,537.84","29,548.98",E-Wallet,FALSE,4.2,FALSE,FALSE
R02541,2026-02-22,???????,TRUE,C,Electronics,Member Day,161,26,59,"1,781.92",7.0%,"97,773.87","69,356.97","28,416.90",QR Payment,FALSE,4.8,FALSE,FALSE
R02646,2026-02-22,???????,TRUE,C,Fashion,Payday Promo,111,20,84,789.74,10.6%,"59,306.66","36,026.30","23,280.36",E-Wallet,FALSE,3.8,FALSE,FALSE
R02729,2026-02-22,???????,TRUE,C,Food & Beverage,Weekend Boost,131,20,141,726.43,6.9%,"95,359.69","56,602.72","38,756.97",Credit Card,FALSE,4.3,FALSE,FALSE
R00143,2026-02-22,???????,TRUE,D,Fashion,Payday Promo,160,31,127,556.36,10.3%,"63,380.06","37,565.25","25,814.81",Credit Card,FALSE,4.8,FALSE,FALSE
R02872,2026-02-22,???????,TRUE,D,Home & Living,None,122,23,57,973.10,2.8%,"53,913.82","36,547.96","17,365.86",E-Wallet,TRUE,4.3,FALSE,FALSE
R00539,2026-02-22,???????,TRUE,E,Beauty,Member Day,118,23,98,725.62,5.1%,"67,484.32","34,935.18","32,549.14",Credit Card,FALSE,3.8,FALSE,FALSE
R01756,2026-02-22,???????,TRUE,E,Home & Living,None,135,19,86,837.39,0.5%,"71,655.70","46,510.74","25,144.96",QR Payment,FALSE,3.6,FALSE,FALSE
R00316,2026-02-23,??????,FALSE,A,Fashion,None,117,21,106,328.48,3.9%,"33,460.59","19,347.93","14,112.66",QR Payment,FALSE,4,FALSE,FALSE
R01098,2026-02-23,??????,FALSE,A,Electronics,None,138,21,55,"1,705.02",1.8%,"92,088.29","63,225.62","28,862.67",QR Payment,FALSE,4.1,FALSE,FALSE
R01987,2026-02-23,??????,FALSE,A,Sports,Payday Promo,77,21,65,148.76,9.6%,"8,741.25","5,095.10","3,646.15",Credit Card,FALSE,4.2,FALSE,FALSE
R02388,2026-02-23,??????,FALSE,A,Home & Living,None,139,22,61,"1,511.05",5.4%,"87,196.72","58,011.85","29,184.87",Credit Card,FALSE,4.3,FALSE,FALSE
R00011,2026-02-23,??????,FALSE,B,Home & Living,Member Day,206,29,137,"1,159.29",11.4%,"140,716.36","91,678.93","49,037.43",Credit Card,FALSE,4.7,FALSE,FALSE
R01651,2026-02-23,??????,FALSE,B,Food & Beverage,Clearance Sale,167,23,209,665.38,17.3%,"115,006.51","65,460.73","49,545.78",QR Payment,FALSE,4.5,FALSE,FALSE
R02437,2026-02-23,??????,FALSE,B,Beauty,None,105,18,77,575.99,1.5%,"43,686.25","21,433.36","22,252.89",Credit Card,FALSE,3.8,FALSE,FALSE
R00314,2026-02-23,??????,FALSE,C,Fashion,Weekend Boost,160,26,137,802.90,6.2%,"103,178.08","59,719.26","43,458.82",E-Wallet,FALSE,3.9,FALSE,FALSE
R01976,2026-02-23,??????,FALSE,C,Food & Beverage,Member Day,94,19,111,494.79,10.5%,"49,155.33","28,943.25","20,212.08",Cash,FALSE,3.8,FALSE,FALSE
R02878,2026-02-23,??????,FALSE,C,Food & Beverage,None,180,25,214,651.69,4.1%,"133,743.03","81,245.50","52,497.53",Cash,FALSE,3.9,FALSE,FALSE
R00566,2026-02-23,??????,FALSE,D,Fashion,Member Day,149,22,124,933.02,5.5%,"109,331.13","63,021.11","46,310.02",Credit Card,FALSE,4.5,FALSE,FALSE
R00821,2026-02-23,??????,FALSE,D,Fashion,None,82,14,78,633.92,6.5%,"46,231.88","27,226.63","19,005.25",QR Payment,FALSE,4.7,FALSE,FALSE
R02458,2026-02-23,??????,FALSE,D,Fashion,None,153,22,124,809.48,1.7%,"98,668.93","56,955.71","41,713.22",Credit Card,FALSE,3.8,FALSE,FALSE
R01518,2026-02-23,??????,FALSE,E,Beauty,None,106,19,73,876.30,3.0%,"62,050.59","28,560.47","33,490.12",Cash,FALSE,4.4,FALSE,FALSE
R01733,2026-02-23,??????,FALSE,E,Fashion,Payday Promo,131,19,105,902.66,7.6%,"87,576.51","49,805.62","37,770.89",Mobile Banking,FALSE,4.6,FALSE,FALSE
R01818,2026-02-23,??????,FALSE,E,Home & Living,None,97,23,41,315.46,6.2%,"12,131.96","7,785.64","4,346.32",Mobile Banking,FALSE,4.1,FALSE,FALSE
R00371,2026-02-24,??????,FALSE,A,Food & Beverage,Member Day,176,26,209,585.90,7.2%,"113,636.49","72,612.06","41,024.43",Credit Card,FALSE,4.3,FALSE,FALSE
R00572,2026-02-24,??????,FALSE,A,Food & Beverage,None,122,19,160,508.36,1.4%,"80,199.22","51,974.81","28,224.41",QR Payment,FALSE,3.8,FALSE,FALSE
R00816,2026-02-24,??????,FALSE,A,Food & Beverage,None,222,31,275,586.12,4.5%,"153,929.38","97,188.25","56,741.13",E-Wallet,FALSE,4.7,FALSE,FALSE
R00822,2026-02-24,??????,FALSE,A,Fashion,None,84,15,71,545.80,3.9%,"37,240.21","22,114.23","15,125.98",Credit Card,FALSE,3.1,FALSE,FALSE
R00913,2026-02-24,??????,FALSE,A,Sports,Clearance Sale,97,18,43,"1,804.09",16.3%,"64,931.17","37,113.12","27,818.05",Mobile Banking,FALSE,5,FALSE,FALSE
R01652,2026-02-24,??????,FALSE,A,Food & Beverage,None,68,17,83,196.58,2.2%,"15,957.14","10,247.01","5,710.13",Credit Card,FALSE,4.1,FALSE,FALSE
R02390,2026-02-24,??????,FALSE,A,Beauty,None,136,18,104,"1,071.88",1.1%,"110,249.63","57,187.66","53,061.97",E-Wallet,FALSE,3.3,FALSE,FALSE
R01644,2026-02-24,??????,FALSE,B,Food & Beverage,None,166,27,217,414.80,2.4%,"87,851.49","53,220.74","34,630.75",QR Payment,FALSE,4.2,FALSE,FALSE
R01832,2026-02-24,??????,FALSE,B,Beauty,Member Day,107,22,69,732.74,7.0%,"47,019.77","23,075.74","23,944.03",Cash,FALSE,4.7,FALSE,FALSE
R02337,2026-02-24,??????,FALSE,B,Fashion,None,124,19,124,406.65,0.0%,"50,424.26","29,975.36","20,448.90",Credit Card,FALSE,4.5,FALSE,FALSE
R00073,2026-02-24,??????,FALSE,C,Food & Beverage,Member Day,144,27,188,420.25,11.5%,"69,921.89","46,559.98","23,361.91",E-Wallet,FALSE,4.9,FALSE,FALSE
R00952,2026-02-24,??????,FALSE,C,Fashion,None,140,20,117,876.88,2.3%,"100,235.22","58,054.40","42,180.82",Credit Card,FALSE,3.8,FALSE,FALSE
R00982,2026-02-24,??????,FALSE,C,Electronics,None,119,20,59,"1,158.24",3.4%,"66,012.77","49,544.82","16,467.95",Cash,FALSE,4.2,FALSE,FALSE
R02477,2026-02-24,??????,FALSE,C,Home & Living,Weekend Boost,122,25,82,641.29,7.6%,"48,589.21","30,397.65","18,191.56",Mobile Banking,FALSE,4.1,FALSE,FALSE
R00197,2026-02-24,??????,FALSE,D,Food & Beverage,None,134,28,155,299.75,3.5%,"44,834.61","27,123.25","17,711.36",E-Wallet,FALSE,4.2,FALSE,FALSE
R01008,2026-02-24,??????,FALSE,D,Food & Beverage,None,178,29,203,545.00,4.9%,"105,213.37","61,475.04","43,738.33",E-Wallet,TRUE,3.9,FALSE,FALSE
R02251,2026-02-24,??????,FALSE,D,Food & Beverage,None,159,23,195,468.49,8.6%,"83,498.09","50,148.16","33,349.93",E-Wallet,FALSE,4.7,FALSE,FALSE
R00536,2026-02-24,??????,FALSE,E,Electronics,None,179,28,82,"1,378.48",2.1%,"110,661.23","77,125.57","33,535.66",E-Wallet,TRUE,4,FALSE,FALSE
R02151,2026-02-24,??????,FALSE,E,Sports,Weekend Boost,153,26,75,"1,299.88",6.6%,"91,056.94","53,112.00","37,944.94",QR Payment,FALSE,4.7,FALSE,FALSE
R02332,2026-02-24,??????,FALSE,E,Beauty,Member Day,134,23,78,"1,013.77",6.8%,"73,696.86","35,476.75","38,220.11",Mobile Banking,FALSE,4.7,FALSE,FALSE
R00292,2026-02-25,???,FALSE,A,Beauty,Member Day,128,16,91,"1,007.84",9.3%,"83,184.47","41,212.93","41,971.54",Cash,FALSE,4.5,FALSE,FALSE
R00367,2026-02-25,???,FALSE,A,Electronics,None,163,29,65,"1,540.96",3.8%,"96,356.12","73,407.28","22,948.84",Credit Card,FALSE,4.3,FALSE,FALSE
R00579,2026-02-25,???,FALSE,A,Food & Beverage,None,111,23,134,233.06,1.2%,"30,855.91","19,164.59","11,691.32",Credit Card,FALSE,4.2,FALSE,FALSE
R01689,2026-02-25,???,FALSE,A,Electronics,Weekend Boost,116,22,62,732.29,4.4%,"43,404.48","32,611.17","10,793.31",E-Wallet,FALSE,4.2,FALSE,FALSE
R01782,2026-02-25,???,FALSE,A,Electronics,None,59,15,35,174.71,3.1%,"5,925.35","4,194.35","1,731.00",QR Payment,TRUE,3.4,FALSE,FALSE
R02142,2026-02-25,???,FALSE,A,Fashion,Payday Promo,131,23,108,917.33,6.0%,"93,127.44","55,295.69","37,831.75",QR Payment,FALSE,5,FALSE,FALSE
R01621,2026-02-25,???,FALSE,B,Food & Beverage,None,78,18,112,182.28,5.3%,"19,332.82","11,907.72","7,425.10",E-Wallet,TRUE,4.2,FALSE,FALSE
R00994,2026-02-25,???,FALSE,C,Food & Beverage,Member Day,212,30,263,636.75,6.7%,"156,245.06","96,657.28","59,587.78",Cash,FALSE,4,FALSE,FALSE
R01768,2026-02-25,???,FALSE,C,Beauty,None,101,22,66,635.65,4.8%,"39,939.37","19,250.75","20,688.62",Cash,FALSE,4.4,FALSE,FALSE
R01982,2026-02-25,???,FALSE,C,Beauty,None,33,18,32,98.68,5.0%,"3,000.00","1,531.36","1,468.64",QR Payment,FALSE,4.3,FALSE,FALSE
R00098,2026-02-25,???,FALSE,D,Electronics,Member Day,131,26,36,"1,132.89",7.4%,"37,765.97","26,321.89","11,444.08",QR Payment,FALSE,4.3,FALSE,FALSE
R00233,2026-02-25,???,FALSE,D,Food & Beverage,Member Day,46,11,49,65.13,6.0%,"3,000.00","1,929.56","1,070.44",Credit Card,FALSE,4.5,FALSE,FALSE
R00728,2026-02-25,???,FALSE,D,Electronics,None,144,17,82,"1,184.90",2.3%,"94,926.68","67,645.22","27,281.46",QR Payment,FALSE,3.8,FALSE,FALSE
R00763,2026-02-25,???,FALSE,D,Fashion,Payday Promo,157,31,115,697.17,9.9%,"72,237.29","40,923.34","31,313.95",E-Wallet,FALSE,4.3,FALSE,FALSE
R00005,2026-02-25,???,FALSE,E,Food & Beverage,Payday Promo,133,25,146,465.56,7.4%,"62,941.50","40,624.66","22,316.84",E-Wallet,FALSE,4.9,FALSE,FALSE
R00549,2026-02-25,???,FALSE,E,Beauty,None,76,17,57,417.54,2.1%,"23,299.90","12,269.40","11,030.50",Credit Card,FALSE,3.9,FALSE,FALSE
R01745,2026-02-25,???,FALSE,E,Fashion,None,106,25,95,255.70,1.1%,"24,024.39","14,371.33","9,653.06",QR Payment,FALSE,3.5,FALSE,FALSE
R01855,2026-02-25,???,FALSE,E,Sports,Member Day,148,20,90,"1,197.12",9.5%,"97,505.50","58,431.37","39,074.13",QR Payment,FALSE,4.7,FALSE,FALSE
R02293,2026-02-25,???,FALSE,E,Food & Beverage,None,105,18,123,404.58,5.2%,"47,176.16","28,465.57","18,710.59",QR Payment,FALSE,4,FALSE,FALSE
R02670,2026-02-25,???,FALSE,E,Home & Living,None,105,19,30,"1,178.07",3.4%,"34,140.46","22,323.54","11,816.92",Mobile Banking,FALSE,4.2,FALSE,FALSE
R00228,2026-02-26,????????,FALSE,A,Electronics,None,154,29,57,"1,303.05",3.0%,"72,045.66","50,657.65","21,388.01",Credit Card,FALSE,4.5,FALSE,FALSE
R01270,2026-02-26,????????,FALSE,A,Fashion,None,138,20,134,632.57,5.4%,"80,186.98","46,222.29","33,964.69",Mobile Banking,FALSE,4,FALSE,FALSE
R01750,2026-02-26,????????,FALSE,A,Fashion,Weekend Boost,164,25,145,689.71,4.5%,"95,507.16","55,665.26","39,841.90",Credit Card,FALSE,3.5,FALSE,FALSE
R00030,2026-02-26,????????,FALSE,C,Fashion,None,132,23,102,668.21,0.3%,"67,952.85","40,252.68","27,700.17",QR Payment,FALSE,3.9,FALSE,FALSE
R00629,2026-02-26,????????,FALSE,C,Food & Beverage,None,64,14,60,50.00,0.0%,"3,000.00","1,746.04","1,253.96",QR Payment,FALSE,4.3,FALSE,FALSE
R01805,2026-02-26,????????,FALSE,C,Electronics,None,106,24,23,"2,423.90",4.3%,"53,352.48","36,937.96","16,414.52",Credit Card,FALSE,3.8,FALSE,FALSE
R02679,2026-02-26,????????,FALSE,C,Sports,Member Day,161,19,101,"1,263.94",8.3%,"117,062.15","65,442.22","51,619.93",Credit Card,FALSE,3.8,FALSE,FALSE
R02749,2026-02-26,????????,FALSE,C,Fashion,None,132,21,114,752.82,4.4%,"82,045.37","47,814.53","34,230.84",Credit Card,FALSE,4,FALSE,FALSE
R00223,2026-02-26,????????,FALSE,D,Home & Living,Payday Promo,71,18,63,213.56,11.0%,"11,974.46","7,931.60","4,042.86",Credit Card,FALSE,3.7,FALSE,FALSE
R01446,2026-02-26,????????,FALSE,D,Food & Beverage,Member Day,100,20,108,377.30,7.0%,"37,896.46","23,741.92","14,154.54",QR Payment,TRUE,3.9,FALSE,FALSE
R02506,2026-02-26,????????,FALSE,D,Home & Living,None,124,24,53,"1,043.74",2.9%,"53,713.97","33,571.73","20,142.24",Credit Card,FALSE,4.3,FALSE,FALSE
R00028,2026-02-26,????????,FALSE,E,Home & Living,None,107,19,60,881.80,2.5%,"51,585.21","34,496.98","17,088.23",Mobile Banking,FALSE,4.1,FALSE,FALSE
R00458,2026-02-26,????????,FALSE,E,Beauty,None,158,25,92,894.17,4.5%,"78,561.78","39,561.35","39,000.43",Cash,FALSE,4.8,FALSE,FALSE
R02300,2026-02-26,????????,FALSE,E,Sports,None,83,13,52,666.55,1.0%,"34,314.16","20,525.08","13,789.08",QR Payment,FALSE,4.8,FALSE,FALSE
R01724,2026-02-27,?????,FALSE,A,Electronics,None,206,32,92,"1,541.30",4.6%,"135,277.15","103,148.45","32,128.70",E-Wallet,FALSE,3.3,FALSE,FALSE
R02019,2026-02-27,?????,FALSE,A,Sports,Weekend Boost,128,24,83,750.00,9.4%,"56,398.50","31,007.26","25,391.24",Credit Card,FALSE,4.4,FALSE,FALSE
R02262,2026-02-27,?????,FALSE,A,Fashion,None,187,26,168,712.54,3.3%,"115,756.63","68,472.53","47,284.10",E-Wallet,FALSE,4.2,FALSE,FALSE
R00205,2026-02-27,?????,FALSE,B,Beauty,Clearance Sale,80,18,54,288.19,19.3%,"12,558.90","6,845.49","5,713.41",Mobile Banking,FALSE,4.2,FALSE,FALSE
R00530,2026-02-27,?????,FALSE,B,Fashion,Payday Promo,160,23,134,920.48,10.3%,"110,639.47","59,863.79","50,775.68",QR Payment,FALSE,4.6,FALSE,FALSE
R02306,2026-02-27,?????,FALSE,B,Fashion,None,106,19,66,673.02,3.4%,"42,908.80","23,728.22","19,180.58",Mobile Banking,FALSE,4,FALSE,FALSE
R02371,2026-02-27,?????,FALSE,B,Food & Beverage,None,96,21,108,313.08,2.2%,"33,068.54","20,929.86","12,138.68",QR Payment,FALSE,4.8,FALSE,FALSE
R00118,2026-02-27,?????,FALSE,C,Food & Beverage,Payday Promo,157,23,198,621.13,9.0%,"111,914.83","68,803.46","43,111.37",QR Payment,FALSE,3.5,FALSE,FALSE
R01220,2026-02-27,?????,FALSE,C,Food & Beverage,None,198,27,233,600.04,0.5%,"139,109.39","79,533.73","59,575.66",E-Wallet,FALSE,3.4,FALSE,FALSE
R02083,2026-02-27,?????,FALSE,C,Food & Beverage,None,94,18,108,604.58,5.4%,"61,768.55","36,893.33","24,875.22",E-Wallet,FALSE,3.5,FALSE,FALSE
R02411,2026-02-27,?????,FALSE,C,Sports,Weekend Boost,119,23,58,685.64,5.2%,"37,699.13","21,225.13","16,474.00",QR Payment,FALSE,5,FALSE,FALSE
R00884,2026-02-27,?????,FALSE,D,Food & Beverage,None,210,28,259,559.07,2.2%,"141,614.06","85,774.97","55,839.09",Credit Card,FALSE,4,FALSE,FALSE
R01347,2026-02-27,?????,FALSE,D,Beauty,Payday Promo,108,19,80,732.50,11.3%,"51,978.43","24,508.43","27,470.00",Mobile Banking,FALSE,4.3,FALSE,FALSE
R01380,2026-02-27,?????,FALSE,D,Food & Beverage,Member Day,136,19,173,556.69,3.9%,"92,551.22","56,155.89","36,395.33",Credit Card,FALSE,4.1,FALSE,FALSE
R02813,2026-02-27,?????,FALSE,D,Beauty,Payday Promo,155,22,110,"1,184.12",10.7%,"116,315.79","58,958.60","57,357.19",Mobile Banking,FALSE,4.3,FALSE,FALSE
R00979,2026-02-27,?????,FALSE,E,Electronics,Weekend Boost,99,13,37,"2,082.46",8.8%,"70,270.43","49,078.98","21,191.45",Mobile Banking,FALSE,5,FALSE,FALSE
R01417,2026-02-27,?????,FALSE,E,Beauty,None,109,23,98,323.40,3.4%,"30,615.51","15,510.42","15,105.09",Credit Card,FALSE,3.2,FALSE,FALSE
R02602,2026-02-27,?????,FALSE,E,Fashion,None,80,14,66,775.30,1.5%,"50,402.10","28,668.44","21,733.66",Cash,FALSE,4.1,FALSE,FALSE
R00215,2026-02-28,?????,TRUE,A,Food & Beverage,Weekend Boost,207,31,250,554.35,5.3%,"131,241.20","77,985.70","53,255.50",Mobile Banking,FALSE,4.6,FALSE,FALSE
R00477,2026-02-28,?????,TRUE,A,Fashion,None,157,29,143,570.68,1.8%,"80,138.94","46,008.56","34,130.38",QR Payment,FALSE,4.3,FALSE,FALSE
R00596,2026-02-28,?????,TRUE,A,Sports,None,182,31,89,940.02,2.5%,"81,570.50","48,474.63","33,095.87",Mobile Banking,FALSE,3.7,FALSE,FALSE
R01030,2026-02-28,?????,TRUE,A,Electronics,None,105,21,67,784.78,2.0%,"51,528.38","38,158.63","13,369.75",Credit Card,FALSE,4,FALSE,FALSE
R01775,2026-02-28,?????,TRUE,A,Fashion,None,113,18,76,848.34,2.3%,"62,991.00","36,402.89","26,588.11",QR Payment,FALSE,3.8,FALSE,FALSE
R01969,2026-02-28,?????,TRUE,A,Food & Beverage,None,202,27,236,554.95,2.5%,"127,693.17","81,633.63","46,059.54",Credit Card,FALSE,4.1,FALSE,FALSE
R01992,2026-02-28,?????,TRUE,A,Home & Living,None,136,25,87,641.01,3.8%,"53,649.01","34,519.31","19,129.70",Cash,FALSE,3.4,FALSE,FALSE
R02430,2026-02-28,?????,TRUE,A,Home & Living,Weekend Boost,196,28,108,"1,417.03",8.3%,"140,337.12","90,949.52","49,387.60",E-Wallet,FALSE,5,FALSE,FALSE
R02841,2026-02-28,?????,TRUE,A,Food & Beverage,None,122,20,167,413.52,2.9%,"67,054.87","38,798.00","28,256.87",E-Wallet,FALSE,3.8,FALSE,FALSE
R00324,2026-02-28,?????,TRUE,B,Sports,Clearance Sale,140,23,68,"1,343.94",19.3%,"73,750.00","45,529.98","28,220.02",Credit Card,FALSE,4.6,FALSE,FALSE
R00836,2026-02-28,?????,TRUE,B,Food & Beverage,Payday Promo,172,31,197,470.02,10.1%,"83,242.51","50,811.75","32,430.76",Mobile Banking,FALSE,4,FALSE,FALSE
R00222,2026-02-28,?????,TRUE,C,Sports,Clearance Sale,128,22,95,542.60,15.9%,"43,350.68","24,359.33","18,991.35",Credit Card,FALSE,4.6,FALSE,FALSE
R01202,2026-02-28,?????,TRUE,C,Electronics,None,185,30,90,"1,412.05",4.1%,"121,873.86","88,140.89","33,732.97",Credit Card,FALSE,4.6,FALSE,FALSE
R01409,2026-02-28,?????,TRUE,C,Food & Beverage,None,113,22,131,361.48,4.6%,"45,176.19","25,924.52","19,251.67",Cash,FALSE,4.1,FALSE,FALSE
R02153,2026-02-28,?????,TRUE,C,Fashion,None,143,26,127,550.35,4.8%,"66,539.70","37,716.38","28,823.32",Mobile Banking,FALSE,3.7,FALSE,FALSE
R02835,2026-02-28,?????,TRUE,C,Fashion,None,112,16,111,514.53,3.1%,"55,342.42","31,660.35","23,682.07",E-Wallet,FALSE,4.4,FALSE,FALSE
R00873,2026-02-28,?????,TRUE,D,Food & Beverage,Payday Promo,138,27,168,355.64,11.4%,"52,935.72","32,724.03","20,211.69",Mobile Banking,FALSE,4.2,FALSE,FALSE
R02728,2026-02-28,?????,TRUE,D,Fashion,Clearance Sale,83,19,61,355.21,21.6%,"16,987.74","9,399.95","7,587.79",Credit Card,FALSE,4.2,FALSE,FALSE
R00328,2026-03-01,???????,TRUE,A,Food & Beverage,None,83,19,98,259.06,0.8%,"25,184.67","16,070.07","9,114.60",E-Wallet,FALSE,3.7,FALSE,FALSE
R00478,2026-03-01,???????,TRUE,A,Food & Beverage,Payday Promo,111,18,138,353.47,11.4%,"43,218.43","25,724.60","17,493.83",Credit Card,FALSE,4.3,FALSE,FALSE
R00625,2026-03-01,???????,TRUE,A,Sports,Member Day,113,17,70,904.23,6.0%,"59,498.62","34,320.95","25,177.67",Cash,FALSE,4.2,FALSE,FALSE
R02248,2026-03-01,???????,TRUE,A,Electronics,None,194,27,62,"2,391.53",3.4%,"143,233.60","109,683.82","33,549.78",Mobile Banking,FALSE,3.9,FALSE,FALSE
R02770,2026-03-01,???????,TRUE,A,Home & Living,Weekend Boost,164,25,94,"1,154.88",6.8%,"101,176.34","65,641.87","35,534.47",Mobile Banking,FALSE,4.1,FALSE,FALSE
R01211,2026-03-01,???????,TRUE,B,Sports,None,163,29,74,"1,007.29",3.4%,"72,005.46","41,050.01","30,955.45",Credit Card,FALSE,4.5,FALSE,FALSE
R01679,2026-03-01,???????,TRUE,B,Beauty,Weekend Boost,173,22,131,"1,045.36",6.2%,"128,451.80","58,766.93","69,684.87",Credit Card,FALSE,4.9,FALSE,FALSE
R01713,2026-03-01,???????,TRUE,B,Food & Beverage,Payday Promo,151,28,184,445.47,10.8%,"73,114.51","45,759.01","27,355.50",Credit Card,FALSE,3.8,FALSE,FALSE
R00395,2026-03-01,???????,TRUE,C,Food & Beverage,None,113,22,134,275.14,2.5%,"35,947.04","21,805.31","14,141.73",Mobile Banking,FALSE,5,FALSE,FALSE
R02737,2026-03-01,???????,TRUE,C,Beauty,Member Day,110,24,87,321.49,5.8%,"26,347.79","13,015.50","13,332.29",Credit Card,FALSE,4.2,FALSE,FALSE
R00027,2026-03-01,???????,TRUE,D,Sports,Member Day,162,25,104,"1,043.21",9.7%,"97,970.28","53,094.68","44,875.60",Cash,FALSE,4.8,FALSE,FALSE
R00414,2026-03-01,???????,TRUE,D,Food & Beverage,Payday Promo,193,31,253,407.83,8.8%,"94,102.12","58,880.44","35,221.68",Credit Card,FALSE,4.3,FALSE,FALSE
R01152,2026-03-01,???????,TRUE,D,Sports,Member Day,163,29,95,756.52,5.5%,"67,916.57","38,165.16","29,751.41",Credit Card,FALSE,5,FALSE,FALSE
R01543,2026-03-01,???????,TRUE,D,Electronics,None,118,25,55,711.77,4.4%,"37,424.81","25,561.89","11,862.92",Mobile Banking,FALSE,3.8,FALSE,FALSE
R02375,2026-03-01,???????,TRUE,D,Home & Living,None,85,18,44,258.14,3.0%,"11,017.32","7,174.86","3,842.46",Credit Card,FALSE,3.4,FALSE,FALSE
R02778,2026-03-01,???????,TRUE,D,Beauty,Payday Promo,216,37,178,771.44,7.6%,"126,879.68","63,179.10","63,700.58",Credit Card,FALSE,4.7,FALSE,FALSE
R00537,2026-03-01,???????,TRUE,E,Electronics,None,129,21,52,"1,455.66",3.9%,"72,742.26","50,977.59","21,764.67",Credit Card,FALSE,4.6,FALSE,FALSE
R00817,2026-03-01,???????,TRUE,E,Fashion,None,163,28,128,636.33,2.1%,"79,739.85","48,832.70","30,907.15",E-Wallet,FALSE,3.8,FALSE,FALSE
R00916,2026-03-01,???????,TRUE,E,Food & Beverage,None,178,31,211,423.09,0.0%,"89,271.51","55,842.86","33,428.65",Mobile Banking,FALSE,3.8,FALSE,FALSE
R01268,2026-03-01,???????,TRUE,E,Sports,Payday Promo,108,19,70,882.38,11.1%,"54,910.45","31,272.57","23,637.88",Mobile Banking,FALSE,5,FALSE,FALSE
R01672,2026-03-01,???????,TRUE,E,Electronics,Payday Promo,192,30,77,"1,695.05",7.2%,"121,121.27","91,888.76","29,232.51",QR Payment,FALSE,5,FALSE,FALSE
R01893,2026-03-01,???????,TRUE,E,Beauty,None,81,20,36,456.28,3.9%,"15,785.44","7,657.75","8,127.69",QR Payment,FALSE,3.4,FALSE,FALSE
R02340,2026-03-01,???????,TRUE,E,Fashion,Weekend Boost,156,24,102,"1,005.78",4.0%,"98,486.24","54,101.90","44,384.34",Credit Card,FALSE,4.6,FALSE,FALSE
R00887,2026-03-02,??????,FALSE,A,Home & Living,Member Day,127,24,69,822.82,5.0%,"53,936.02","35,028.21","18,907.81",Mobile Banking,FALSE,4.5,FALSE,FALSE
R01151,2026-03-02,??????,FALSE,A,Electronics,None,76,17,11,"2,727.51",1.8%,"29,462.55","20,927.95","8,534.60",Cash,FALSE,3.5,FALSE,FALSE
R01749,2026-03-02,??????,FALSE,A,Sports,None,167,25,95,"1,403.77",3.8%,"128,290.54","75,851.26","52,439.28",Credit Card,FALSE,4.7,FALSE,FALSE
R02216,2026-03-02,??????,FALSE,A,Fashion,Payday Promo,132,21,127,761.96,10.9%,"86,220.67","50,664.78","35,555.89",Credit Card,FALSE,4,FALSE,FALSE
R02496,2026-03-02,??????,FALSE,A,Electronics,Member Day,141,25,59,"1,644.32",8.9%,"88,380.63","62,563.44","25,817.19",Cash,FALSE,4.5,FALSE,FALSE
R01842,2026-03-02,??????,FALSE,B,Beauty,None,161,25,128,713.74,2.9%,"88,709.14","41,185.36","47,523.78",Mobile Banking,FALSE,3.8,FALSE,FALSE
R02068,2026-03-02,??????,FALSE,B,Food & Beverage,Payday Promo,103,19,122,382.14,8.4%,"42,704.65","27,328.58","15,376.07",Mobile Banking,FALSE,4.6,FALSE,FALSE
R01427,2026-03-02,??????,FALSE,C,Beauty,Payday Promo,117,17,88,"1,067.33",11.3%,"83,311.32","39,000.82","44,310.50",E-Wallet,FALSE,4.3,FALSE,FALSE
R01533,2026-03-02,??????,FALSE,D,Food & Beverage,Payday Promo,116,21,130,557.67,9.7%,"65,464.93","41,434.52","24,030.41",Credit Card,FALSE,4.2,FALSE,FALSE
R02705,2026-03-02,??????,FALSE,D,Home & Living,Weekend Boost,111,18,74,"1,029.96",6.6%,"71,187.02","44,730.25","26,456.77",Credit Card,FALSE,4.3,FALSE,FALSE
R02990,2026-03-02,??????,FALSE,D,Electronics,None,125,21,81,605.37,1.2%,"48,446.55","35,306.40","13,140.15",E-Wallet,FALSE,4.4,FALSE,FALSE
R01025,2026-03-02,??????,FALSE,E,Fashion,Payday Promo,81,19,78,363.74,11.0%,"25,250.58","14,594.65","10,655.93",Mobile Banking,FALSE,4,FALSE,FALSE
R01149,2026-03-02,??????,FALSE,E,Fashion,Payday Promo,165,25,142,819.81,6.7%,"108,613.86","64,307.69","44,306.17",Cash,TRUE,4.4,FALSE,FALSE
R01240,2026-03-02,??????,FALSE,E,Food & Beverage,Payday Promo,146,26,158,580.43,10.5%,"82,078.59","53,213.72","28,864.87",Cash,FALSE,4.6,FALSE,FALSE
R02662,2026-03-03,??????,FALSE,A,Food & Beverage,Weekend Boost,102,19,109,431.06,9.1%,"42,709.95","26,934.55","15,775.40",QR Payment,FALSE,4.6,FALSE,FALSE
R02800,2026-03-03,??????,FALSE,A,Electronics,Clearance Sale,148,19,75,"1,812.25",20.3%,"108,327.49","79,118.15","29,209.34",Mobile Banking,FALSE,4.6,FALSE,FALSE
R00468,2026-03-03,??????,FALSE,B,Food & Beverage,None,117,21,131,436.42,2.5%,"55,741.46","34,957.71","20,783.75",Credit Card,FALSE,4.1,FALSE,FALSE
R00901,2026-03-03,??????,FALSE,B,Fashion,Weekend Boost,156,22,128,994.44,6.1%,"119,523.25","66,137.52","53,385.73",Credit Card,FALSE,5,FALSE,FALSE
R01362,2026-03-03,??????,FALSE,B,Home & Living,Member Day,119,24,76,684.39,7.1%,"48,320.46","31,563.14","16,757.32",Mobile Banking,FALSE,5,FALSE,FALSE
R01561,2026-03-03,??????,FALSE,B,Food & Beverage,Clearance Sale,181,28,221,606.16,16.0%,"112,527.83","70,034.35","42,493.48",E-Wallet,FALSE,4.3,FALSE,FALSE
R01572,2026-03-03,??????,FALSE,B,Fashion,None,99,18,83,759.50,3.4%,"60,895.54","36,645.30","24,250.24",Cash,FALSE,3.8,FALSE,FALSE
R02255,2026-03-03,??????,FALSE,B,Fashion,None,119,25,102,431.74,6.2%,"41,307.53","24,285.33","17,022.20",Mobile Banking,FALSE,3.8,FALSE,FALSE
R02535,2026-03-03,??????,FALSE,B,Electronics,None,158,24,73,"1,337.03",3.6%,"94,089.50","70,773.05","23,316.45",Mobile Banking,FALSE,4.5,FALSE,FALSE
R02049,2026-03-03,??????,FALSE,C,Food & Beverage,None,164,24,196,532.34,4.2%,"99,956.62","63,597.69","36,358.93",Credit Card,FALSE,3.9,FALSE,FALSE
R02292,2026-03-03,??????,FALSE,C,Beauty,Member Day,123,17,99,977.38,9.4%,"87,664.84","43,295.05","44,369.79",Mobile Banking,FALSE,4.9,FALSE,FALSE
R00841,2026-03-03,??????,FALSE,D,Fashion,Payday Promo,122,27,108,410.13,10.6%,"39,598.62","22,487.45","17,111.17",QR Payment,FALSE,4.1,FALSE,FALSE
R01195,2026-03-03,??????,FALSE,D,Fashion,None,132,22,129,578.88,0.4%,"74,377.45","44,439.10","29,938.35",Credit Card,FALSE,4.3,FALSE,FALSE
R02158,2026-03-03,??????,FALSE,D,Beauty,None,136,23,79,880.39,4.4%,"66,490.40","34,028.64","32,461.76",E-Wallet,FALSE,3.9,FALSE,FALSE
R00351,2026-03-04,???,FALSE,A,Home & Living,None,88,18,56,710.51,5.0%,"37,799.37","24,981.15","12,818.22",QR Payment,FALSE,5,FALSE,FALSE
R00365,2026-03-04,???,FALSE,A,Food & Beverage,None,156,25,191,462.96,1.2%,"87,364.54","54,852.82","32,511.72",Credit Card,FALSE,4.9,FALSE,FALSE
R00973,2026-03-04,???,FALSE,A,Food & Beverage,None,188,33,230,388.71,1.5%,"88,063.24","53,227.93","34,835.31",QR Payment,FALSE,4.9,FALSE,FALSE
R00492,2026-03-04,???,FALSE,B,Home & Living,Clearance Sale,50,13,12,307.13,18.6%,"3,000.00","1,984.48","1,015.52",Credit Card,FALSE,4.9,FALSE,FALSE
R02333,2026-03-04,???,FALSE,B,Fashion,None,112,19,78,973.20,2.1%,"74,315.26","43,869.30","30,445.96",Cash,FALSE,4,FALSE,FALSE
R02336,2026-03-04,???,FALSE,B,Fashion,None,153,19,116,860.34,0.0%,"99,799.39","60,324.05","39,475.34",Mobile Banking,FALSE,4.1,FALSE,FALSE
R02655,2026-03-04,???,FALSE,B,Food & Beverage,None,203,27,250,671.46,5.1%,"159,303.12","95,527.46","63,775.66",QR Payment,FALSE,4.5,FALSE,FALSE
R00772,2026-03-04,???,FALSE,C,Food & Beverage,None,131,24,155,435.21,3.3%,"65,231.48","42,706.51","22,524.97",E-Wallet,FALSE,5,FALSE,FALSE
R01278,2026-03-04,???,FALSE,C,Sports,None,199,29,137,"1,034.68",4.5%,"135,372.73","77,983.50","57,389.23",QR Payment,FALSE,4,FALSE,FALSE
R01706,2026-03-04,???,FALSE,C,Food & Beverage,Payday Promo,157,26,198,450.18,12.4%,"78,082.88","47,897.29","30,185.59",E-Wallet,FALSE,4.5,FALSE,FALSE
R01732,2026-03-04,???,FALSE,C,Fashion,Payday Promo,148,29,109,804.83,7.7%,"80,972.01","45,843.11","35,128.90",E-Wallet,FALSE,4.4,FALSE,FALSE
R02825,2026-03-04,???,FALSE,C,Beauty,Member Day,140,26,110,586.49,5.4%,"61,029.95","29,599.66","31,430.29",Credit Card,FALSE,4.9,FALSE,FALSE
R00450,2026-03-04,???,FALSE,D,Electronics,Member Day,102,22,42,900.74,5.9%,"35,599.21","26,977.35","8,621.86",E-Wallet,FALSE,4.7,FALSE,FALSE
R00862,2026-03-04,???,FALSE,D,Fashion,None,143,24,112,749.86,3.5%,"81,044.81","45,814.51","35,230.30",QR Payment,FALSE,3.2,FALSE,FALSE
R01506,2026-03-04,???,FALSE,D,Fashion,None,168,28,137,646.01,2.5%,"86,291.29","50,103.58","36,187.71",QR Payment,FALSE,4,FALSE,FALSE
R01050,2026-03-04,???,FALSE,E,Fashion,None,126,27,92,523.42,5.0%,"45,746.85","25,413.92","20,332.93",E-Wallet,FALSE,4.3,FALSE,FALSE
R01358,2026-03-04,???,FALSE,E,Beauty,Clearance Sale,122,21,77,"1,246.66",18.9%,"77,850.13","35,813.64","42,036.49",E-Wallet,FALSE,4.5,FALSE,FALSE
R01499,2026-03-04,???,FALSE,E,Fashion,Member Day,146,19,108,955.75,7.5%,"95,479.16","57,644.01","37,835.15",Credit Card,FALSE,4.2,FALSE,FALSE
R02091,2026-03-04,???,FALSE,E,Food & Beverage,Payday Promo,142,18,159,789.09,10.3%,"112,541.98","71,853.32","40,688.66",E-Wallet,FALSE,3.9,FALSE,FALSE
R02675,2026-03-04,???,FALSE,E,Food & Beverage,None,156,24,189,484.63,1.2%,"90,496.57","54,835.46","35,661.11",Mobile Banking,FALSE,3.1,FALSE,FALSE
R00111,2026-03-05,????????,FALSE,A,Fashion,None,180,28,178,611.90,1.7%,"107,066.73","61,803.45","45,263.28",E-Wallet,FALSE,4,FALSE,FALSE
R00633,2026-03-05,????????,FALSE,A,Fashion,Member Day,71,16,54,287.26,7.6%,"14,332.91","8,037.32","6,295.59",Cash,FALSE,3.7,FALSE,FALSE
R00334,2026-03-05,????????,FALSE,B,Home & Living,None,160,24,104,894.81,1.9%,"91,292.39","59,877.50","31,414.89",E-Wallet,FALSE,3.1,FALSE,FALSE
R00672,2026-03-05,????????,FALSE,B,Beauty,None,134,26,96,516.85,1.7%,"48,774.12","24,294.91","24,479.21",Credit Card,FALSE,4.7,FALSE,FALSE
R01741,2026-03-05,????????,FALSE,B,Beauty,None,164,20,125,"1,099.23",1.6%,"135,205.69","67,189.65","68,016.04",Mobile Banking,FALSE,4,FALSE,FALSE
R02451,2026-03-05,????????,FALSE,B,Home & Living,None,177,27,92,"1,083.52",2.3%,"97,390.67","63,974.19","33,416.48",QR Payment,FALSE,4.3,FALSE,FALSE
R02809,2026-03-05,????????,FALSE,B,Beauty,None,129,22,111,594.40,2.3%,"64,461.15","32,082.57","32,378.58",Mobile Banking,FALSE,4.7,FALSE,FALSE
R00063,2026-03-05,????????,FALSE,C,Home & Living,None,131,19,80,"1,001.19",0.7%,"79,534.58","54,182.61","25,351.97",E-Wallet,FALSE,4.3,FALSE,FALSE
R00554,2026-03-05,????????,FALSE,C,Fashion,Member Day,135,30,129,285.85,6.1%,"34,625.42","19,674.61","14,950.81",Mobile Banking,FALSE,4.3,FALSE,FALSE
R00574,2026-03-05,????????,FALSE,C,Electronics,Clearance Sale,84,21,43,154.47,17.9%,"5,453.35","3,940.37","1,512.98",Cash,FALSE,4.2,FALSE,FALSE
R01787,2026-03-05,????????,FALSE,C,Fashion,None,117,19,85,644.65,4.0%,"52,603.29","30,903.88","21,699.41",E-Wallet,FALSE,4.5,FALSE,FALSE
R02348,2026-03-05,????????,FALSE,C,Electronics,None,169,20,67,"2,370.09",4.9%,"151,015.16","107,705.88","43,309.28",E-Wallet,FALSE,4.5,FALSE,FALSE
R02497,2026-03-05,????????,FALSE,C,Food & Beverage,Clearance Sale,122,21,129,490.45,17.5%,"52,196.29","32,136.05","20,060.24",QR Payment,FALSE,4,FALSE,FALSE
R00715,2026-03-05,????????,FALSE,D,Food & Beverage,None,222,33,270,541.90,2.8%,"142,216.62","90,159.53","52,057.09",Mobile Banking,FALSE,4.4,FALSE,FALSE
R00145,2026-03-05,????????,FALSE,E,Sports,None,124,16,99,971.52,0.0%,"96,180.12","55,278.16","40,901.96",QR Payment,FALSE,3.9,FALSE,FALSE
R01075,2026-03-05,????????,FALSE,E,Beauty,Payday Promo,72,9,57,928.52,10.7%,"47,262.48","23,178.38","24,084.10",Mobile Banking,FALSE,3.9,FALSE,FALSE
R01076,2026-03-05,????????,FALSE,E,Sports,None,103,17,61,"1,048.17",2.5%,"62,340.08","31,679.76","30,660.32",Credit Card,FALSE,4.5,FALSE,FALSE
R01329,2026-03-05,????????,FALSE,E,Fashion,Payday Promo,103,17,93,558.81,10.2%,"46,668.10","26,299.27","20,368.83",QR Payment,FALSE,4.1,FALSE,FALSE
R01598,2026-03-05,????????,FALSE,E,Sports,None,20,13,16,189.59,1.1%,"3,000.00","1,639.18","1,360.82",E-Wallet,FALSE,4.2,FALSE,FALSE
R02989,2026-03-05,????????,FALSE,E,Fashion,None,196,30,173,661.60,0.9%,"113,426.73","65,239.71","48,187.02",Credit Card,FALSE,3.8,FALSE,FALSE
R00494,2026-03-06,?????,FALSE,A,Beauty,None,189,29,145,860.23,1.8%,"122,487.83","59,830.74","62,657.09",Credit Card,FALSE,4.1,FALSE,FALSE
R01317,2026-03-06,?????,FALSE,A,Food & Beverage,Payday Promo,130,22,138,535.67,11.5%,"65,421.50","43,184.34","22,237.16",Credit Card,FALSE,4.5,FALSE,FALSE
R02271,2026-03-06,?????,FALSE,A,Beauty,Member Day,147,21,115,813.25,4.2%,"89,596.25","43,822.20","45,774.05",Credit Card,FALSE,4.7,FALSE,FALSE
R02514,2026-03-06,?????,FALSE,A,Home & Living,None,122,18,48,"1,567.62",0.4%,"74,944.68","47,434.76","27,509.92",QR Payment,FALSE,3.9,FALSE,FALSE
R02735,2026-03-06,?????,FALSE,A,Fashion,None,150,22,131,831.42,0.9%,"107,936.34","57,527.69","50,408.65",Credit Card,FALSE,4.3,FALSE,FALSE
R02741,2026-03-06,?????,FALSE,A,Food & Beverage,None,86,16,99,317.34,3.0%,"30,474.64","19,307.63","11,167.01",Cash,FALSE,4.9,FALSE,FALSE
R02431,2026-03-06,?????,FALSE,B,Food & Beverage,None,193,26,237,564.73,0.3%,"133,438.94","81,669.69","51,769.25",E-Wallet,FALSE,3.5,FALSE,FALSE
R02549,2026-03-06,?????,FALSE,B,Electronics,None,148,27,44,"1,222.58",3.4%,"51,964.69","38,101.30","13,863.39",Mobile Banking,FALSE,3.5,FALSE,FALSE
R02868,2026-03-06,?????,FALSE,B,Fashion,None,159,23,130,851.86,4.9%,"105,315.60","59,836.06","45,479.54",QR Payment,FALSE,4.2,FALSE,FALSE
R00553,2026-03-06,?????,FALSE,C,Food & Beverage,None,145,19,190,586.95,0.8%,"110,627.71","70,830.85","39,796.86",QR Payment,FALSE,4.4,FALSE,FALSE
R02301,2026-03-06,?????,FALSE,C,Food & Beverage,Member Day,93,22,89,150.18,6.6%,"12,483.80","7,512.99","4,970.81",Credit Card,FALSE,4.3,FALSE,FALSE
R02942,2026-03-06,?????,FALSE,C,Fashion,None,123,22,102,479.94,0.8%,"48,562.29","28,250.51","20,311.78",Cash,TRUE,3.8,FALSE,FALSE
R01343,2026-03-06,?????,FALSE,D,Sports,Weekend Boost,111,21,63,700.89,6.0%,"41,506.43","23,626.39","17,880.04",Credit Card,FALSE,4.2,FALSE,FALSE
R01615,2026-03-06,?????,FALSE,D,Electronics,None,74,13,10,"3,743.47",3.4%,"36,161.94","27,261.84","8,900.10",Mobile Banking,FALSE,4.1,FALSE,FALSE
R00394,2026-03-06,?????,FALSE,E,Home & Living,Weekend Boost,147,20,87,"1,375.68",6.6%,"111,785.17","71,976.07","39,809.10",QR Payment,FALSE,4,FALSE,FALSE
R02700,2026-03-06,?????,FALSE,E,Electronics,Weekend Boost,111,20,26,"3,085.59",9.6%,"72,523.77","50,775.11","21,748.66",Mobile Banking,FALSE,4.6,FALSE,FALSE
R02806,2026-03-06,?????,FALSE,E,Beauty,Member Day,120,24,78,661.49,8.3%,"47,313.69","21,710.24","25,603.45",E-Wallet,FALSE,5,FALSE,FALSE
R00403,2026-03-07,?????,TRUE,A,Fashion,None,114,19,88,936.95,4.5%,"78,741.48","45,890.63","32,850.85",QR Payment,FALSE,4.7,FALSE,FALSE
R00699,2026-03-07,?????,TRUE,A,Food & Beverage,None,137,25,167,852.15,3.1%,"137,897.80","85,232.23","52,665.57",Credit Card,FALSE,5,TRUE,FALSE
R01860,2026-03-07,?????,TRUE,A,Home & Living,Weekend Boost,119,20,65,"1,314.02",7.8%,"78,749.42","53,223.06","25,526.36",Credit Card,FALSE,4.6,FALSE,FALSE
R01947,2026-03-07,?????,TRUE,A,Home & Living,Member Day,134,19,65,"1,457.63",8.5%,"86,692.59","55,211.76","31,480.83",Credit Card,FALSE,4.7,FALSE,FALSE
R02155,2026-03-07,?????,TRUE,A,Beauty,None,128,23,100,547.36,2.7%,"53,257.70","26,958.58","26,299.12",E-Wallet,FALSE,3.9,FALSE,FALSE
R02536,2026-03-07,?????,TRUE,A,Food & Beverage,None,167,24,189,946.54,4.4%,"171,024.51","101,753.65","69,270.86",Mobile Banking,FALSE,3.9,TRUE,FALSE
R02860,2026-03-07,?????,TRUE,A,Beauty,None,136,27,112,612.16,5.3%,"64,927.80","32,319.34","32,608.46",E-Wallet,FALSE,4.5,FALSE,FALSE
R00110,2026-03-07,?????,TRUE,B,Electronics,Member Day,134,21,61,"1,473.53",8.9%,"81,885.37","59,933.67","21,951.70",Credit Card,FALSE,3.7,FALSE,FALSE
R00035,2026-03-07,?????,TRUE,C,Food & Beverage,None,118,25,131,295.00,0.3%,"38,528.68","23,033.78","15,494.90",Cash,FALSE,4.3,FALSE,FALSE
R01580,2026-03-07,?????,TRUE,D,Beauty,None,167,29,116,782.44,4.3%,"86,860.35","43,894.09","42,966.26",Mobile Banking,FALSE,3.2,FALSE,FALSE
R02577,2026-03-07,?????,TRUE,D,Food & Beverage,None,159,23,187,542.93,1.2%,"100,309.78","60,586.09","39,723.69",QR Payment,FALSE,4.4,FALSE,FALSE
R00202,2026-03-07,?????,TRUE,E,Sports,Weekend Boost,121,19,56,"1,287.02",7.8%,"66,451.54","35,591.31","30,860.23",Credit Card,FALSE,4.6,FALSE,FALSE
R00714,2026-03-07,?????,TRUE,E,Fashion,Weekend Boost,189,27,149,826.41,9.5%,"111,437.73","64,014.19","47,423.54",QR Payment,FALSE,4.1,FALSE,FALSE
R01529,2026-03-07,?????,TRUE,E,Food & Beverage,None,128,24,156,378.15,3.3%,"57,045.19","37,176.05","19,869.14",Mobile Banking,FALSE,4.6,FALSE,FALSE
R01784,2026-03-07,?????,TRUE,E,Fashion,Member Day,134,23,122,721.41,7.4%,"81,498.66","49,253.86","32,244.80",QR Payment,FALSE,4.2,FALSE,FALSE
R01859,2026-03-07,?????,TRUE,E,Home & Living,None,177,27,93,"1,213.51",3.6%,"108,793.34","68,205.51","40,587.83",E-Wallet,FALSE,4.3,FALSE,FALSE
R00053,2026-03-08,???????,TRUE,A,Home & Living,None,142,27,88,697.55,3.6%,"59,174.41","39,698.05","19,476.36",Credit Card,FALSE,5,FALSE,FALSE
R02141,2026-03-08,???????,TRUE,A,Food & Beverage,Payday Promo,136,25,170,274.77,10.0%,"42,039.18","26,122.39","15,916.79",Credit Card,FALSE,5,FALSE,FALSE
R00937,2026-03-08,???????,TRUE,B,Food & Beverage,None,148,22,174,552.36,5.7%,"90,632.30","58,495.95","32,136.35",Credit Card,FALSE,4.4,FALSE,FALSE
R02567,2026-03-08,???????,TRUE,B,Beauty,None,122,24,78,539.13,2.9%,"40,832.81","21,001.78","19,831.03",QR Payment,FALSE,3.9,FALSE,FALSE
R02986,2026-03-08,???????,TRUE,B,Fashion,Weekend Boost,85,11,49,"1,229.82",6.3%,"56,464.64","33,438.22","23,026.42",Credit Card,FALSE,4.6,FALSE,FALSE
R02318,2026-03-08,???????,TRUE,C,Fashion,Weekend Boost,204,32,184,731.71,7.6%,"124,403.09","76,478.47","47,924.62",E-Wallet,FALSE,4.5,FALSE,FALSE
R02467,2026-03-08,???????,TRUE,C,Fashion,Member Day,108,21,75,716.36,9.2%,"48,784.19","27,492.35","21,291.84",Mobile Banking,FALSE,4.8,FALSE,FALSE
R02798,2026-03-08,???????,TRUE,C,Food & Beverage,None,113,20,113,326.65,2.2%,"36,098.95","21,339.51","14,759.44",E-Wallet,FALSE,4.3,FALSE,FALSE
R02924,2026-03-08,???????,TRUE,C,Food & Beverage,Member Day,136,22,156,575.28,8.9%,"81,756.12","48,203.14","33,552.98",Mobile Banking,FALSE,3.8,FALSE,FALSE
R01069,2026-03-08,???????,TRUE,D,Electronics,Payday Promo,152,24,70,"1,501.56",9.4%,"95,228.99","70,912.31","24,316.68",QR Payment,FALSE,5,FALSE,FALSE
R02267,2026-03-08,???????,TRUE,D,Fashion,None,86,22,84,36.74,2.8%,"3,000.00","1,728.40","1,271.60",Credit Card,FALSE,3.9,FALSE,FALSE
R00658,2026-03-08,???????,TRUE,E,Fashion,None,126,22,82,948.75,3.1%,"75,386.13","43,847.52","31,538.61",Cash,FALSE,3.8,FALSE,FALSE
R01226,2026-03-08,???????,TRUE,E,Electronics,None,214,28,80,"1,975.81",2.7%,"153,797.31","106,832.48","46,964.83",Cash,FALSE,4.1,FALSE,FALSE
R01704,2026-03-08,???????,TRUE,E,Food & Beverage,None,154,26,164,581.79,5.3%,"90,356.60","55,737.71","34,618.89",QR Payment,FALSE,4.3,FALSE,FALSE
R02276,2026-03-08,???????,TRUE,E,Beauty,None,176,22,120,937.72,1.0%,"111,400.95","55,587.00","55,813.95",QR Payment,FALSE,4,FALSE,FALSE
R00604,2026-03-09,??????,FALSE,A,Electronics,None,163,20,55,"2,164.25",4.9%,"113,200.85","78,643.11","34,557.74",Mobile Banking,FALSE,4,FALSE,FALSE
R01394,2026-03-09,??????,FALSE,A,Food & Beverage,None,103,23,121,270.14,2.3%,"31,935.64","20,548.86","11,386.78",Cash,FALSE,4.4,FALSE,FALSE
R02035,2026-03-09,??????,FALSE,A,Food & Beverage,None,106,26,136,243.21,4.1%,"31,720.01","19,581.33","12,138.68",Credit Card,FALSE,4.1,FALSE,FALSE
R02352,2026-03-09,??????,FALSE,A,Home & Living,Clearance Sale,194,33,130,"1,036.62",20.0%,"107,808.90","67,957.77","39,851.13",Credit Card,FALSE,4,FALSE,FALSE
R00777,2026-03-09,??????,FALSE,B,Food & Beverage,None,137,26,168,333.45,4.8%,"53,330.92","33,676.34","19,654.58",Credit Card,FALSE,3.9,FALSE,FALSE
R01882,2026-03-09,??????,FALSE,B,Food & Beverage,Member Day,196,30,249,418.44,9.1%,"94,710.92","57,979.11","36,731.81",Mobile Banking,FALSE,4.8,FALSE,FALSE
R02109,2026-03-09,??????,FALSE,B,Food & Beverage,Payday Promo,142,32,178,293.75,10.2%,"46,954.14","30,338.43","16,615.71",Mobile Banking,FALSE,4.2,FALSE,FALSE
R02137,2026-03-09,??????,FALSE,B,Sports,None,90,16,52,"1,131.27",1.9%,"57,708.47","32,803.42","24,905.05",QR Payment,FALSE,4,FALSE,FALSE
R02547,2026-03-09,??????,FALSE,B,Fashion,Member Day,109,21,99,579.12,7.4%,"53,090.28","29,457.92","23,632.36",Cash,FALSE,4.4,FALSE,FALSE
R02853,2026-03-09,??????,FALSE,B,Food & Beverage,Payday Promo,117,21,158,341.66,12.1%,"47,450.50","28,923.47","18,527.03",E-Wallet,FALSE,3.7,FALSE,FALSE
R00557,2026-03-09,??????,FALSE,D,Food & Beverage,None,142,22,167,510.92,0.4%,"84,982.09","56,707.64","28,274.45",Mobile Banking,FALSE,4.1,FALSE,FALSE
R01298,2026-03-09,??????,FALSE,D,Beauty,None,78,12,54,889.23,2.3%,"46,914.09","23,592.97","23,321.12",Mobile Banking,FALSE,4.3,FALSE,FALSE
R01991,2026-03-09,??????,FALSE,D,Beauty,None,143,23,114,705.94,2.9%,"78,143.26","39,477.53","38,665.73",Mobile Banking,FALSE,4.2,FALSE,FALSE
R02556,2026-03-09,??????,FALSE,D,Food & Beverage,None,170,26,196,523.76,2.1%,"100,501.63","60,292.05","40,209.58",QR Payment,FALSE,3.7,FALSE,FALSE
R00475,2026-03-09,??????,FALSE,E,Home & Living,None,142,27,90,775.93,2.2%,"68,297.01","43,784.52","24,512.49",Mobile Banking,FALSE,3.2,FALSE,FALSE
R01411,2026-03-09,??????,FALSE,E,Home & Living,None,173,29,94,979.93,3.1%,"89,258.04","60,126.42","29,131.62",QR Payment,FALSE,4.3,FALSE,FALSE
R01909,2026-03-09,??????,FALSE,E,Food & Beverage,None,136,25,139,426.37,4.7%,"56,479.81","31,857.18","24,622.63",QR Payment,FALSE,3.8,FALSE,FALSE
R02768,2026-03-09,??????,FALSE,E,Food & Beverage,Payday Promo,107,21,123,450.46,9.8%,"49,976.69","29,997.20","19,979.49",Credit Card,FALSE,4.1,FALSE,FALSE
R01159,2026-03-10,??????,FALSE,A,Fashion,None,81,20,61,85.24,1.4%,"5,126.77","3,021.00","2,105.77",E-Wallet,FALSE,4,FALSE,FALSE
R02199,2026-03-10,??????,FALSE,A,Electronics,Payday Promo,105,18,53,"1,303.82",9.7%,"62,399.32","45,589.70","16,809.62",Credit Card,FALSE,4.1,FALSE,FALSE
R02463,2026-03-10,??????,FALSE,A,Sports,Payday Promo,157,26,95,971.79,11.6%,"81,611.10","46,758.93","34,852.17",QR Payment,FALSE,4.1,FALSE,FALSE
R02518,2026-03-10,??????,FALSE,A,Food & Beverage,Member Day,154,26,183,587.09,10.9%,"95,726.47","58,479.75","37,246.72",QR Payment,FALSE,4.1,FALSE,FALSE
R02867,2026-03-10,??????,FALSE,A,Food & Beverage,None,136,21,181,462.29,3.5%,"80,746.15","48,468.94","32,277.21",E-Wallet,FALSE,3.5,FALSE,FALSE
R02978,2026-03-10,??????,FALSE,A,Fashion,Member Day,79,14,67,598.54,8.0%,"36,894.14","20,507.17","16,386.97",Mobile Banking,FALSE,4.2,FALSE,FALSE
R00448,2026-03-10,??????,FALSE,B,Fashion,None,148,26,118,639.63,3.8%,"72,608.15","41,671.10","30,937.05",Cash,FALSE,3.6,FALSE,FALSE
R01434,2026-03-10,??????,FALSE,B,Home & Living,None,123,21,63,"1,293.17",2.0%,"79,840.15","49,483.69","30,356.46",Credit Card,FALSE,3.5,FALSE,FALSE
R02997,2026-03-10,??????,FALSE,B,Electronics,Clearance Sale,89,15,52,"1,406.89",16.5%,"61,087.32","44,886.90","16,200.42",E-Wallet,FALSE,4.4,FALSE,FALSE
R00680,2026-03-10,??????,FALSE,C,Beauty,Weekend Boost,167,23,141,861.31,4.9%,"115,494.29","52,784.76","62,709.53",Cash,FALSE,3.9,FALSE,FALSE
R01233,2026-03-10,??????,FALSE,C,Electronics,Clearance Sale,102,20,48,"1,112.27",19.4%,"43,031.66","31,056.62","11,975.04",Credit Card,FALSE,4.2,FALSE,FALSE
R01639,2026-03-10,??????,FALSE,C,Food & Beverage,Member Day,170,25,202,493.65,7.0%,"92,737.68","58,861.15","33,876.53",Mobile Banking,FALSE,4.4,FALSE,FALSE
R02031,2026-03-10,??????,FALSE,C,Beauty,Payday Promo,140,19,115,886.08,8.8%,"92,931.56","48,379.55","44,552.01",E-Wallet,FALSE,4,FALSE,FALSE
R02317,2026-03-10,??????,FALSE,D,Fashion,Member Day,178,29,148,871.65,7.9%,"118,813.47","68,148.39","50,665.08",Mobile Banking,FALSE,5,FALSE,FALSE
R02665,2026-03-10,??????,FALSE,D,Sports,Member Day,224,26,113,"1,609.99",7.3%,"168,648.03","97,662.40","70,985.63",QR Payment,FALSE,4.5,FALSE,FALSE
R02936,2026-03-10,??????,FALSE,D,Sports,None,185,26,103,"1,315.20",4.3%,"129,640.10","76,929.75","52,710.35",Mobile Banking,FALSE,4.6,FALSE,FALSE
R02403,2026-03-10,??????,FALSE,E,Beauty,None,178,31,129,785.10,4.7%,"96,518.12","46,423.00","50,095.12",Credit Card,FALSE,5,FALSE,FALSE
R02456,2026-03-10,??????,FALSE,E,Beauty,None,131,20,108,769.65,2.0%,"81,459.97","43,856.04","37,603.93",E-Wallet,FALSE,3.9,FALSE,FALSE
R02801,2026-03-10,??????,FALSE,E,Beauty,None,110,23,75,517.44,2.0%,"38,032.19","18,522.21","19,509.98",Mobile Banking,FALSE,4.1,FALSE,FALSE
R00177,2026-03-11,???,FALSE,A,Home & Living,Payday Promo,143,28,87,757.90,11.7%,"58,222.49","39,225.22","18,997.27",E-Wallet,FALSE,3.4,FALSE,FALSE
R00380,2026-03-11,???,FALSE,A,Beauty,Member Day,129,22,89,913.41,8.6%,"74,302.08","37,704.26","36,597.82",QR Payment,FALSE,4.9,FALSE,FALSE
R00663,2026-03-11,???,FALSE,A,Electronics,None,138,20,41,"2,071.12",1.8%,"83,387.28","59,460.67","23,926.61",Credit Card,FALSE,3.6,FALSE,FALSE
R02932,2026-03-11,???,FALSE,A,Food & Beverage,Payday Promo,143,24,171,601.19,9.5%,"93,037.21","58,841.50","34,195.71",Credit Card,FALSE,3.9,FALSE,FALSE
R01106,2026-03-11,???,FALSE,C,Electronics,None,159,26,65,"1,531.42",3.5%,"96,058.45","67,158.60","28,899.85",Credit Card,FALSE,3.6,FALSE,FALSE
R02529,2026-03-11,???,FALSE,C,Food & Beverage,None,167,23,181,635.29,0.4%,"114,527.57","67,962.83","46,564.74",Credit Card,FALSE,3.6,FALSE,FALSE
R00989,2026-03-11,???,FALSE,D,Beauty,Clearance Sale,132,18,134,893.60,16.9%,"99,506.24","50,238.88","49,267.36",Credit Card,FALSE,3.8,FALSE,FALSE
R00856,2026-03-11,???,FALSE,E,Beauty,None,95,21,89,513.04,3.5%,"44,062.46","20,656.86","23,405.60",Mobile Banking,FALSE,3.6,FALSE,FALSE
R01102,2026-03-11,???,FALSE,E,Home & Living,Payday Promo,169,34,95,824.69,9.8%,"70,668.03","45,555.94","25,112.09",Credit Card,FALSE,4.3,FALSE,FALSE
R02392,2026-03-11,???,FALSE,E,Sports,None,119,24,74,639.78,1.6%,"46,586.54","25,355.62","21,230.92",QR Payment,FALSE,3.9,FALSE,FALSE
R02761,2026-03-11,???,FALSE,E,Food & Beverage,Clearance Sale,137,24,176,558.54,15.8%,"82,771.90","49,672.87","33,099.03",Credit Card,FALSE,4,FALSE,FALSE
R01563,2026-03-12,????????,FALSE,A,Beauty,Weekend Boost,83,14,58,907.36,6.3%,"49,311.53","23,649.61","25,661.92",QR Payment,FALSE,4.2,FALSE,FALSE
R02265,2026-03-12,????????,FALSE,A,Food & Beverage,None,143,22,177,520.37,1.1%,"91,093.08","55,160.47","35,932.61",E-Wallet,FALSE,4.5,FALSE,FALSE
R02773,2026-03-12,????????,FALSE,A,Beauty,Clearance Sale,152,16,107,"1,498.47",16.9%,"133,239.67","69,112.85","64,126.82",Mobile Banking,FALSE,4.3,FALSE,FALSE
R00428,2026-03-12,????????,FALSE,B,Food & Beverage,None,58,9,69,490.12,3.2%,"32,735.84","18,965.32","13,770.52",Mobile Banking,FALSE,3.3,FALSE,FALSE
R01166,2026-03-12,????????,FALSE,B,Home & Living,Member Day,128,23,56,"1,330.82",8.7%,"68,042.32","43,237.47","24,804.85",Credit Card,FALSE,3.4,FALSE,FALSE
R01770,2026-03-12,????????,FALSE,B,Electronics,Payday Promo,125,24,45,"1,356.04",11.4%,"54,065.35","41,569.45","12,495.90",Mobile Banking,FALSE,4.4,FALSE,FALSE
R02074,2026-03-12,????????,FALSE,B,Fashion,Clearance Sale,110,24,95,362.73,19.1%,"27,877.26","16,380.55","11,496.71",Credit Card,FALSE,3.8,FALSE,FALSE
R02095,2026-03-12,????????,FALSE,B,Electronics,Member Day,153,22,62,"1,926.35",7.8%,"110,117.82","76,104.26","34,013.56",E-Wallet,TRUE,3.8,FALSE,FALSE
R02767,2026-03-12,????????,FALSE,B,Beauty,None,116,19,69,"1,017.28",1.0%,"69,490.11","34,771.81","34,718.30",QR Payment,FALSE,4,FALSE,FALSE
R00527,2026-03-12,????????,FALSE,C,Electronics,None,55,15,7,"1,225.80",5.1%,"8,143.02","5,796.35","2,346.67",Cash,FALSE,3.7,FALSE,FALSE
R01077,2026-03-12,????????,FALSE,C,Food & Beverage,None,154,20,179,591.44,1.8%,"103,961.84","66,853.29","37,108.55",Credit Card,FALSE,4.2,FALSE,FALSE
R02127,2026-03-12,????????,FALSE,C,Electronics,Clearance Sale,147,23,48,"2,083.05",20.5%,"79,489.30","55,798.32","23,690.98",QR Payment,FALSE,4.6,FALSE,FALSE
R01155,2026-03-12,????????,FALSE,D,Electronics,None,82,12,38,"1,430.55",4.5%,"51,914.77","38,853.05","13,061.72",Credit Card,FALSE,4.5,FALSE,FALSE
R01834,2026-03-12,????????,FALSE,D,Electronics,Weekend Boost,105,17,49,792.72,5.0%,"36,900.98","25,974.20","10,926.78",QR Payment,FALSE,4.3,FALSE,FALSE
R00473,2026-03-13,?????,FALSE,A,Fashion,None,212,34,174,821.74,3.8%,"137,549.38","78,533.41","59,015.97",Credit Card,FALSE,3.9,FALSE,FALSE
R00977,2026-03-13,?????,FALSE,B,Fashion,Weekend Boost,82,17,80,395.74,11.1%,"28,145.25","16,472.86","11,672.39",E-Wallet,FALSE,4.2,FALSE,FALSE
R01314,2026-03-13,?????,FALSE,B,Fashion,None,183,28,133,887.12,5.2%,"111,851.02","64,006.08","47,844.94",Cash,FALSE,4.1,FALSE,FALSE
R01136,2026-03-13,?????,FALSE,C,Home & Living,Member Day,85,19,56,728.50,6.3%,"38,225.83","24,398.61","13,827.22",QR Payment,FALSE,4.8,FALSE,FALSE
R01295,2026-03-13,?????,FALSE,C,Fashion,Payday Promo,138,26,124,557.68,10.6%,"61,822.53","34,275.42","27,547.11",QR Payment,FALSE,4.3,FALSE,FALSE
R02654,2026-03-13,?????,FALSE,C,Fashion,None,127,15,118,701.32,3.6%,"79,776.50","45,422.77","34,353.73",E-Wallet,FALSE,5,FALSE,FALSE
R00190,2026-03-13,?????,FALSE,D,Home & Living,None,106,21,67,678.96,1.5%,"44,808.12","28,875.61","15,932.51",QR Payment,FALSE,4.2,FALSE,FALSE
R00288,2026-03-14,?????,TRUE,A,Fashion,None,91,20,59,510.88,1.9%,"29,569.13","16,961.08","12,608.05",E-Wallet,FALSE,4.2,FALSE,FALSE
R01458,2026-03-14,?????,TRUE,A,Home & Living,Payday Promo,118,19,78,"1,221.22",9.7%,"86,015.47","55,993.39","30,022.08",Mobile Banking,FALSE,4,FALSE,FALSE
R01774,2026-03-14,?????,TRUE,A,Electronics,Member Day,148,26,64,"1,098.34",10.5%,"62,912.96","44,761.21","18,151.75",Mobile Banking,FALSE,4.1,FALSE,FALSE
R00520,2026-03-14,?????,TRUE,B,Fashion,Member Day,167,27,151,615.17,8.1%,"85,366.94","48,315.68","37,051.26",Credit Card,FALSE,4.3,FALSE,FALSE
R00613,2026-03-14,?????,TRUE,B,Food & Beverage,None,147,26,179,513.19,1.8%,"90,206.95","56,645.14","33,561.81",Cash,FALSE,4.4,FALSE,FALSE
R02288,2026-03-14,?????,TRUE,B,Beauty,Member Day,85,24,85,157.91,8.1%,"12,334.88","5,971.39","6,363.49",Credit Card,FALSE,4,FALSE,FALSE
R02848,2026-03-14,?????,TRUE,C,Fashion,Payday Promo,113,21,98,647.93,9.5%,"57,465.01","35,512.66","21,952.35",E-Wallet,FALSE,3.6,FALSE,FALSE
R00156,2026-03-14,?????,TRUE,D,Fashion,None,121,22,133,568.62,1.3%,"74,643.51","42,980.14","31,663.37",E-Wallet,FALSE,4.3,FALSE,FALSE
R02745,2026-03-14,?????,TRUE,D,Fashion,None,149,25,114,675.98,4.2%,"73,825.00","42,534.32","31,290.68",E-Wallet,FALSE,4.1,FALSE,FALSE
R01803,2026-03-14,?????,TRUE,E,Home & Living,None,88,18,28,522.98,5.8%,"13,794.14","9,034.45","4,759.69",Cash,FALSE,3.7,FALSE,FALSE
R00669,2026-03-15,???????,TRUE,A,Fashion,None,91,20,90,132.71,0.0%,"11,943.61","6,807.51","5,136.10",Credit Card,FALSE,4.5,FALSE,FALSE
R00863,2026-03-15,???????,TRUE,A,Fashion,None,141,28,123,479.55,1.5%,"58,099.78","32,708.31","25,391.47",Cash,FALSE,3.7,FALSE,FALSE
R02069,2026-03-15,???????,TRUE,A,Food & Beverage,None,136,19,140,734.54,1.9%,"100,881.78","60,964.19","39,917.59",QR Payment,FALSE,4.9,FALSE,FALSE
R01302,2026-03-15,???????,TRUE,B,Food & Beverage,Member Day,128,19,136,830.84,8.7%,"103,163.83","65,966.55","37,197.28",E-Wallet,FALSE,4.8,FALSE,FALSE
R01846,2026-03-15,???????,TRUE,B,Electronics,None,100,16,49,621.75,4.1%,"29,216.42","20,912.15","8,304.27",QR Payment,FALSE,4.3,FALSE,FALSE
R02890,2026-03-15,???????,TRUE,B,Electronics,Weekend Boost,155,24,70,"1,495.88",7.5%,"96,857.95","67,469.51","29,388.44",Cash,FALSE,5,FALSE,FALSE
R00800,2026-03-15,???????,TRUE,C,Food & Beverage,None,134,22,149,511.35,0.2%,"76,039.17","47,940.39","28,098.78",Cash,FALSE,3.6,FALSE,FALSE
R02325,2026-03-15,???????,TRUE,C,Electronics,None,95,18,41,"1,223.61",0.2%,"50,067.82","35,138.26","14,929.56",Credit Card,FALSE,4.6,FALSE,FALSE
R02663,2026-03-15,???????,TRUE,C,Electronics,None,134,23,63,"1,128.55",4.4%,"67,970.16","48,258.30","19,711.86",E-Wallet,FALSE,4.3,FALSE,FALSE
R00687,2026-03-15,???????,TRUE,D,Home & Living,Payday Promo,121,19,85,715.87,9.4%,"55,129.41","34,200.56","20,928.85",Mobile Banking,FALSE,4.6,FALSE,FALSE
R00820,2026-03-15,???????,TRUE,D,Electronics,None,120,16,66,913.01,1.9%,"59,113.92","41,504.99","17,608.93",Credit Card,FALSE,4.1,FALSE,FALSE
R02176,2026-03-15,???????,TRUE,D,Electronics,Payday Promo,178,29,61,"1,772.05",7.5%,"99,987.92","70,665.50","29,322.42",E-Wallet,FALSE,4.1,FALSE,FALSE
R02314,2026-03-15,???????,TRUE,D,Food & Beverage,Member Day,132,22,164,397.44,8.5%,"59,639.10","37,643.35","21,995.75",Credit Card,FALSE,4.9,FALSE,FALSE
R02946,2026-03-15,???????,TRUE,D,Electronics,None,77,19,14,"1,103.42",2.5%,"15,061.69","11,295.81","3,765.88",QR Payment,FALSE,4.8,FALSE,FALSE
R00203,2026-03-15,???????,TRUE,E,Food & Beverage,Weekend Boost,161,26,205,398.17,7.1%,"75,829.42","47,955.81","27,873.61",E-Wallet,FALSE,4.2,FALSE,FALSE
R00860,2026-03-15,???????,TRUE,E,Fashion,Clearance Sale,103,24,95,442.60,18.0%,"34,478.29","20,828.69","13,649.60",Credit Card,FALSE,4.8,FALSE,FALSE
R00940,2026-03-15,???????,TRUE,E,Home & Living,None,162,29,87,"1,113.23",2.7%,"94,235.63","59,687.41","34,548.22",Mobile Banking,FALSE,4.3,FALSE,FALSE
R01309,2026-03-15,???????,TRUE,E,Food & Beverage,None,137,27,159,421.99,0.0%,"67,096.94","41,644.13","25,452.81",E-Wallet,FALSE,4.7,FALSE,FALSE
R01922,2026-03-15,???????,TRUE,E,Food & Beverage,None,205,28,226,633.14,4.6%,"136,506.55","80,376.65","56,129.90",Credit Card,FALSE,4.4,FALSE,FALSE
R02650,2026-03-15,???????,TRUE,E,Home & Living,Clearance Sale,139,21,88,"1,208.34",16.8%,"88,469.67","58,596.87","29,872.80",Credit Card,FALSE,4.3,FALSE,FALSE
R00564,2026-03-16,??????,FALSE,A,Fashion,None,163,24,133,703.19,0.8%,"92,776.09","54,472.21","38,303.88",E-Wallet,FALSE,4.6,FALSE,FALSE
R00582,2026-03-16,??????,FALSE,A,Fashion,None,81,18,39,384.44,2.5%,"14,618.24","8,284.80","6,333.44",E-Wallet,FALSE,4.1,FALSE,FALSE
R02475,2026-03-16,??????,FALSE,A,Fashion,None,155,25,134,692.27,3.2%,"89,795.60","53,810.61","35,984.99",Cash,TRUE,4.5,FALSE,FALSE
R02765,2026-03-16,??????,FALSE,A,Electronics,Member Day,114,21,54,"1,277.25",6.4%,"64,557.44","46,982.43","17,575.01",Mobile Banking,FALSE,4.6,FALSE,FALSE
R01000,2026-03-16,??????,FALSE,B,Electronics,None,213,33,69,"1,962.77",2.3%,"132,316.42","97,809.32","34,507.10",Credit Card,FALSE,3.7,FALSE,FALSE
R02417,2026-03-16,??????,FALSE,B,Home & Living,None,163,23,93,"1,087.64",3.3%,"97,812.20","64,415.96","33,396.24",QR Payment,FALSE,4,FALSE,FALSE
R00465,2026-03-16,??????,FALSE,C,Fashion,None,105,22,90,359.12,2.7%,"31,447.85","17,820.27","13,627.58",E-Wallet,FALSE,4.1,FALSE,FALSE
R00907,2026-03-16,??????,FALSE,C,Food & Beverage,Clearance Sale,167,23,184,763.00,17.2%,"116,244.17","70,232.60","46,011.57",QR Payment,FALSE,4.5,FALSE,FALSE
R00206,2026-03-16,??????,FALSE,D,Fashion,None,87,19,98,225.02,4.0%,"21,169.68","12,285.92","8,883.76",QR Payment,FALSE,4.6,FALSE,FALSE
R01808,2026-03-16,??????,FALSE,D,Beauty,None,92,15,70,487.56,3.6%,"32,900.82","16,027.55","16,873.27",Credit Card,FALSE,4.6,FALSE,FALSE
R02184,2026-03-16,??????,FALSE,D,Fashion,Weekend Boost,98,19,83,411.64,6.8%,"31,842.96","18,788.72","13,054.24",Credit Card,FALSE,3.7,FALSE,FALSE
R02214,2026-03-16,??????,FALSE,D,Food & Beverage,Member Day,149,26,174,521.68,9.5%,"82,148.64","50,826.48","31,322.16",Cash,FALSE,4,FALSE,FALSE
R00431,2026-03-16,??????,FALSE,E,Electronics,Member Day,141,21,60,"1,515.65",9.8%,"82,026.95","61,465.00","20,561.95",Cash,FALSE,4.2,FALSE,FALSE
R01495,2026-03-16,??????,FALSE,E,Fashion,Member Day,149,24,120,752.35,8.7%,"82,427.40","47,696.22","34,731.18",Mobile Banking,FALSE,4.2,FALSE,FALSE
R00589,2026-03-17,??????,FALSE,A,Sports,Member Day,88,17,62,539.13,5.4%,"31,620.84","17,527.42","14,093.42",E-Wallet,FALSE,5,FALSE,FALSE
R01509,2026-03-17,??????,FALSE,A,Food & Beverage,None,165,23,204,587.28,3.7%,"115,372.38","71,721.04","43,651.34",Credit Card,FALSE,4.2,FALSE,FALSE
R02310,2026-03-17,??????,FALSE,A,Electronics,Weekend Boost,120,20,51,"1,621.88",6.0%,"77,753.09","54,499.38","23,253.71",Mobile Banking,FALSE,4.7,FALSE,FALSE
R00861,2026-03-17,??????,FALSE,B,Food & Beverage,None,95,21,116,230.66,3.2%,"25,899.96","15,422.10","10,477.86",Credit Card,FALSE,4.1,FALSE,FALSE
R01212,2026-03-17,??????,FALSE,B,Food & Beverage,Clearance Sale,126,20,134,503.90,17.9%,"55,435.70","34,609.08","20,826.62",Credit Card,FALSE,4.6,FALSE,FALSE
R02445,2026-03-17,??????,FALSE,B,Sports,Payday Promo,113,24,69,568.23,10.0%,"35,286.81","19,879.42","15,407.39",Credit Card,FALSE,4.2,FALSE,FALSE
R00241,2026-03-17,??????,FALSE,D,Home & Living,None,130,25,71,497.60,2.4%,"34,481.43","22,436.99","12,044.44",Credit Card,FALSE,4.6,FALSE,FALSE
R02205,2026-03-17,??????,FALSE,D,Beauty,Payday Promo,129,22,120,752.78,9.6%,"81,661.50","41,242.19","40,419.31",QR Payment,FALSE,4.2,FALSE,FALSE
R02370,2026-03-17,??????,FALSE,D,Electronics,None,138,25,70,"1,138.15",1.4%,"78,555.06","56,123.52","22,431.54",Credit Card,FALSE,4.5,FALSE,FALSE
R01038,2026-03-17,??????,FALSE,E,Fashion,None,173,31,157,612.55,1.6%,"94,631.59","54,345.05","40,286.54",Credit Card,FALSE,4.2,FALSE,FALSE
R02856,2026-03-17,??????,FALSE,E,Beauty,Member Day,93,20,65,688.81,9.2%,"40,653.64","19,742.17","20,911.47",QR Payment,FALSE,4.3,FALSE,FALSE
R01340,2026-03-18,???,FALSE,A,Home & Living,None,164,26,117,932.25,3.0%,"105,800.88","69,866.00","35,934.88",Cash,FALSE,4.4,FALSE,FALSE
R01696,2026-03-18,???,FALSE,A,Food & Beverage,Member Day,174,23,210,618.40,8.2%,"119,214.96","75,931.45","43,283.51",Mobile Banking,FALSE,3.9,FALSE,FALSE
R02044,2026-03-18,???,FALSE,A,Sports,None,122,23,112,632.31,3.2%,"68,552.45","38,123.48","30,428.97",E-Wallet,FALSE,3.9,FALSE,FALSE
R00270,2026-03-18,???,FALSE,B,Food & Beverage,None,89,17,83,443.69,3.5%,"35,537.24","22,363.29","13,173.95",Credit Card,FALSE,4,FALSE,FALSE
R01599,2026-03-18,???,FALSE,B,Fashion,Payday Promo,170,24,149,923.77,10.9%,"122,638.75","73,941.17","48,697.58",E-Wallet,FALSE,4.1,FALSE,FALSE
R02168,2026-03-18,???,FALSE,B,Food & Beverage,Weekend Boost,185,35,228,415.54,8.6%,"86,595.97","53,049.76","33,546.21",Credit Card,FALSE,4.4,FALSE,FALSE
R02179,2026-03-18,???,FALSE,B,Home & Living,Member Day,82,20,70,45.74,6.3%,"3,000.00","1,969.67","1,030.33",Cash,FALSE,4.8,FALSE,FALSE
R02331,2026-03-18,???,FALSE,B,Food & Beverage,Member Day,110,21,123,417.04,5.9%,"48,269.39","30,593.17","17,676.22",Cash,FALSE,3.4,FALSE,FALSE
R02968,2026-03-18,???,FALSE,B,Fashion,None,75,12,78,596.98,5.0%,"44,236.45","26,307.77","17,928.68",E-Wallet,FALSE,4.4,FALSE,FALSE
R00272,2026-03-18,???,FALSE,C,Beauty,Member Day,111,19,92,803.53,9.1%,"67,197.80","34,112.17","33,085.63",Credit Card,FALSE,5,FALSE,FALSE
R00788,2026-03-18,???,FALSE,C,Food & Beverage,None,95,17,106,421.32,0.9%,"44,257.49","26,913.09","17,344.40",E-Wallet,FALSE,5,FALSE,FALSE
R01486,2026-03-18,???,FALSE,C,Electronics,Payday Promo,213,30,109,"1,620.33",11.0%,"157,188.26","109,862.66","47,325.60",Cash,FALSE,4.5,FALSE,FALSE
R01995,2026-03-18,???,FALSE,C,Home & Living,None,122,24,68,505.80,0.1%,"34,360.07","22,458.08","11,901.99",QR Payment,FALSE,4.4,FALSE,FALSE
R02289,2026-03-18,???,FALSE,C,Fashion,None,117,22,109,450.13,0.0%,"49,064.61","27,829.03","21,235.58",QR Payment,FALSE,3.8,FALSE,FALSE
R02441,2026-03-18,???,FALSE,C,Food & Beverage,None,39,10,58,236.57,2.7%,"13,350.47","8,433.02","4,917.45",Mobile Banking,FALSE,3.9,FALSE,FALSE
R00007,2026-03-18,???,FALSE,D,Sports,Payday Promo,159,26,115,935.65,8.2%,"98,776.44","51,620.55","47,155.89",Mobile Banking,FALSE,4.1,FALSE,FALSE
R00533,2026-03-18,???,FALSE,D,Beauty,Member Day,143,24,94,"1,045.43",9.2%,"89,229.50","40,153.28","49,076.22",Credit Card,FALSE,4.2,FALSE,FALSE
R00622,2026-03-18,???,FALSE,D,Fashion,Member Day,165,26,139,777.38,7.5%,"99,951.87","55,867.84","44,084.03",QR Payment,FALSE,4.6,FALSE,FALSE
R01109,2026-03-18,???,FALSE,D,Fashion,Member Day,160,27,139,781.87,7.7%,"100,312.05","58,772.52","41,539.53",Mobile Banking,FALSE,5,FALSE,FALSE
R01686,2026-03-18,???,FALSE,D,Electronics,None,133,21,52,"1,398.13",2.5%,"70,884.94","53,760.78","17,124.16",E-Wallet,FALSE,4.2,FALSE,FALSE
R02988,2026-03-18,???,FALSE,D,Food & Beverage,Weekend Boost,142,23,162,473.49,9.1%,"69,724.85","44,812.41","24,912.44",Mobile Banking,FALSE,4.1,FALSE,FALSE
R00843,2026-03-18,???,FALSE,E,Electronics,Member Day,128,21,51,"1,809.44",7.9%,"84,991.25","62,569.04","22,422.21",E-Wallet,FALSE,3.7,FALSE,FALSE
R01284,2026-03-18,???,FALSE,E,Food & Beverage,Weekend Boost,105,22,130,276.39,7.4%,"33,272.03","19,525.34","13,746.69",Credit Card,FALSE,4.2,FALSE,FALSE
R01475,2026-03-18,???,FALSE,E,Food & Beverage,None,80,16,91,316.80,4.1%,"27,646.86","17,675.38","9,971.48",Mobile Banking,FALSE,3.9,FALSE,FALSE
R00681,2026-03-19,????????,FALSE,A,Electronics,None,164,26,52,"2,205.98",3.1%,"111,154.93","83,243.72","27,911.21",E-Wallet,FALSE,4.6,FALSE,FALSE
R02565,2026-03-19,????????,FALSE,A,Home & Living,Member Day,86,18,66,572.75,8.7%,"34,513.07","22,642.85","11,870.22",Credit Card,FALSE,4.8,FALSE,FALSE
R00025,2026-03-19,????????,FALSE,B,Home & Living,None,97,20,40,975.31,5.5%,"36,866.77","23,870.54","12,996.23",QR Payment,FALSE,4.4,FALSE,FALSE
R00237,2026-03-19,????????,FALSE,B,Beauty,Weekend Boost,120,21,87,701.75,8.3%,"55,984.57","27,842.56","28,142.01",Credit Card,FALSE,4,FALSE,FALSE
R02166,2026-03-19,????????,FALSE,B,Food & Beverage,None,60,15,80,182.21,3.0%,"14,139.56","8,838.93","5,300.63",Credit Card,FALSE,4.3,FALSE,FALSE
R00037,2026-03-19,????????,FALSE,C,Food & Beverage,None,163,20,188,658.57,3.0%,"120,097.49","75,279.90","44,817.59",Credit Card,FALSE,4.1,FALSE,FALSE
R00119,2026-03-19,????????,FALSE,C,Electronics,None,163,26,49,"2,237.09",4.0%,"105,232.68","75,308.58","29,924.10",E-Wallet,FALSE,4.2,FALSE,FALSE
R00933,2026-03-19,????????,FALSE,C,Electronics,None,149,23,66,"1,481.41",0.7%,"97,088.67","66,902.71","30,185.96",Mobile Banking,FALSE,3.3,FALSE,FALSE
R01002,2026-03-19,????????,FALSE,C,Electronics,None,74,16,36,621.08,2.8%,"21,732.87","15,367.94","6,364.93",E-Wallet,FALSE,4.5,FALSE,FALSE
R01182,2026-03-19,????????,FALSE,C,Fashion,None,146,25,127,673.72,6.4%,"80,085.91","46,507.50","33,578.41",Credit Card,FALSE,4.5,FALSE,FALSE
R01433,2026-03-19,????????,FALSE,C,Fashion,None,124,19,91,917.98,0.0%,"83,536.61","47,751.22","35,785.39",Mobile Banking,FALSE,3.5,FALSE,FALSE
R02270,2026-03-19,????????,FALSE,C,Home & Living,None,108,23,70,468.51,2.7%,"31,910.47","19,317.61","12,592.86",Credit Card,FALSE,4.3,FALSE,FALSE
R00410,2026-03-19,????????,FALSE,D,Home & Living,None,113,21,60,855.54,2.7%,"49,946.70","30,276.17","19,670.53",Cash,FALSE,3.7,FALSE,FALSE
R01720,2026-03-19,????????,FALSE,D,Food & Beverage,None,149,20,175,423.98,1.4%,"73,158.52","45,076.08","28,082.44",E-Wallet,FALSE,4.1,FALSE,FALSE
R02858,2026-03-19,????????,FALSE,D,Food & Beverage,None,143,19,181,563.97,1.6%,"100,444.46","60,815.05","39,629.41",Credit Card,FALSE,4.2,FALSE,FALSE
R00854,2026-03-19,????????,FALSE,E,Fashion,None,191,28,155,754.49,3.0%,"113,437.41","64,166.73","49,270.68",Cash,FALSE,4.6,FALSE,FALSE
R01262,2026-03-19,????????,FALSE,E,Fashion,Weekend Boost,181,33,154,576.20,8.9%,"80,836.90","46,432.69","34,404.21",Mobile Banking,FALSE,5,FALSE,FALSE
R01396,2026-03-19,????????,FALSE,E,Sports,None,145,26,98,782.95,1.0%,"75,961.74","42,908.44","33,053.30",E-Wallet,FALSE,3.9,FALSE,FALSE
R00962,2026-03-20,?????,FALSE,A,Food & Beverage,Payday Promo,171,26,204,618.13,11.5%,"111,597.41","66,495.96","45,101.45",Credit Card,FALSE,4,FALSE,FALSE
R01419,2026-03-20,?????,FALSE,A,Fashion,Member Day,101,21,94,238.51,7.4%,"20,760.89","11,928.26","8,832.63",E-Wallet,FALSE,4.8,FALSE,FALSE
R02028,2026-03-20,?????,FALSE,A,Fashion,None,52,16,45,69.66,4.3%,"3,000.00","1,712.16","1,287.84",Mobile Banking,FALSE,4.5,FALSE,FALSE
R02896,2026-03-20,?????,FALSE,A,Fashion,None,137,20,125,753.46,3.9%,"90,508.80","55,106.53","35,402.27",E-Wallet,FALSE,4,FALSE,FALSE
R00010,2026-03-20,?????,FALSE,B,Food & Beverage,None,139,24,151,516.09,1.0%,"77,149.55","49,358.04","27,791.51",Mobile Banking,FALSE,4,FALSE,FALSE
R01230,2026-03-20,?????,FALSE,B,Fashion,Weekend Boost,148,31,123,582.58,7.8%,"66,068.34","38,984.66","27,083.68",E-Wallet,TRUE,4,FALSE,FALSE
R02182,2026-03-20,?????,FALSE,B,Beauty,Payday Promo,165,24,128,951.59,9.5%,"110,232.57","54,234.63","55,997.94",E-Wallet,FALSE,4.2,FALSE,FALSE
R02231,2026-03-20,?????,FALSE,B,Fashion,Payday Promo,126,22,113,486.72,8.2%,"50,489.46","27,214.19","23,275.27",E-Wallet,FALSE,4.5,FALSE,FALSE
R02414,2026-03-20,?????,FALSE,B,Fashion,Weekend Boost,122,24,88,522.41,8.5%,"42,064.62","23,637.10","18,427.52",QR Payment,FALSE,3.6,FALSE,FALSE
R01019,2026-03-20,?????,FALSE,C,Food & Beverage,None,114,17,162,420.84,5.7%,"64,290.23","38,047.11","26,243.12",Credit Card,FALSE,4.5,FALSE,FALSE
R01435,2026-03-20,?????,FALSE,C,Food & Beverage,Weekend Boost,103,17,124,482.62,7.4%,"55,416.34","34,093.68","21,322.66",QR Payment,FALSE,5,FALSE,FALSE
R02012,2026-03-20,?????,FALSE,C,Sports,Payday Promo,144,23,104,894.30,10.5%,"83,241.49","48,431.85","34,809.64",E-Wallet,FALSE,5,FALSE,FALSE
R00727,2026-03-20,?????,FALSE,D,Home & Living,None,152,23,88,"1,316.00",3.5%,"111,754.73","70,743.46","41,011.27",E-Wallet,FALSE,3.6,FALSE,FALSE
R02026,2026-03-20,?????,FALSE,D,Food & Beverage,None,38,18,36,84.43,1.3%,"3,000.00","1,824.07","1,175.93",QR Payment,FALSE,4.8,FALSE,FALSE
R02313,2026-03-20,?????,FALSE,E,Sports,Clearance Sale,102,17,32,"2,008.04",18.8%,"52,176.90","28,294.68","23,882.22",Credit Card,FALSE,4.1,FALSE,FALSE
R00630,2026-03-21,?????,TRUE,A,Electronics,Mega Sale,164,21,75,"2,886.73",17.6%,"178,400.18","131,817.84","46,582.34",E-Wallet,FALSE,4.6,FALSE,TRUE
R01193,2026-03-21,?????,TRUE,A,Fashion,Mega Sale,172,27,134,"1,239.75",15.1%,"141,041.53","76,005.84","65,035.69",QR Payment,FALSE,4.4,FALSE,TRUE
R01209,2026-03-21,?????,TRUE,A,Electronics,Mega Sale,157,32,46,"2,054.37",14.9%,"80,420.45","58,597.40","21,823.05",E-Wallet,FALSE,4.6,FALSE,TRUE
R01901,2026-03-21,?????,TRUE,A,Food & Beverage,Mega Sale,148,27,185,601.49,17.3%,"92,025.63","54,679.69","37,345.94",Credit Card,FALSE,4.5,FALSE,TRUE
R02557,2026-03-21,?????,TRUE,A,Fashion,Mega Sale,185,35,152,"1,000.53",15.5%,"128,507.95","76,082.03","52,425.92",Mobile Banking,FALSE,4.2,FALSE,TRUE
R00703,2026-03-21,?????,TRUE,B,Fashion,Mega Sale,205,27,177,"1,361.49",15.3%,"204,112.52","121,358.62","82,753.90",Credit Card,FALSE,4.7,FALSE,TRUE
R01395,2026-03-21,?????,TRUE,B,Fashion,Mega Sale,107,27,93,60.15,14.2%,"4,800.00","2,596.74","2,203.26",Credit Card,FALSE,4.3,FALSE,TRUE
R02727,2026-03-21,?????,TRUE,B,Home & Living,Mega Sale,149,30,91,"1,024.52",17.1%,"77,288.91","51,273.99","26,014.92",Credit Card,FALSE,3.9,FALSE,TRUE
R01600,2026-03-21,?????,TRUE,C,Home & Living,Mega Sale,189,27,120,"1,600.32",13.6%,"165,920.86","110,138.46","55,782.40",Mobile Banking,FALSE,4,FALSE,TRUE
R02051,2026-03-21,?????,TRUE,C,Fashion,Mega Sale,137,22,113,905.75,14.8%,"87,202.20","50,543.92","36,658.28",E-Wallet,FALSE,4.4,FALSE,TRUE
R00109,2026-03-21,?????,TRUE,D,Food & Beverage,Mega Sale,220,33,286,719.36,14.5%,"175,904.64","110,196.40","65,708.24",Cash,FALSE,3.6,FALSE,TRUE
R01207,2026-03-22,???????,TRUE,A,Fashion,Member Day,151,25,93,"1,054.10",6.6%,"91,561.61","50,880.07","40,681.54",Cash,FALSE,4.5,FALSE,FALSE
R01576,2026-03-22,???????,TRUE,A,Fashion,None,179,26,145,732.30,3.8%,"102,148.66","60,781.02","41,367.64",Cash,FALSE,4.7,FALSE,FALSE
R01955,2026-03-22,???????,TRUE,A,Food & Beverage,Member Day,102,20,135,226.37,10.2%,"27,442.73","17,250.88","10,191.85",Cash,FALSE,4.5,FALSE,FALSE
R02123,2026-03-22,???????,TRUE,A,Fashion,None,197,25,176,774.31,3.1%,"132,053.20","79,458.84","52,594.36",Mobile Banking,FALSE,4.2,FALSE,FALSE
R01680,2026-03-22,???????,TRUE,B,Beauty,None,111,15,88,692.67,4.1%,"58,456.13","30,150.47","28,305.66",Mobile Banking,FALSE,4.3,FALSE,FALSE
R02586,2026-03-22,???????,TRUE,B,Fashion,None,128,23,100,582.16,5.5%,"55,013.95","30,253.20","24,760.75",Credit Card,FALSE,3.9,FALSE,FALSE
R01709,2026-03-22,???????,TRUE,C,Home & Living,Member Day,113,26,67,660.81,8.6%,"40,466.71","26,072.07","14,394.64",E-Wallet,FALSE,4.2,FALSE,FALSE
R00635,2026-03-22,???????,TRUE,E,Food & Beverage,Member Day,158,25,188,544.31,7.4%,"94,758.13","57,354.05","37,404.08",E-Wallet,FALSE,4.4,FALSE,FALSE
R00008,2026-03-23,??????,FALSE,A,Home & Living,Weekend Boost,102,24,71,550.89,10.2%,"35,123.33","23,533.86","11,589.47",E-Wallet,FALSE,4.3,FALSE,FALSE
R01221,2026-03-23,??????,FALSE,B,Electronics,None,130,24,55,"1,208.12",4.5%,"63,456.53","47,791.69","15,664.84",Credit Card,FALSE,5,FALSE,FALSE
R01691,2026-03-23,??????,FALSE,B,Food & Beverage,Clearance Sale,114,18,157,532.77,17.8%,"68,756.06","42,697.45","26,058.61",Credit Card,FALSE,4.3,FALSE,FALSE
R01837,2026-03-23,??????,FALSE,B,Food & Beverage,None,136,25,182,400.17,1.9%,"71,446.84","40,408.08","31,038.76",Mobile Banking,FALSE,3.9,FALSE,FALSE
R00830,2026-03-23,??????,FALSE,C,Food & Beverage,None,158,29,182,446.46,3.2%,"78,656.22","46,693.67","31,962.55",Credit Card,FALSE,4.1,FALSE,FALSE
R01524,2026-03-23,??????,FALSE,C,Beauty,Weekend Boost,149,24,98,"1,133.52",7.9%,"102,309.30","51,244.71","51,064.59",QR Payment,FALSE,4.1,FALSE,FALSE
R01722,2026-03-23,??????,FALSE,C,Food & Beverage,None,137,19,147,560.39,5.1%,"78,176.66","51,333.37","26,843.29",Mobile Banking,FALSE,3.3,FALSE,FALSE
R01836,2026-03-23,??????,FALSE,C,Sports,None,99,18,65,546.93,2.1%,"34,803.93","20,150.57","14,653.36",Cash,FALSE,4.4,FALSE,FALSE
R02470,2026-03-23,??????,FALSE,C,Home & Living,None,110,12,74,"1,239.94",3.3%,"88,727.62","59,294.95","29,432.67",Credit Card,FALSE,4.1,FALSE,FALSE
R00214,2026-03-23,??????,FALSE,D,Fashion,Member Day,151,20,121,991.29,7.8%,"110,590.50","63,977.49","46,613.01",QR Payment,FALSE,4.6,FALSE,FALSE
R00419,2026-03-23,??????,FALSE,D,Electronics,Payday Promo,102,18,24,"3,051.65",11.2%,"65,036.83","43,229.23","21,807.60",QR Payment,FALSE,4.3,FALSE,FALSE
R01886,2026-03-23,??????,FALSE,D,Electronics,Member Day,118,16,49,"2,030.47",9.5%,"90,041.24","64,901.50","25,139.74",QR Payment,FALSE,5,FALSE,FALSE
R02979,2026-03-23,??????,FALSE,D,Fashion,None,180,31,140,685.23,1.7%,"94,301.50","55,713.04","38,588.46",Credit Card,FALSE,3.9,FALSE,FALSE
R01703,2026-03-23,??????,FALSE,E,Sports,Member Day,162,23,93,"1,181.71",6.9%,"102,316.21","60,584.39","41,731.82",E-Wallet,FALSE,4.2,FALSE,FALSE
R02003,2026-03-24,??????,FALSE,A,Electronics,None,93,14,34,"1,835.75",5.0%,"59,294.87","44,041.82","15,253.05",Credit Card,FALSE,4.3,FALSE,FALSE
R02558,2026-03-24,??????,FALSE,A,Electronics,None,170,30,80,"1,209.47",4.4%,"92,500.07","63,745.33","28,754.74",Credit Card,FALSE,4.7,FALSE,FALSE
R02953,2026-03-24,??????,FALSE,A,Food & Beverage,Weekend Boost,94,21,101,220.34,6.2%,"20,874.85","13,491.32","7,383.53",Credit Card,FALSE,4.3,FALSE,FALSE
R00463,2026-03-24,??????,FALSE,B,Electronics,None,168,25,67,"1,962.09",1.8%,"129,093.91","93,294.43","35,799.48",Mobile Banking,FALSE,4.7,FALSE,FALSE
R01556,2026-03-24,??????,FALSE,B,Electronics,Member Day,159,28,71,"1,409.81",8.6%,"91,488.08","64,661.61","26,826.47",Mobile Banking,FALSE,4.3,FALSE,FALSE
R02450,2026-03-24,??????,FALSE,B,Food & Beverage,Weekend Boost,120,22,145,438.08,7.3%,"58,884.27","36,651.24","22,233.03",E-Wallet,FALSE,4.6,FALSE,FALSE
R01125,2026-03-24,??????,FALSE,C,Fashion,Payday Promo,76,15,79,460.88,9.1%,"33,096.36","19,404.03","13,692.33",Cash,FALSE,3.9,FALSE,FALSE
R02082,2026-03-24,??????,FALSE,C,Beauty,None,173,30,122,801.37,1.1%,"96,691.93","46,377.35","50,314.58",Credit Card,FALSE,3.5,FALSE,FALSE
R02734,2026-03-24,??????,FALSE,C,Food & Beverage,Payday Promo,131,24,163,367.30,10.6%,"53,523.68","32,989.29","20,534.39",QR Payment,FALSE,3.7,FALSE,FALSE
R00741,2026-03-24,??????,FALSE,D,Fashion,Clearance Sale,136,22,89,"1,110.21",18.0%,"81,022.81","46,744.01","34,278.80",Credit Card,FALSE,4.2,FALSE,FALSE
R01126,2026-03-24,??????,FALSE,E,Beauty,None,105,22,67,619.38,3.2%,"40,170.35","20,443.04","19,727.31",Credit Card,FALSE,4.2,FALSE,FALSE
R01227,2026-03-24,??????,FALSE,E,Electronics,None,108,19,47,"1,004.37",2.8%,"45,883.70","32,981.24","12,902.46",QR Payment,FALSE,4.1,FALSE,FALSE
R01821,2026-03-24,??????,FALSE,E,Fashion,Weekend Boost,155,24,122,745.59,8.5%,"83,230.35","50,686.21","32,544.14",Credit Card,FALSE,3.8,FALSE,FALSE
R02346,2026-03-24,??????,FALSE,E,Beauty,Weekend Boost,86,19,67,346.49,3.5%,"22,402.00","11,397.63","11,004.37",E-Wallet,FALSE,5,FALSE,FALSE
R01977,2026-03-25,???,FALSE,A,Home & Living,None,149,23,88,"1,090.43",4.1%,"92,023.92","59,147.97","32,875.95",E-Wallet,FALSE,3.9,FALSE,FALSE
R02065,2026-03-25,???,FALSE,A,Home & Living,Member Day,86,17,37,907.34,9.3%,"30,449.26","19,766.62","10,682.64",Credit Card,FALSE,3,FALSE,FALSE
R02619,2026-03-25,???,FALSE,A,Food & Beverage,Member Day,113,18,148,522.80,7.2%,"71,803.93","44,039.41","27,764.52",Mobile Banking,FALSE,4.5,FALSE,FALSE
R00274,2026-03-25,???,FALSE,B,Food & Beverage,None,86,18,109,489.67,4.2%,"51,132.21","30,293.02","20,839.19",E-Wallet,FALSE,4.1,FALSE,FALSE
R00736,2026-03-25,???,FALSE,B,Food & Beverage,None,119,20,150,469.98,1.3%,"69,580.03","45,245.35","24,334.68",QR Payment,FALSE,4.4,FALSE,FALSE
R02304,2026-03-25,???,FALSE,B,Food & Beverage,None,214,33,253,529.48,3.6%,"129,136.93","79,279.14","49,857.79",QR Payment,FALSE,4.2,FALSE,FALSE
R02909,2026-03-25,???,FALSE,B,Electronics,Weekend Boost,162,28,76,"1,491.03",6.9%,"105,499.46","74,302.52","31,196.94",Cash,FALSE,4.2,FALSE,FALSE
R00221,2026-03-25,???,FALSE,C,Fashion,None,69,15,70,124.31,3.7%,"8,380.01","4,868.22","3,511.79",QR Payment,FALSE,4.8,FALSE,FALSE
R00469,2026-03-25,???,FALSE,C,Sports,Member Day,107,21,42,"1,168.37",7.4%,"45,440.42","25,374.64","20,065.78",Credit Card,FALSE,5,FALSE,FALSE
R02150,2026-03-25,???,FALSE,C,Fashion,None,127,21,99,911.93,2.6%,"87,933.93","54,148.33","33,785.60",Credit Card,FALSE,4,FALSE,FALSE
R02555,2026-03-25,???,FALSE,C,Fashion,None,106,17,97,601.79,3.7%,"56,213.60","33,422.90","22,790.70",Credit Card,FALSE,3.2,FALSE,FALSE
R02820,2026-03-25,???,FALSE,C,Food & Beverage,Member Day,110,17,129,570.82,7.7%,"67,966.14","41,798.17","26,167.97",E-Wallet,FALSE,4.5,FALSE,FALSE
R00155,2026-03-25,???,FALSE,D,Sports,Member Day,74,10,40,"1,033.73",7.3%,"38,330.53","22,216.59","16,113.94",QR Payment,FALSE,3.8,FALSE,FALSE
R01103,2026-03-25,???,FALSE,D,Fashion,None,149,25,127,548.98,3.2%,"67,489.58","35,568.53","31,921.05",E-Wallet,FALSE,4.8,FALSE,FALSE
R01670,2026-03-25,???,FALSE,E,Fashion,None,140,21,139,727.36,1.7%,"99,384.56","56,211.77","43,172.79",Cash,FALSE,4,FALSE,FALSE
R02992,2026-03-25,???,FALSE,E,Home & Living,None,96,14,38,"1,697.06",3.0%,"62,553.80","38,817.35","23,736.45",E-Wallet,FALSE,4.3,FALSE,FALSE
R00209,2026-03-26,????????,FALSE,A,Electronics,Payday Promo,149,22,71,"1,458.08",8.6%,"94,620.51","70,056.46","24,564.05",QR Payment,FALSE,4.7,FALSE,FALSE
R00659,2026-03-26,????????,FALSE,A,Beauty,Payday Promo,84,19,69,88.65,9.4%,"5,541.76","2,578.55","2,963.21",Mobile Banking,FALSE,3.8,FALSE,FALSE
R02144,2026-03-26,????????,FALSE,A,Home & Living,None,122,19,71,"1,153.28",2.9%,"79,508.18","49,804.23","29,703.95",E-Wallet,FALSE,4.4,FALSE,FALSE
R02192,2026-03-26,????????,FALSE,A,Home & Living,Weekend Boost,84,17,47,"1,007.13",9.7%,"42,743.60","28,703.30","14,040.30",E-Wallet,FALSE,3.5,FALSE,FALSE
R01086,2026-03-26,????????,FALSE,B,Fashion,Weekend Boost,147,20,127,861.50,6.4%,"102,408.24","62,741.75","39,666.49",Cash,FALSE,4.4,FALSE,FALSE
R00358,2026-03-26,????????,FALSE,C,Food & Beverage,None,93,17,98,257.40,5.0%,"23,963.87","15,202.56","8,761.31",E-Wallet,FALSE,3.9,FALSE,FALSE
R00425,2026-03-26,????????,FALSE,C,Fashion,Weekend Boost,123,19,117,462.03,8.0%,"49,732.63","29,758.55","19,974.08",E-Wallet,FALSE,3.7,FALSE,FALSE
R01530,2026-03-26,????????,FALSE,D,Food & Beverage,None,181,23,230,602.47,3.8%,"133,301.72","82,606.72","50,695.00",QR Payment,FALSE,3.5,FALSE,FALSE
R01942,2026-03-26,????????,FALSE,D,Fashion,Member Day,119,17,100,985.03,6.9%,"91,706.72","53,958.25","37,748.47",Credit Card,FALSE,4.4,FALSE,FALSE
R00043,2026-03-26,????????,FALSE,E,Fashion,Payday Promo,183,23,157,919.54,10.5%,"129,209.58","73,873.25","55,336.33",Cash,FALSE,4.3,FALSE,FALSE
R00105,2026-03-26,????????,FALSE,E,Beauty,Member Day,196,29,154,926.11,10.1%,"128,216.70","67,460.17","60,756.53",Mobile Banking,FALSE,5,FALSE,FALSE
R00496,2026-03-26,????????,FALSE,E,Fashion,Weekend Boost,101,21,89,283.04,6.0%,"23,678.84","13,990.92","9,687.92",Mobile Banking,FALSE,4.4,FALSE,FALSE
R01114,2026-03-27,?????,FALSE,A,Food & Beverage,Weekend Boost,68,16,72,492.57,6.0%,"33,336.97","20,956.82","12,380.15",Credit Card,FALSE,4.8,FALSE,FALSE
R02479,2026-03-27,?????,FALSE,A,Beauty,Weekend Boost,96,13,61,"1,347.16",5.5%,"77,656.97","37,687.03","39,969.94",Mobile Banking,FALSE,4.3,FALSE,FALSE
R02683,2026-03-27,?????,FALSE,A,Electronics,None,28,9,6,712.32,3.7%,"4,115.76","3,013.16","1,102.60",Cash,FALSE,4,FALSE,FALSE
R02775,2026-03-27,?????,FALSE,A,Beauty,None,66,17,54,57.10,2.7%,"3,000.00","1,491.27","1,508.73",Mobile Banking,FALSE,4.7,FALSE,FALSE
R00300,2026-03-27,?????,FALSE,B,Fashion,None,106,20,73,357.85,3.3%,"25,260.65","14,940.25","10,320.40",E-Wallet,FALSE,3.6,FALSE,FALSE
R00449,2026-03-27,?????,FALSE,B,Sports,Member Day,92,25,60,213.83,7.4%,"11,880.67","6,896.93","4,983.74",Credit Card,FALSE,4.1,FALSE,FALSE
R01785,2026-03-27,?????,FALSE,B,Electronics,Weekend Boost,162,23,69,"1,776.12",4.8%,"116,670.08","86,413.24","30,256.84",Mobile Banking,FALSE,4.1,FALSE,FALSE
R02396,2026-03-27,?????,FALSE,B,Food & Beverage,None,151,21,175,605.77,3.0%,"102,829.38","64,533.61","38,295.77",QR Payment,FALSE,4,FALSE,FALSE
R00859,2026-03-27,?????,FALSE,C,Food & Beverage,None,129,23,133,417.69,2.8%,"53,997.16","31,921.48","22,075.68",QR Payment,FALSE,4.8,FALSE,FALSE
R02499,2026-03-27,?????,FALSE,C,Fashion,None,93,22,69,212.25,2.0%,"14,352.58","8,652.14","5,700.44",Credit Card,FALSE,4.3,FALSE,FALSE
R02575,2026-03-27,?????,FALSE,C,Beauty,None,150,18,126,928.10,3.2%,"113,198.35","57,612.25","55,586.10",E-Wallet,FALSE,4,FALSE,FALSE
R01441,2026-03-27,?????,FALSE,D,Fashion,Clearance Sale,111,20,94,422.91,16.2%,"33,313.21","19,344.29","13,968.92",Mobile Banking,FALSE,4.1,FALSE,FALSE
R01780,2026-03-27,?????,FALSE,D,Fashion,Weekend Boost,156,25,140,794.34,7.9%,"102,422.00","62,026.09","40,395.91",Credit Card,FALSE,4.2,FALSE,FALSE
R00065,2026-03-27,?????,FALSE,E,Sports,None,118,23,65,475.08,7.0%,"28,718.78","16,866.13","11,852.65",Credit Card,FALSE,4.4,FALSE,FALSE
R00239,2026-03-27,?????,FALSE,E,Electronics,Payday Promo,129,18,67,"1,178.92",8.4%,"72,352.72","51,517.99","20,834.73",Cash,FALSE,4.3,FALSE,FALSE
R02484,2026-03-27,?????,FALSE,E,Home & Living,Weekend Boost,134,16,57,"1,764.86",6.3%,"94,259.55","61,269.40","32,990.15",Mobile Banking,FALSE,5,FALSE,FALSE
R00019,2026-03-28,?????,TRUE,A,Food & Beverage,Weekend Boost,121,21,157,445.36,7.1%,"64,956.57","39,760.72","25,195.85",Credit Card,FALSE,4.2,FALSE,FALSE
R00581,2026-03-28,?????,TRUE,A,Food & Beverage,None,125,25,140,317.36,3.3%,"42,963.56","28,635.68","14,327.88",Mobile Banking,FALSE,4.2,FALSE,FALSE
R00764,2026-03-28,?????,TRUE,A,Fashion,None,79,18,78,327.12,2.5%,"24,877.46","14,051.93","10,825.53",E-Wallet,FALSE,5,FALSE,FALSE
R01154,2026-03-28,?????,TRUE,A,Fashion,None,170,27,137,602.06,2.1%,"80,750.37","47,487.50","33,262.87",E-Wallet,FALSE,3.9,FALSE,FALSE
R01210,2026-03-28,?????,TRUE,A,Home & Living,None,110,24,69,475.07,1.5%,"32,288.36","20,772.70","11,515.66",QR Payment,FALSE,4.3,FALSE,FALSE
R01387,2026-03-28,?????,TRUE,A,Electronics,Member Day,173,29,57,"1,752.05",8.3%,"91,577.92","67,354.68","24,223.24",Cash,FALSE,4.6,FALSE,FALSE
R01941,2026-03-28,?????,TRUE,A,Beauty,None,131,18,69,"1,126.34",2.4%,"75,852.16","37,756.68","38,095.48",Credit Card,FALSE,3.4,FALSE,FALSE
R02139,2026-03-28,?????,TRUE,A,Fashion,Member Day,84,15,52,972.35,8.2%,"46,415.92","26,267.96","20,147.96",Credit Card,FALSE,4.2,FALSE,FALSE
R02676,2026-03-28,?????,TRUE,A,Beauty,None,165,28,120,763.68,5.4%,"86,692.85","44,826.43","41,866.42",Cash,FALSE,4.1,FALSE,FALSE
R00149,2026-03-28,?????,TRUE,B,Fashion,Clearance Sale,125,19,83,"1,259.66",17.4%,"86,359.51","51,127.69","35,231.82",QR Payment,FALSE,4,FALSE,FALSE
R00472,2026-03-28,?????,TRUE,B,Fashion,None,181,31,161,533.43,1.0%,"85,023.78","48,194.15","36,829.63",QR Payment,FALSE,4,FALSE,FALSE
R02410,2026-03-28,?????,TRUE,B,Food & Beverage,Payday Promo,154,24,179,675.47,9.8%,"109,060.37","67,939.96","41,120.41",Cash,FALSE,3.8,FALSE,FALSE
R02532,2026-03-28,?????,TRUE,B,Food & Beverage,None,122,23,149,316.65,2.7%,"45,907.06","28,887.79","17,019.27",Cash,FALSE,3.6,FALSE,FALSE
R02823,2026-03-28,?????,TRUE,B,Beauty,None,110,16,88,717.25,4.5%,"60,277.69","29,779.23","30,498.46",Mobile Banking,FALSE,4.3,FALSE,FALSE
R00573,2026-03-28,?????,TRUE,C,Food & Beverage,None,119,20,146,413.34,1.5%,"59,442.98","35,481.46","23,961.52",E-Wallet,FALSE,4.4,FALSE,FALSE
R00865,2026-03-28,?????,TRUE,C,Food & Beverage,Payday Promo,160,26,202,350.23,8.9%,"64,450.79","41,271.06","23,179.73",Credit Card,FALSE,4.3,FALSE,FALSE
R01566,2026-03-28,?????,TRUE,C,Beauty,Weekend Boost,152,27,107,732.96,8.3%,"71,917.57","34,820.26","37,097.31",Credit Card,FALSE,3.9,FALSE,FALSE
R01591,2026-03-28,?????,TRUE,C,Fashion,Member Day,147,16,100,"1,175.18",7.7%,"108,468.67","65,421.23","43,047.44",Mobile Banking,FALSE,4.7,FALSE,FALSE
R01907,2026-03-28,?????,TRUE,C,Home & Living,None,177,29,90,"1,070.80",0.4%,"95,986.41","61,598.01","34,388.40",Cash,FALSE,4.3,FALSE,FALSE
R02424,2026-03-28,?????,TRUE,C,Food & Beverage,Payday Promo,156,28,205,444.84,9.5%,"82,528.90","52,240.22","30,288.68",E-Wallet,FALSE,4.6,FALSE,FALSE
R02571,2026-03-28,?????,TRUE,C,Food & Beverage,Member Day,121,24,142,399.23,9.1%,"51,531.61","32,528.71","19,002.90",Credit Card,FALSE,4.1,FALSE,FALSE
R02993,2026-03-28,?????,TRUE,C,Fashion,None,141,23,118,450.09,4.0%,"50,986.20","30,331.71","20,654.49",Mobile Banking,FALSE,4.3,FALSE,FALSE
R00107,2026-03-28,?????,TRUE,D,Food & Beverage,Weekend Boost,173,24,199,648.89,5.6%,"121,898.01","78,252.51","43,645.50",QR Payment,FALSE,4.8,FALSE,FALSE
R01310,2026-03-28,?????,TRUE,D,Beauty,Clearance Sale,86,14,64,684.87,19.9%,"35,109.12","17,464.09","17,645.03",Credit Card,FALSE,4.6,FALSE,FALSE
R01966,2026-03-28,?????,TRUE,D,Beauty,Member Day,128,23,108,671.45,4.7%,"69,108.71","35,308.22","33,800.49",QR Payment,FALSE,4.2,FALSE,FALSE
R02362,2026-03-28,?????,TRUE,E,Fashion,None,174,29,146,599.16,0.0%,"87,477.31","47,327.69","40,149.62",Credit Card,FALSE,3.7,FALSE,FALSE
R02626,2026-03-28,?????,TRUE,E,Electronics,None,163,25,82,"1,279.27",1.4%,"103,431.39","72,842.95","30,588.44",QR Payment,FALSE,4.1,FALSE,FALSE
R02672,2026-03-28,?????,TRUE,E,Fashion,None,92,17,70,771.29,2.9%,"52,424.74","29,900.34","22,524.40",Credit Card,FALSE,3.9,FALSE,FALSE
R02643,2026-03-29,???????,TRUE,A,Beauty,None,141,21,106,642.53,3.6%,"65,655.99","32,063.95","33,592.04",E-Wallet,FALSE,4.1,FALSE,FALSE
R00607,2026-03-29,???????,TRUE,B,Electronics,None,153,25,74,"1,024.93",2.4%,"74,024.66","52,527.93","21,496.73",Credit Card,FALSE,4.4,FALSE,FALSE
R00931,2026-03-29,???????,TRUE,B,Fashion,None,189,28,153,748.16,2.2%,"111,950.27","69,162.54","42,787.73",Mobile Banking,FALSE,4,FALSE,FALSE
R01349,2026-03-29,???????,TRUE,B,Fashion,Member Day,102,21,84,537.57,7.3%,"41,859.48","22,957.92","18,901.56",Mobile Banking,FALSE,3.7,FALSE,FALSE
R02614,2026-03-29,???????,TRUE,B,Home & Living,None,133,21,92,501.34,3.5%,"44,509.01","31,173.81","13,335.20",Cash,FALSE,4.7,FALSE,FALSE
R00102,2026-03-29,???????,TRUE,C,Food & Beverage,Payday Promo,129,22,177,329.29,11.3%,"51,697.99","31,262.83","20,435.16",Credit Card,FALSE,4.2,FALSE,FALSE
R01715,2026-03-29,???????,TRUE,C,Electronics,None,115,25,43,704.05,2.9%,"29,396.26","21,061.16","8,335.10",Credit Card,FALSE,4.3,FALSE,FALSE
R01765,2026-03-29,???????,TRUE,C,Electronics,Payday Promo,148,31,41,"1,450.25",8.6%,"54,346.71","39,275.27","15,071.44",Mobile Banking,FALSE,4.8,FALSE,FALSE
R01014,2026-03-29,???????,TRUE,D,Electronics,Clearance Sale,134,27,51,"1,200.69",17.6%,"50,457.88","36,497.38","13,960.50",QR Payment,FALSE,4.8,FALSE,FALSE
R01473,2026-03-29,???????,TRUE,D,Electronics,None,183,29,86,"1,296.03",2.3%,"108,894.97","78,799.76","30,095.21",Cash,FALSE,4.7,FALSE,FALSE
R01884,2026-03-29,???????,TRUE,D,Electronics,None,142,25,74,769.90,5.5%,"53,839.00","41,094.44","12,744.56",E-Wallet,FALSE,3.9,FALSE,FALSE
R02454,2026-03-29,???????,TRUE,D,Food & Beverage,None,163,26,184,522.90,3.3%,"93,037.72","58,690.62","34,347.10",QR Payment,FALSE,4.2,FALSE,FALSE
R01728,2026-03-29,???????,TRUE,E,Beauty,None,138,23,122,785.26,2.7%,"93,215.45","46,173.63","47,041.82",Credit Card,FALSE,4.5,FALSE,FALSE
R02723,2026-03-29,???????,TRUE,E,Beauty,None,135,19,93,792.61,1.4%,"72,680.62","37,078.29","35,602.33",Credit Card,FALSE,4.6,FALSE,FALSE
R00405,2026-03-30,??????,FALSE,A,Food & Beverage,None,123,18,133,390.97,1.5%,"51,219.07","32,819.20","18,399.87",Mobile Banking,FALSE,4.5,FALSE,FALSE
R01111,2026-03-30,??????,FALSE,A,Home & Living,None,132,21,85,686.50,0.7%,"57,943.90","36,852.28","21,091.62",Mobile Banking,TRUE,3.8,FALSE,FALSE
R01275,2026-03-30,??????,FALSE,A,Electronics,Member Day,129,21,43,"1,754.50",5.0%,"71,671.28","51,290.39","20,380.89",Cash,FALSE,4.8,FALSE,FALSE
R01660,2026-03-30,??????,FALSE,A,Food & Beverage,None,148,28,152,466.31,4.4%,"67,760.31","43,286.10","24,474.21",QR Payment,FALSE,3.7,FALSE,FALSE
R02280,2026-03-30,??????,FALSE,A,Home & Living,Clearance Sale,114,24,54,868.86,21.2%,"36,971.91","24,717.89","12,254.02",Cash,FALSE,4.4,FALSE,FALSE
R03000,2026-03-30,??????,FALSE,A,Fashion,Weekend Boost,75,19,82,73.30,5.2%,"5,697.76","3,421.72","2,276.04",E-Wallet,FALSE,4.5,FALSE,FALSE
R01056,2026-03-30,??????,FALSE,B,Food & Beverage,None,141,21,207,421.59,3.1%,"84,564.02","52,595.46","31,968.56",E-Wallet,FALSE,4.5,FALSE,FALSE
R02687,2026-03-30,??????,FALSE,B,Fashion,Member Day,184,31,162,652.42,7.8%,"97,448.66","53,489.98","43,958.68",QR Payment,FALSE,4.3,FALSE,FALSE
R02884,2026-03-30,??????,FALSE,B,Sports,None,120,20,68,"1,174.84",4.2%,"76,533.77","44,519.33","32,014.44",Credit Card,FALSE,3.9,FALSE,FALSE
R00647,2026-03-30,??????,FALSE,C,Home & Living,Member Day,109,17,65,812.04,6.4%,"49,404.45","32,725.77","16,678.68",E-Wallet,FALSE,4.6,FALSE,FALSE
R02386,2026-03-30,??????,FALSE,C,Electronics,None,157,25,61,"1,641.79",4.1%,"96,043.31","68,307.84","27,735.47",Credit Card,FALSE,5,FALSE,FALSE
R02669,2026-03-30,??????,FALSE,C,Fashion,None,135,16,118,901.39,4.5%,"101,577.22","62,834.35","38,742.87",Mobile Banking,FALSE,3.6,FALSE,FALSE
R00089,2026-03-30,??????,FALSE,D,Fashion,Payday Promo,147,27,135,634.09,11.4%,"75,843.52","45,798.03","30,045.49",E-Wallet,FALSE,4.4,FALSE,FALSE
R01146,2026-03-30,??????,FALSE,D,Fashion,None,153,22,110,888.80,2.9%,"94,932.47","53,257.37","41,675.10",QR Payment,FALSE,3.7,FALSE,FALSE
R01319,2026-03-30,??????,FALSE,D,Home & Living,None,131,17,90,"1,073.49",5.3%,"91,493.65","60,867.03","30,626.62",Credit Card,TRUE,4.4,FALSE,FALSE
R01351,2026-03-30,??????,FALSE,D,Home & Living,None,163,25,103,"1,007.40",2.6%,"101,064.12","68,609.95","32,454.17",Cash,FALSE,4,FALSE,FALSE
R02207,2026-03-30,??????,FALSE,D,Electronics,Weekend Boost,166,25,72,"1,672.17",5.4%,"113,895.09","83,735.48","30,159.61",Mobile Banking,FALSE,4.5,FALSE,FALSE
R02356,2026-03-30,??????,FALSE,D,Fashion,Weekend Boost,151,26,130,455.66,7.4%,"54,852.51","31,220.51","23,632.00",Credit Card,FALSE,4,FALSE,FALSE
R02409,2026-03-30,??????,FALSE,D,Food & Beverage,None,99,19,117,282.50,1.4%,"32,589.68","20,384.75","12,204.93",Credit Card,FALSE,4.1,FALSE,FALSE
R02914,2026-03-30,??????,FALSE,D,Food & Beverage,Weekend Boost,148,26,184,466.50,5.5%,"81,114.61","52,379.39","28,735.22",Mobile Banking,FALSE,4.3,FALSE,FALSE
R01376,2026-03-30,??????,FALSE,E,Home & Living,None,129,25,86,650.28,2.8%,"54,358.37","36,020.32","18,338.05",Credit Card,FALSE,3.6,FALSE,FALSE
R00453,2026-03-31,??????,FALSE,A,Fashion,None,116,17,80,788.70,0.9%,"62,528.21","36,278.25","26,249.96",E-Wallet,FALSE,3.9,FALSE,FALSE
R01636,2026-03-31,??????,FALSE,A,Fashion,None,173,29,148,643.18,3.5%,"91,858.35","52,360.41","39,497.94",Credit Card,FALSE,3.9,FALSE,FALSE
R02862,2026-03-31,??????,FALSE,A,Food & Beverage,None,88,19,109,414.69,2.2%,"44,207.20","29,023.34","15,183.86",Cash,FALSE,4.7,FALSE,FALSE
R01082,2026-03-31,??????,FALSE,B,Fashion,Weekend Boost,134,25,120,675.16,3.8%,"77,939.92","44,222.68","33,717.24",QR Payment,FALSE,4,FALSE,FALSE
R01525,2026-03-31,??????,FALSE,B,Food & Beverage,Member Day,139,24,176,505.72,6.8%,"82,953.74","51,020.05","31,933.69",Cash,FALSE,4.1,FALSE,FALSE
R02052,2026-03-31,??????,FALSE,B,Fashion,None,126,26,122,495.51,3.9%,"58,094.09","34,433.28","23,660.81",Credit Card,FALSE,4.5,FALSE,FALSE
R02405,2026-03-31,??????,FALSE,B,Electronics,None,133,23,73,"1,028.97",2.3%,"73,387.29","54,053.32","19,333.97",Credit Card,FALSE,3.4,FALSE,FALSE
R00319,2026-03-31,??????,FALSE,C,Fashion,None,110,24,76,329.82,2.0%,"24,565.25","14,489.37","10,075.88",E-Wallet,FALSE,4.7,FALSE,FALSE
R00835,2026-03-31,??????,FALSE,C,Food & Beverage,Payday Promo,167,27,208,579.44,11.1%,"107,145.71","68,243.18","38,902.53",Cash,FALSE,4.3,FALSE,FALSE
R01371,2026-03-31,??????,FALSE,C,Food & Beverage,None,150,25,197,371.19,1.7%,"71,881.76","43,973.16","27,908.60",E-Wallet,FALSE,4.3,FALSE,FALSE
R01440,2026-03-31,??????,FALSE,C,Electronics,Weekend Boost,115,19,44,"2,244.23",5.5%,"93,315.13","65,760.67","27,554.46",QR Payment,FALSE,4,FALSE,FALSE
R02660,2026-03-31,??????,FALSE,C,Sports,Payday Promo,109,22,53,996.13,8.3%,"48,412.96","28,861.18","19,551.78",Credit Card,FALSE,4.8,FALSE,FALSE
R02668,2026-03-31,??????,FALSE,C,Home & Living,None,175,31,95,"1,016.11",4.4%,"92,282.81","58,478.48","33,804.33",E-Wallet,FALSE,4.6,FALSE,FALSE
R00497,2026-03-31,??????,FALSE,D,Electronics,None,140,24,56,"1,336.21",2.6%,"72,882.44","51,510.41","21,372.03",Cash,FALSE,4.4,FALSE,FALSE
R01142,2026-03-31,??????,FALSE,D,Home & Living,None,99,26,38,179.85,1.9%,"6,704.32","4,532.73","2,171.59",Mobile Banking,FALSE,3.8,FALSE,FALSE
R01169,2026-03-31,??????,FALSE,D,Fashion,None,135,28,92,586.57,2.5%,"52,615.71","31,015.79","21,599.92",E-Wallet,FALSE,4.7,FALSE,FALSE
R00491,2026-03-31,??????,FALSE,E,Home & Living,None,133,26,88,698.20,2.9%,"59,659.77","38,844.02","20,815.75",Credit Card,FALSE,4.1,FALSE,FALSE
R02228,2026-03-31,??????,FALSE,E,Home & Living,Weekend Boost,77,14,41,"1,023.93",8.9%,"38,244.85","23,665.64","14,579.21",Cash,FALSE,4.3,FALSE,FALSE
R00870,2026-04-01,???,FALSE,A,Food & Beverage,None,126,24,156,287.74,3.6%,"43,271.29","26,175.07","17,096.22",Credit Card,FALSE,4.5,FALSE,FALSE
R02312,2026-04-01,???,FALSE,A,Beauty,Weekend Boost,141,27,119,512.76,6.0%,"57,357.54","26,866.15","30,491.39",Cash,FALSE,4.9,FALSE,FALSE
R02554,2026-04-01,???,FALSE,A,Beauty,None,135,22,96,"1,798.17",3.3%,"166,927.66","79,608.91","87,318.75",Cash,FALSE,3.5,TRUE,FALSE
R02659,2026-04-01,???,FALSE,A,Food & Beverage,None,191,27,223,613.03,0.5%,"136,022.17","86,121.47","49,900.70",Mobile Banking,FALSE,4.9,FALSE,FALSE
R00024,2026-04-01,???,FALSE,B,Beauty,Member Day,123,17,112,700.92,9.2%,"71,280.40","36,388.78","34,891.62",Mobile Banking,FALSE,4.5,FALSE,FALSE
R01119,2026-04-01,???,FALSE,B,Electronics,None,121,12,47,"2,064.63",4.5%,"92,670.76","64,534.12","28,136.64",Mobile Banking,FALSE,4.5,FALSE,FALSE
R01229,2026-04-01,???,FALSE,B,Home & Living,Clearance Sale,100,19,55,523.19,17.4%,"23,768.58","14,937.10","8,831.48",Credit Card,FALSE,4.1,FALSE,FALSE
R02561,2026-04-01,???,FALSE,B,Food & Beverage,Weekend Boost,119,22,147,396.72,6.6%,"54,468.80","33,875.84","20,592.96",E-Wallet,FALSE,5,FALSE,FALSE
R02756,2026-04-01,???,FALSE,B,Electronics,None,137,26,48,"1,167.91",5.0%,"53,256.68","38,208.54","15,048.14",Credit Card,FALSE,4.5,FALSE,FALSE
R00291,2026-04-01,???,FALSE,C,Fashion,Clearance Sale,130,21,96,"1,202.59",17.2%,"95,591.56","55,666.38","39,925.18",E-Wallet,FALSE,3.5,FALSE,FALSE
R01659,2026-04-01,???,FALSE,C,Electronics,None,116,20,50,"1,397.97",4.4%,"66,823.03","49,114.61","17,708.42",Mobile Banking,FALSE,3.7,FALSE,FALSE
R00016,2026-04-01,???,FALSE,D,Food & Beverage,Clearance Sale,135,26,169,476.12,18.1%,"65,900.73","42,001.21","23,899.52",Credit Card,FALSE,4,FALSE,FALSE
R01517,2026-04-01,???,FALSE,D,Fashion,None,132,22,104,908.74,1.9%,"92,713.38","52,463.64","40,249.74",E-Wallet,FALSE,3.2,FALSE,FALSE
R02000,2026-04-01,???,FALSE,D,Food & Beverage,Weekend Boost,188,28,222,522.79,7.2%,"107,702.58","67,581.65","40,120.93",Mobile Banking,FALSE,4.4,FALSE,FALSE
R02156,2026-04-01,???,FALSE,D,Beauty,None,86,19,57,415.61,3.6%,"22,837.18","11,279.97","11,557.21",QR Payment,FALSE,4.7,FALSE,FALSE
R02254,2026-04-01,???,FALSE,D,Food & Beverage,None,192,31,253,426.04,2.1%,"105,525.68","68,097.55","37,428.13",Credit Card,FALSE,3.9,FALSE,FALSE
R00452,2026-04-01,???,FALSE,E,Home & Living,None,143,27,93,689.55,4.5%,"61,242.49","38,596.90","22,645.59",Credit Card,FALSE,4.2,FALSE,FALSE
R02005,2026-04-01,???,FALSE,E,Beauty,Member Day,155,26,112,866.88,8.7%,"88,643.18","44,665.06","43,978.12",E-Wallet,FALSE,4.8,FALSE,FALSE
R00044,2026-04-02,????????,FALSE,A,Beauty,Mega Sale,115,20,69,"1,078.55",14.0%,"64,001.29","30,179.60","33,821.69",Mobile Banking,FALSE,4,FALSE,TRUE
R00802,2026-04-02,????????,FALSE,A,Electronics,Mega Sale,129,19,41,"2,536.69",18.5%,"84,763.50","60,527.65","24,235.85",Credit Card,FALSE,4.2,FALSE,TRUE
R02551,2026-04-02,????????,FALSE,A,Food & Beverage,Mega Sale,42,9,48,115.61,13.5%,"4,800.00","2,934.60","1,865.40",Credit Card,FALSE,4,FALSE,TRUE
R02954,2026-04-02,????????,FALSE,A,Fashion,Mega Sale,103,23,82,625.66,18.0%,"42,069.56","24,372.64","17,696.92",Mobile Banking,FALSE,4.4,FALSE,TRUE
R00135,2026-04-02,????????,FALSE,B,Fashion,Mega Sale,175,27,150,"1,357.67",14.2%,"174,732.22","100,758.84","73,973.38",Cash,FALSE,4.4,FALSE,TRUE
R00725,2026-04-02,????????,FALSE,B,Electronics,Mega Sale,133,19,60,"2,772.92",17.6%,"137,092.96","99,436.09","37,656.87",Cash,FALSE,4.7,FALSE,TRUE
R00726,2026-04-02,????????,FALSE,B,Electronics,Mega Sale,149,26,62,"2,349.42",17.8%,"119,735.74","91,204.35","28,531.39",Mobile Banking,FALSE,4.3,FALSE,TRUE
R02904,2026-04-02,????????,FALSE,B,Food & Beverage,Mega Sale,130,19,173,732.38,12.1%,"111,370.45","71,019.08","40,351.37",Mobile Banking,FALSE,4.3,FALSE,TRUE
R00634,2026-04-02,????????,FALSE,C,Food & Beverage,Mega Sale,108,19,126,840.25,15.6%,"89,355.76","56,227.92","33,127.84",E-Wallet,FALSE,4,FALSE,TRUE
R01091,2026-04-02,????????,FALSE,C,Sports,Mega Sale,184,27,128,"1,675.87",16.2%,"179,760.66","107,566.58","72,194.08",Cash,FALSE,4.8,FALSE,TRUE
R00426,2026-04-02,????????,FALSE,D,Home & Living,Mega Sale,151,23,71,"2,495.84",13.8%,"152,750.15","104,408.42","48,341.73",Cash,FALSE,5,FALSE,TRUE
R02704,2026-04-02,????????,FALSE,D,Fashion,Mega Sale,119,20,93,"1,148.40",15.4%,"90,354.15","49,647.06","40,707.09",Mobile Banking,FALSE,4.9,FALSE,TRUE
R00660,2026-04-02,????????,FALSE,E,Fashion,Mega Sale,157,28,134,956.76,15.1%,"108,846.19","59,801.21","49,044.98",Credit Card,FALSE,5,FALSE,TRUE
R01104,2026-04-02,????????,FALSE,E,Electronics,Mega Sale,131,21,55,"2,571.97",14.0%,"121,654.40","86,581.41","35,072.99",QR Payment,FALSE,3.7,FALSE,TRUE
R01698,2026-04-02,????????,FALSE,E,Electronics,Mega Sale,163,23,31,"6,719.74",16.3%,"174,357.09","128,907.00","45,450.09",QR Payment,FALSE,4.3,FALSE,TRUE
R02701,2026-04-02,????????,FALSE,E,Food & Beverage,Mega Sale,197,28,214,910.92,13.3%,"169,010.68","102,389.85","66,620.83",Credit Card,FALSE,3.9,FALSE,TRUE
R00164,2026-04-03,?????,FALSE,A,Fashion,None,155,28,129,644.45,1.5%,"81,887.61","45,787.39","36,100.22",E-Wallet,FALSE,3.9,FALSE,FALSE
R00470,2026-04-03,?????,FALSE,A,Electronics,None,155,23,70,"1,401.92",0.0%,"98,134.35","68,816.90","29,317.45",Credit Card,FALSE,3.8,FALSE,FALSE
R00709,2026-04-03,?????,FALSE,A,Food & Beverage,None,128,23,144,615.72,3.7%,"85,382.75","56,634.42","28,748.33",E-Wallet,FALSE,3.8,FALSE,FALSE
R00753,2026-04-03,?????,FALSE,A,Food & Beverage,None,137,24,179,485.69,0.7%,"86,329.29","48,671.09","37,658.20",Mobile Banking,FALSE,3.8,FALSE,FALSE
R01074,2026-04-03,?????,FALSE,A,Food & Beverage,None,165,30,200,439.03,3.5%,"84,732.04","54,935.12","29,796.92",Credit Card,FALSE,4.4,FALSE,FALSE
R01311,2026-04-03,?????,FALSE,A,Food & Beverage,None,97,19,107,290.18,1.7%,"30,520.97","18,121.13","12,399.84",E-Wallet,FALSE,4.3,FALSE,FALSE
R02628,2026-04-03,?????,FALSE,A,Fashion,Weekend Boost,160,26,140,830.48,4.6%,"110,918.65","63,798.06","47,120.59",Mobile Banking,FALSE,4.5,FALSE,FALSE
R00267,2026-04-03,?????,FALSE,B,Sports,None,168,26,90,"1,099.87",3.4%,"95,622.87","53,824.60","41,798.27",Cash,FALSE,3.6,FALSE,FALSE
R01053,2026-04-03,?????,FALSE,B,Fashion,Weekend Boost,220,30,196,790.81,4.4%,"148,178.31","81,654.85","66,523.46",Credit Card,FALSE,3.5,FALSE,FALSE
R02001,2026-04-03,?????,FALSE,B,Fashion,Weekend Boost,139,24,115,833.08,9.0%,"87,181.46","50,381.91","36,799.55",Credit Card,FALSE,4.1,FALSE,FALSE
R02152,2026-04-03,?????,FALSE,B,Food & Beverage,None,143,23,178,418.64,0.7%,"73,996.02","43,820.64","30,175.38",E-Wallet,FALSE,4,FALSE,FALSE
R00705,2026-04-03,?????,FALSE,C,Food & Beverage,None,165,26,220,471.11,2.7%,"100,846.14","63,129.50","37,716.64",Credit Card,FALSE,4.5,FALSE,FALSE
R02766,2026-04-03,?????,FALSE,C,Food & Beverage,Member Day,98,19,128,345.58,7.9%,"40,739.65","26,276.40","14,463.25",QR Payment,FALSE,4,FALSE,FALSE
R02526,2026-04-03,?????,FALSE,D,Food & Beverage,None,128,21,161,397.76,3.7%,"61,670.38","35,968.29","25,702.09",Cash,FALSE,4.4,FALSE,FALSE
R02712,2026-04-03,?????,FALSE,D,Fashion,None,100,20,78,487.65,3.7%,"36,629.19","21,571.81","15,057.38",Credit Card,FALSE,4.1,FALSE,FALSE
R02022,2026-04-03,?????,FALSE,E,Fashion,Clearance Sale,146,29,135,612.00,16.3%,"69,153.13","40,365.94","28,787.19",Credit Card,FALSE,5,FALSE,FALSE
R00792,2026-04-04,?????,TRUE,A,Food & Beverage,None,191,28,233,455.22,0.6%,"105,428.90","60,281.64","45,147.26",Credit Card,FALSE,5,FALSE,FALSE
R01031,2026-04-04,?????,TRUE,A,Sports,Clearance Sale,182,25,109,"1,408.20",17.9%,"126,018.06","70,200.18","55,817.88",Mobile Banking,FALSE,3.7,FALSE,FALSE
R01219,2026-04-04,?????,TRUE,A,Sports,None,157,28,91,941.74,1.8%,"84,155.79","46,304.47","37,851.32",E-Wallet,FALSE,3.8,FALSE,FALSE
R02911,2026-04-04,?????,TRUE,A,Fashion,None,165,25,165,611.57,4.9%,"95,964.29","52,121.01","43,843.28",Mobile Banking,FALSE,4.1,FALSE,FALSE
R00201,2026-04-04,?????,TRUE,B,Beauty,Weekend Boost,155,24,135,841.15,5.9%,"106,855.51","52,776.91","54,078.60",Mobile Banking,FALSE,4.4,FALSE,FALSE
R01537,2026-04-04,?????,TRUE,B,Fashion,None,100,18,54,760.09,1.2%,"40,552.53","23,347.69","17,204.84",QR Payment,FALSE,3.6,FALSE,FALSE
R01654,2026-04-04,?????,TRUE,B,Fashion,None,105,18,85,676.08,3.6%,"55,397.78","31,867.11","23,530.67",E-Wallet,FALSE,4.5,FALSE,FALSE
R01693,2026-04-04,?????,TRUE,B,Fashion,None,154,25,138,647.29,0.7%,"88,701.03","52,162.93","36,538.10",Mobile Banking,FALSE,4.2,FALSE,FALSE
R02294,2026-04-04,?????,TRUE,B,Home & Living,None,143,20,80,"1,255.40",5.3%,"95,109.19","63,625.98","31,483.21",E-Wallet,FALSE,4.1,FALSE,FALSE
R02891,2026-04-04,?????,TRUE,B,Home & Living,None,161,25,78,"1,408.87",3.7%,"105,826.21","71,034.48","34,791.73",Cash,FALSE,3.5,FALSE,FALSE
R00169,2026-04-04,?????,TRUE,C,Home & Living,None,36,11,29,153.12,2.3%,"4,338.21","2,753.79","1,584.42",Credit Card,FALSE,3.8,FALSE,FALSE
R00650,2026-04-04,?????,TRUE,C,Beauty,None,107,18,82,885.99,2.6%,"70,762.46","34,238.20","36,524.26",Mobile Banking,FALSE,4.3,FALSE,FALSE
R01222,2026-04-04,?????,TRUE,C,Home & Living,None,151,24,74,978.38,3.6%,"69,793.37","47,054.47","22,738.90",Mobile Banking,FALSE,3.8,FALSE,FALSE
R02157,2026-04-04,?????,TRUE,C,Sports,None,227,37,138,"1,000.13",0.7%,"137,051.15","75,029.24","62,021.91",QR Payment,FALSE,3.3,FALSE,FALSE
R02190,2026-04-04,?????,TRUE,C,Electronics,None,104,18,40,868.05,4.0%,"33,333.17","25,349.83","7,983.34",Mobile Banking,FALSE,4.8,FALSE,FALSE
R00189,2026-04-04,?????,TRUE,D,Home & Living,None,161,29,104,872.60,4.2%,"86,938.95","57,543.97","29,394.98",E-Wallet,FALSE,3.9,FALSE,FALSE
R00266,2026-04-04,?????,TRUE,D,Food & Beverage,None,135,26,162,390.93,2.7%,"61,621.09","36,657.40","24,963.69",Cash,FALSE,4.3,FALSE,FALSE
R01043,2026-04-04,?????,TRUE,D,Home & Living,None,137,25,69,856.15,2.9%,"57,361.50","36,520.62","20,840.88",QR Payment,FALSE,4.9,FALSE,FALSE
R02093,2026-04-04,?????,TRUE,D,Sports,None,165,30,111,739.16,4.0%,"78,764.87","44,407.16","34,357.71",Cash,FALSE,3.8,FALSE,FALSE
R02926,2026-04-04,?????,TRUE,D,Fashion,None,76,18,63,48.94,2.7%,"3,000.00","1,670.67","1,329.33",Cash,FALSE,4.4,FALSE,FALSE
R02020,2026-04-04,?????,TRUE,E,Fashion,None,103,19,109,471.90,2.0%,"50,408.59","30,625.11","19,783.48",E-Wallet,FALSE,4.3,FALSE,FALSE
R02033,2026-04-04,?????,TRUE,E,Electronics,None,170,25,65,"1,932.62",3.2%,"121,600.16","86,500.96","35,099.20",E-Wallet,FALSE,4.1,FALSE,FALSE
R02941,2026-04-04,?????,TRUE,E,Beauty,None,166,28,114,766.03,1.6%,"85,930.58","43,106.88","42,823.70",Credit Card,FALSE,3.5,FALSE,FALSE
R00526,2026-04-05,???????,TRUE,A,Sports,Mega Sale,112,21,64,"1,358.56",15.1%,"73,818.78","42,877.33","30,941.45",Mobile Banking,FALSE,4.5,FALSE,TRUE
R00712,2026-04-05,???????,TRUE,A,Fashion,Mega Sale,174,24,140,"1,226.40",13.9%,"147,829.78","81,077.13","66,752.65",Credit Card,FALSE,4.1,FALSE,TRUE
R00840,2026-04-05,???????,TRUE,A,Beauty,Mega Sale,206,32,140,"1,337.65",14.2%,"160,678.63","80,411.24","80,267.39",Cash,FALSE,4.4,FALSE,TRUE
R01949,2026-04-05,???????,TRUE,A,Food & Beverage,Mega Sale,202,34,234,"1,883.29",16.9%,"366,213.99","230,403.55","135,810.44",E-Wallet,FALSE,4.3,TRUE,TRUE
R01345,2026-04-05,???????,TRUE,B,Food & Beverage,Mega Sale,173,28,219,677.03,16.7%,"123,508.63","80,185.83","43,322.80",Cash,FALSE,4.3,FALSE,TRUE
R01879,2026-04-05,???????,TRUE,C,Food & Beverage,Mega Sale,157,19,182,"1,093.47",13.7%,"171,747.58","108,039.46","63,708.12",Mobile Banking,FALSE,4,FALSE,TRUE
R00595,2026-04-05,???????,TRUE,D,Sports,Mega Sale,73,14,46,655.85,16.9%,"25,070.59","14,466.54","10,604.05",Credit Card,FALSE,4.5,FALSE,TRUE
R01575,2026-04-05,???????,TRUE,D,Food & Beverage,Mega Sale,156,24,189,774.37,16.0%,"122,938.53","76,071.82","46,866.71",Cash,FALSE,3.8,FALSE,TRUE
R01606,2026-04-05,???????,TRUE,D,Beauty,Mega Sale,73,24,41,140.54,16.7%,"4,800.00","2,351.93","2,448.07",Credit Card,FALSE,4.2,FALSE,TRUE
R01913,2026-04-05,???????,TRUE,E,Food & Beverage,Mega Sale,175,30,213,588.02,16.7%,"104,332.57","63,918.63","40,413.94",E-Wallet,FALSE,3.9,FALSE,TRUE
R02427,2026-04-05,???????,TRUE,E,Electronics,Mega Sale,126,25,48,"1,221.63",16.9%,"48,728.25","34,484.88","14,243.37",QR Payment,FALSE,4.6,FALSE,TRUE
R01988,2026-04-06,??????,FALSE,A,Food & Beverage,Mega Sale,99,25,108,143.08,16.4%,"12,918.08","7,932.09","4,985.99",Credit Card,FALSE,4.8,FALSE,TRUE
R02406,2026-04-06,??????,FALSE,A,Home & Living,Mega Sale,97,16,75,"1,220.02",15.6%,"77,227.12","48,792.77","28,434.35",Credit Card,FALSE,3.8,FALSE,TRUE
R00895,2026-04-06,??????,FALSE,B,Beauty,Mega Sale,182,28,135,"1,474.38",16.3%,"166,597.90","78,188.30","88,409.60",E-Wallet,FALSE,4.5,FALSE,TRUE
R01258,2026-04-06,??????,FALSE,B,Fashion,Mega Sale,102,21,85,682.44,14.6%,"49,538.16","28,835.17","20,702.99",Credit Card,FALSE,5,FALSE,TRUE
R02692,2026-04-06,??????,FALSE,B,Electronics,Mega Sale,155,31,51,"1,742.67",11.4%,"78,744.20","56,288.81","22,455.39",Credit Card,FALSE,4.3,FALSE,TRUE
R00315,2026-04-06,??????,FALSE,C,Home & Living,Mega Sale,169,29,71,"2,125.59",15.4%,"127,675.69","79,811.99","47,863.70",Mobile Banking,FALSE,4.5,FALSE,TRUE
R00758,2026-04-06,??????,FALSE,C,Electronics,Mega Sale,113,21,52,"1,446.98",14.5%,"64,332.80","46,277.22","18,055.58",Cash,FALSE,4.1,FALSE,TRUE
R01594,2026-04-06,??????,FALSE,C,Fashion,Mega Sale,156,23,124,"1,387.61",15.3%,"145,738.17","87,904.19","57,833.98",Credit Card,FALSE,3.7,FALSE,TRUE
R02585,2026-04-06,??????,FALSE,C,Food & Beverage,Mega Sale,77,17,87,258.57,15.9%,"18,918.59","11,648.74","7,269.85",QR Payment,FALSE,3.7,FALSE,TRUE
R00161,2026-04-06,??????,FALSE,D,Fashion,Mega Sale,159,30,139,861.38,14.9%,"101,891.54","57,824.28","44,067.26",E-Wallet,FALSE,4.5,FALSE,TRUE
R00528,2026-04-06,??????,FALSE,D,Home & Living,Mega Sale,149,24,62,"1,747.91",14.1%,"93,090.28","63,458.94","29,631.34",Cash,FALSE,3.9,FALSE,TRUE
R01773,2026-04-06,??????,FALSE,D,Sports,Mega Sale,169,27,113,"1,067.36",15.1%,"102,399.23","57,253.90","45,145.33",E-Wallet,FALSE,4.1,FALSE,TRUE
R02087,2026-04-06,??????,FALSE,D,Fashion,Mega Sale,109,18,83,"1,116.29",14.8%,"78,939.49","44,982.93","33,956.56",E-Wallet,FALSE,4.6,FALSE,TRUE
R02916,2026-04-06,??????,FALSE,D,Fashion,Mega Sale,73,19,56,103.02,16.8%,"4,800.00","2,714.59","2,085.41",Credit Card,FALSE,4.3,FALSE,TRUE
R01070,2026-04-06,??????,FALSE,E,Fashion,Mega Sale,158,28,117,"1,062.05",11.0%,"110,591.32","62,073.70","48,517.62",Mobile Banking,FALSE,4.8,FALSE,TRUE
R01800,2026-04-06,??????,FALSE,E,Food & Beverage,Mega Sale,191,26,222,"1,285.25",18.9%,"231,399.46","132,759.77","98,639.69",Mobile Banking,FALSE,3.8,FALSE,TRUE
R00924,2026-04-07,??????,FALSE,A,Sports,None,159,27,111,805.97,4.9%,"85,079.31","46,879.03","38,200.28",Credit Card,FALSE,4.1,FALSE,FALSE
R00941,2026-04-07,??????,FALSE,A,Electronics,None,75,17,16,"1,642.08",2.9%,"25,511.32","18,971.78","6,539.54",QR Payment,FALSE,4.2,FALSE,FALSE
R01526,2026-04-07,??????,FALSE,B,Electronics,None,146,21,82,949.81,4.7%,"74,224.16","53,686.94","20,537.22",Credit Card,FALSE,4.3,FALSE,FALSE
R02070,2026-04-07,??????,FALSE,C,Fashion,Payday Promo,100,22,105,316.95,10.2%,"29,885.53","16,573.38","13,312.15",Credit Card,FALSE,4.7,FALSE,FALSE
R02287,2026-04-07,??????,FALSE,C,Food & Beverage,None,213,32,258,544.88,5.9%,"132,285.58","83,530.87","48,754.71",QR Payment,FALSE,3.9,FALSE,FALSE
R00335,2026-04-07,??????,FALSE,D,Beauty,Weekend Boost,123,23,90,604.15,8.8%,"49,588.69","25,778.18","23,810.51",QR Payment,FALSE,4.7,FALSE,FALSE
R01084,2026-04-07,??????,FALSE,D,Fashion,Clearance Sale,139,26,124,591.44,18.7%,"59,623.96","35,165.12","24,458.84",E-Wallet,FALSE,5,FALSE,FALSE
R01989,2026-04-07,??????,FALSE,D,Food & Beverage,None,198,32,266,401.56,0.5%,"106,281.43","67,794.51","38,486.92",QR Payment,FALSE,4.5,FALSE,FALSE
R02258,2026-04-07,??????,FALSE,D,Sports,Member Day,205,28,112,"1,278.31",7.2%,"132,862.76","74,438.09","58,424.67",Cash,FALSE,4.2,FALSE,FALSE
R02609,2026-04-07,??????,FALSE,D,Fashion,Weekend Boost,88,18,76,631.84,6.3%,"44,994.46","25,925.44","19,069.02",Mobile Banking,FALSE,4.4,FALSE,FALSE
R02612,2026-04-07,??????,FALSE,D,Beauty,None,149,28,129,509.28,5.3%,"62,215.33","32,242.52","29,972.81",Credit Card,FALSE,4,FALSE,FALSE
R00889,2026-04-07,??????,FALSE,E,Fashion,None,117,21,107,502.22,0.0%,"53,737.20","30,412.14","23,325.06",E-Wallet,FALSE,3.9,FALSE,FALSE
R01060,2026-04-07,??????,FALSE,E,Food & Beverage,Payday Promo,133,23,161,516.81,12.2%,"73,055.61","46,489.09","26,566.52",Credit Card,FALSE,3.8,FALSE,FALSE
R01748,2026-04-07,??????,FALSE,E,Fashion,None,106,21,79,596.92,3.2%,"45,647.36","26,784.13","18,863.23",Cash,FALSE,4.5,FALSE,FALSE
R02329,2026-04-07,??????,FALSE,E,Home & Living,None,95,19,43,524.89,4.3%,"21,599.75","14,223.58","7,376.17",Credit Card,FALSE,3.6,FALSE,FALSE
R00013,2026-04-08,???,FALSE,A,Fashion,None,126,20,91,803.71,0.6%,"72,698.35","42,203.36","30,494.99",Credit Card,FALSE,4.8,FALSE,FALSE
R01771,2026-04-08,???,FALSE,A,Beauty,None,91,14,77,805.46,3.7%,"59,725.62","27,267.98","32,457.64",Credit Card,FALSE,4.3,FALSE,FALSE
R02393,2026-04-08,???,FALSE,A,Beauty,None,147,25,129,731.30,1.4%,"93,017.13","45,914.23","47,102.90",E-Wallet,FALSE,4.1,FALSE,FALSE
R02481,2026-04-08,???,FALSE,A,Home & Living,None,95,17,44,"2,493.74",3.8%,"105,554.84","69,090.57","36,464.27",Mobile Banking,FALSE,3.3,TRUE,FALSE
R02832,2026-04-08,???,FALSE,A,Food & Beverage,None,151,23,171,561.24,1.4%,"94,628.72","58,478.57","36,150.15",QR Payment,FALSE,4.7,FALSE,FALSE
R00422,2026-04-08,???,FALSE,B,Food & Beverage,None,108,20,140,395.10,1.1%,"54,705.41","32,001.48","22,703.93",E-Wallet,FALSE,4.8,FALSE,FALSE
R00664,2026-04-08,???,FALSE,B,Electronics,None,84,17,25,"1,208.16",3.4%,"29,177.11","20,770.42","8,406.69",QR Payment,FALSE,5,FALSE,FALSE
R00762,2026-04-08,???,FALSE,B,Beauty,Member Day,136,25,122,696.44,8.9%,"77,403.55","38,682.81","38,720.74",E-Wallet,FALSE,4.1,FALSE,FALSE
R02996,2026-04-08,???,FALSE,B,Beauty,Payday Promo,175,25,146,775.17,9.0%,"102,988.94","50,458.81","52,530.13",E-Wallet,FALSE,4.7,FALSE,FALSE
R00026,2026-04-08,???,FALSE,D,Fashion,Clearance Sale,157,23,137,852.11,16.3%,"97,710.92","55,717.25","41,993.67",QR Payment,FALSE,4.2,FALSE,FALSE
R00208,2026-04-08,???,FALSE,E,Fashion,None,130,23,105,630.70,3.1%,"64,170.95","37,833.38","26,337.57",Credit Card,FALSE,3.5,FALSE,FALSE
R01040,2026-04-08,???,FALSE,E,Fashion,None,121,20,105,654.02,3.2%,"66,474.52","41,595.06","24,879.46",Cash,FALSE,4,FALSE,FALSE
R00262,2026-04-09,????????,FALSE,A,Fashion,None,163,23,131,805.68,3.7%,"101,638.77","58,774.33","42,864.44",QR Payment,FALSE,3.5,FALSE,FALSE
R00547,2026-04-09,????????,FALSE,A,Electronics,Weekend Boost,129,22,57,"1,234.40",7.9%,"64,802.10","46,683.62","18,118.48",Mobile Banking,FALSE,4.3,FALSE,FALSE
R02058,2026-04-09,????????,FALSE,A,Food & Beverage,None,67,15,105,60.25,2.1%,"6,193.07","3,693.45","2,499.62",Credit Card,FALSE,4.2,FALSE,FALSE
R00519,2026-04-09,????????,FALSE,B,Sports,None,80,15,81,354.49,2.9%,"27,880.77","15,946.41","11,934.36",QR Payment,FALSE,4,FALSE,FALSE
R02025,2026-04-09,????????,FALSE,B,Sports,None,159,25,111,832.45,1.1%,"91,385.84","52,101.11","39,284.73",Mobile Banking,FALSE,4.2,FALSE,FALSE
R00828,2026-04-09,????????,FALSE,C,Sports,None,97,21,53,756.11,5.9%,"37,709.71","20,877.82","16,831.89",E-Wallet,FALSE,4.8,FALSE,FALSE
R01183,2026-04-09,????????,FALSE,D,Fashion,Weekend Boost,186,31,154,735.20,8.2%,"103,937.21","58,701.99","45,235.22",QR Payment,FALSE,4.7,FALSE,FALSE
R01647,2026-04-09,????????,FALSE,D,Food & Beverage,None,153,23,172,645.21,3.7%,"106,869.75","66,030.40","40,839.35",QR Payment,FALSE,4.4,FALSE,FALSE
R02562,2026-04-09,????????,FALSE,D,Electronics,None,69,15,33,259.50,2.1%,"8,383.81","6,197.14","2,186.67",Cash,FALSE,2.9,FALSE,FALSE
R02594,2026-04-09,????????,FALSE,D,Home & Living,None,142,23,76,"1,083.15",9.1%,"74,828.62","51,842.88","22,985.74",E-Wallet,FALSE,3.6,FALSE,FALSE
R02297,2026-04-09,????????,FALSE,E,Food & Beverage,None,129,24,139,329.37,1.3%,"45,186.68","27,855.03","17,331.65",QR Payment,FALSE,4.5,FALSE,FALSE
R02374,2026-04-09,????????,FALSE,E,Electronics,None,82,19,29,765.01,3.0%,"21,519.77","15,814.12","5,705.65",Credit Card,FALSE,5,FALSE,FALSE
R00255,2026-04-10,?????,FALSE,A,Electronics,None,158,28,61,"1,560.34",3.8%,"91,563.61","66,847.77","24,715.84",Credit Card,FALSE,4,FALSE,FALSE
R00670,2026-04-10,?????,FALSE,A,Home & Living,None,94,22,58,466.02,1.4%,"26,650.77","17,214.28","9,436.49",Credit Card,FALSE,4.1,FALSE,FALSE
R00751,2026-04-10,?????,FALSE,A,Home & Living,Member Day,95,19,62,830.77,8.3%,"47,232.54","31,589.66","15,642.88",E-Wallet,FALSE,4.7,FALSE,FALSE
R00797,2026-04-10,?????,FALSE,A,Home & Living,None,169,26,85,"1,136.83",4.6%,"92,185.41","61,985.31","30,200.10",QR Payment,FALSE,4.8,FALSE,FALSE
R01058,2026-04-10,?????,FALSE,A,Home & Living,None,149,27,93,915.16,6.1%,"79,918.30","53,111.32","26,806.98",Credit Card,FALSE,3.2,FALSE,FALSE
R01105,2026-04-10,?????,FALSE,B,Electronics,None,124,23,61,"1,240.28",1.9%,"74,219.49","51,279.01","22,940.48",Credit Card,FALSE,4.4,FALSE,FALSE
R01137,2026-04-10,?????,FALSE,B,Food & Beverage,None,151,25,215,319.38,1.8%,"67,431.28","42,540.90","24,890.38",Credit Card,FALSE,4.3,FALSE,FALSE
R01858,2026-04-10,?????,FALSE,B,Home & Living,None,119,18,78,"1,096.55",1.5%,"84,248.03","54,896.63","29,351.40",Mobile Banking,FALSE,4.5,FALSE,FALSE
R00364,2026-04-10,?????,FALSE,C,Electronics,None,124,20,45,"1,626.83",5.5%,"69,181.15","51,393.43","17,787.72",E-Wallet,FALSE,3.4,FALSE,FALSE
R00479,2026-04-10,?????,FALSE,C,Electronics,Payday Promo,138,23,39,"2,275.32",10.1%,"79,775.00","53,834.57","25,940.43",E-Wallet,FALSE,4.1,FALSE,FALSE
R01439,2026-04-10,?????,FALSE,D,Home & Living,Weekend Boost,124,21,67,"1,231.15",6.2%,"77,373.08","49,515.18","27,857.90",Mobile Banking,FALSE,4.1,FALSE,FALSE
R02605,2026-04-10,?????,FALSE,D,Home & Living,Payday Promo,97,21,39,726.11,9.8%,"25,543.10","16,157.68","9,385.42",Credit Card,FALSE,4.7,FALSE,FALSE
R00775,2026-04-10,?????,FALSE,E,Beauty,Payday Promo,181,26,121,818.63,10.6%,"88,554.09","42,227.61","46,326.48",Credit Card,FALSE,4,FALSE,FALSE
R01283,2026-04-10,?????,FALSE,E,Food & Beverage,Payday Promo,127,29,127,357.63,10.0%,"40,876.59","24,284.31","16,592.28",Cash,FALSE,4.2,FALSE,FALSE
R02073,2026-04-10,?????,FALSE,E,Food & Beverage,None,133,21,151,557.02,1.2%,"83,099.96","52,792.93","30,307.03",Credit Card,FALSE,3.5,FALSE,FALSE
R02553,2026-04-10,?????,FALSE,E,Fashion,None,91,16,68,633.55,3.1%,"41,745.79","24,920.07","16,825.72",Credit Card,FALSE,3.4,FALSE,FALSE
R00786,2026-04-11,?????,TRUE,A,Electronics,None,60,15,6,"1,119.78",1.1%,"6,644.78","4,847.38","1,797.40",QR Payment,FALSE,3.8,FALSE,FALSE
R00971,2026-04-11,?????,TRUE,A,Fashion,Clearance Sale,122,27,106,382.43,20.4%,"32,267.64","17,549.50","14,718.14",E-Wallet,FALSE,4.6,FALSE,FALSE
R01980,2026-04-11,?????,TRUE,A,Home & Living,Member Day,160,27,78,"1,363.85",5.9%,"100,104.06","66,101.72","34,002.34",QR Payment,FALSE,4,FALSE,FALSE
R02721,2026-04-11,?????,TRUE,A,Beauty,None,113,26,85,310.56,2.4%,"25,763.79","12,820.26","12,943.53",E-Wallet,TRUE,3.1,FALSE,FALSE
R00386,2026-04-11,?????,TRUE,B,Food & Beverage,None,143,24,164,549.74,5.5%,"85,198.42","50,289.80","34,908.62",E-Wallet,FALSE,4.2,FALSE,FALSE
R00500,2026-04-11,?????,TRUE,B,Fashion,None,103,21,120,126.48,1.4%,"14,964.86","9,158.04","5,806.82",QR Payment,FALSE,3.6,FALSE,FALSE
R01089,2026-04-11,?????,TRUE,B,Food & Beverage,Payday Promo,119,23,150,218.44,9.5%,"29,653.79","18,910.93","10,742.86",Credit Card,FALSE,4.3,FALSE,FALSE
R01510,2026-04-11,?????,TRUE,B,Fashion,None,142,22,112,900.08,2.7%,"98,087.63","57,804.46","40,283.17",Cash,FALSE,4.3,FALSE,FALSE
R02384,2026-04-11,?????,TRUE,B,Food & Beverage,None,157,24,190,504.43,4.3%,"91,719.76","52,830.57","38,889.19",QR Payment,FALSE,4.3,FALSE,FALSE
R02995,2026-04-11,?????,TRUE,B,Food & Beverage,Weekend Boost,61,17,82,48.22,9.3%,"3,586.54","2,273.11","1,313.43",Cash,FALSE,4.5,FALSE,FALSE
R01403,2026-04-11,?????,TRUE,C,Beauty,None,133,26,110,632.96,5.1%,"66,074.48","31,220.92","34,853.56",QR Payment,FALSE,4.5,FALSE,FALSE
R00591,2026-04-11,?????,TRUE,D,Fashion,None,124,22,101,462.53,2.8%,"45,407.56","25,872.38","19,535.18",Cash,FALSE,4,FALSE,FALSE
R00875,2026-04-11,?????,TRUE,D,Electronics,None,188,29,68,"1,715.03",3.0%,"113,123.06","81,972.16","31,150.90",Credit Card,FALSE,4.5,FALSE,FALSE
R01065,2026-04-11,?????,TRUE,D,Food & Beverage,None,143,20,182,469.42,0.0%,"85,434.91","51,699.95","33,734.96",QR Payment,FALSE,4.7,FALSE,FALSE
R01683,2026-04-11,?????,TRUE,D,Fashion,None,169,25,162,708.00,2.5%,"111,828.65","63,165.23","48,663.42",E-Wallet,FALSE,4.6,FALSE,FALSE
R01717,2026-04-11,?????,TRUE,E,Home & Living,None,137,20,94,"1,137.30",5.2%,"101,346.93","63,485.09","37,861.84",E-Wallet,FALSE,4.2,FALSE,FALSE
R02061,2026-04-11,?????,TRUE,E,Beauty,None,142,27,131,363.37,6.2%,"44,650.64","21,282.77","23,367.87",Mobile Banking,FALSE,4.3,FALSE,FALSE
R02165,2026-04-11,?????,TRUE,E,Electronics,None,100,19,32,"1,224.02",3.0%,"37,993.71","27,779.93","10,213.78",QR Payment,FALSE,4,FALSE,FALSE
R02707,2026-04-11,?????,TRUE,E,Beauty,None,93,21,64,308.00,4.4%,"18,844.38","9,281.20","9,563.18",Credit Card,FALSE,4.8,FALSE,FALSE
R02846,2026-04-11,?????,TRUE,E,Beauty,None,118,21,82,801.43,4.3%,"62,891.70","29,665.96","33,225.74",Credit Card,FALSE,4.4,FALSE,FALSE
R00103,2026-04-12,???????,TRUE,A,Home & Living,None,125,25,84,602.40,2.7%,"49,235.68","32,081.22","17,154.46",E-Wallet,FALSE,4.7,FALSE,FALSE
R00244,2026-04-12,???????,TRUE,A,Beauty,Weekend Boost,99,21,89,381.30,5.5%,"32,069.10","16,094.81","15,974.29",E-Wallet,FALSE,5,FALSE,FALSE
R01970,2026-04-12,???????,TRUE,A,Beauty,None,113,22,76,604.02,2.6%,"44,711.87","21,796.66","22,915.21",E-Wallet,TRUE,3.5,FALSE,FALSE
R00251,2026-04-12,???????,TRUE,B,Fashion,Payday Promo,136,24,128,615.12,12.4%,"68,972.09","38,776.14","30,195.95",E-Wallet,FALSE,4.3,FALSE,FALSE
R00706,2026-04-12,???????,TRUE,B,Beauty,None,131,24,91,702.57,3.1%,"61,952.32","30,543.32","31,409.00",Mobile Banking,FALSE,4.3,FALSE,FALSE
R01817,2026-04-12,???????,TRUE,C,Home & Living,Member Day,183,28,105,"1,156.85",10.5%,"108,714.89","71,181.36","37,533.53",QR Payment,FALSE,4.5,FALSE,FALSE
R02542,2026-04-12,???????,TRUE,C,Beauty,None,155,22,113,802.92,2.1%,"88,825.02","43,661.50","45,163.52",Mobile Banking,TRUE,3.9,FALSE,FALSE
R00619,2026-04-12,???????,TRUE,D,Electronics,None,161,23,79,"1,216.12",3.5%,"92,710.53","64,430.53","28,280.00",QR Payment,FALSE,4.5,FALSE,FALSE
R02677,2026-04-12,???????,TRUE,D,Beauty,Payday Promo,145,24,107,826.52,10.4%,"79,239.93","39,999.77","39,240.16",Cash,FALSE,4.2,FALSE,FALSE
R00615,2026-04-12,???????,TRUE,E,Beauty,Payday Promo,166,22,114,"1,053.03",9.8%,"108,281.00","54,688.44","53,592.56",Credit Card,FALSE,4.6,FALSE,FALSE
R00796,2026-04-12,???????,TRUE,E,Food & Beverage,None,119,18,146,547.33,2.9%,"77,593.41","47,514.88","30,078.53",Credit Card,FALSE,3.6,FALSE,FALSE
R01180,2026-04-12,???????,TRUE,E,Beauty,None,121,24,90,469.53,3.5%,"40,779.10","20,565.69","20,213.41",Credit Card,FALSE,4.3,FALSE,FALSE
R00657,2026-04-13,??????,FALSE,A,Fashion,Weekend Boost,115,23,91,574.70,7.7%,"48,271.06","27,397.17","20,873.89",E-Wallet,FALSE,4.1,FALSE,FALSE
R00839,2026-04-13,??????,FALSE,A,Fashion,None,136,22,112,780.75,4.3%,"83,684.40","46,588.85","37,095.55",Cash,FALSE,4.1,FALSE,FALSE
R00911,2026-04-13,??????,FALSE,A,Electronics,None,80,15,44,"1,595.62",5.2%,"66,556.58","48,845.90","17,710.68",QR Payment,FALSE,3.4,FALSE,FALSE
R01482,2026-04-13,??????,FALSE,A,Fashion,None,87,18,70,708.52,0.6%,"49,299.12","28,099.00","21,200.12",Cash,FALSE,4.7,TRUE,FALSE
R01627,2026-04-13,??????,FALSE,A,Food & Beverage,None,146,20,171,577.50,2.2%,"96,580.17","63,316.57","33,263.60",Cash,FALSE,4,FALSE,FALSE
R01937,2026-04-13,??????,FALSE,A,Food & Beverage,None,110,16,146,570.29,1.5%,"82,013.12","52,763.58","29,249.54",Credit Card,FALSE,4.1,FALSE,FALSE
R01986,2026-04-13,??????,FALSE,A,Electronics,None,131,21,49,"2,059.77",3.9%,"96,992.51","73,270.68","23,721.83",Cash,TRUE,3.9,FALSE,FALSE
R02376,2026-04-13,??????,FALSE,A,Electronics,None,151,24,80,"1,127.55",3.1%,"87,407.60","61,898.94","25,508.66",QR Payment,FALSE,4,FALSE,FALSE
R01500,2026-04-13,??????,FALSE,B,Food & Beverage,Weekend Boost,59,14,89,36.05,6.5%,"3,000.00","1,775.79","1,224.21",Credit Card,FALSE,4.7,FALSE,FALSE
R01979,2026-04-13,??????,FALSE,B,Fashion,None,76,14,50,530.84,3.8%,"25,533.40","15,301.86","10,231.54",Mobile Banking,FALSE,4.6,FALSE,FALSE
R02105,2026-04-13,??????,FALSE,B,Food & Beverage,Member Day,134,24,156,564.81,8.8%,"80,356.28","50,089.49","30,266.79",E-Wallet,FALSE,3.9,FALSE,FALSE
R02617,2026-04-13,??????,FALSE,B,Food & Beverage,Payday Promo,74,19,90,282.20,8.7%,"23,188.71","14,571.89","8,616.82",Mobile Banking,FALSE,4.4,FALSE,FALSE
R00312,2026-04-13,??????,FALSE,C,Fashion,None,187,29,152,848.74,4.2%,"123,590.26","68,953.60","54,636.66",E-Wallet,FALSE,3.8,FALSE,FALSE
R00389,2026-04-13,??????,FALSE,C,Home & Living,None,104,17,34,"2,143.94",4.1%,"69,905.22","46,275.98","23,629.24",E-Wallet,FALSE,4.1,FALSE,FALSE
R00612,2026-04-13,??????,FALSE,C,Food & Beverage,Payday Promo,148,25,177,489.76,10.7%,"77,412.39","46,194.60","31,217.79",Mobile Banking,FALSE,4.5,FALSE,FALSE
R00993,2026-04-13,??????,FALSE,D,Electronics,Member Day,103,19,33,"1,416.42",6.6%,"43,656.97","30,830.91","12,826.06",E-Wallet,FALSE,4.7,FALSE,FALSE
R01390,2026-04-13,??????,FALSE,D,Fashion,Clearance Sale,92,18,78,628.20,17.6%,"40,375.52","23,277.01","17,098.51",Cash,FALSE,4.7,FALSE,FALSE
R02016,2026-04-13,??????,FALSE,D,Electronics,Member Day,128,24,63,922.45,7.7%,"53,639.55","40,986.93","12,652.62",Credit Card,FALSE,4.2,FALSE,FALSE
R00610,2026-04-13,??????,FALSE,E,Electronics,None,184,25,76,"1,803.83",3.2%,"132,704.37","96,014.56","36,689.81",Mobile Banking,FALSE,4.3,FALSE,FALSE
R01478,2026-04-13,??????,FALSE,E,Electronics,None,70,17,32,512.52,3.1%,"15,892.34","11,630.51","4,261.83",E-Wallet,FALSE,4,FALSE,FALSE
R01921,2026-04-14,??????,FALSE,A,Beauty,Mega Sale,230,34,187,"1,381.95",14.2%,"221,727.98","111,111.72","110,616.26",Credit Card,FALSE,4.1,FALSE,TRUE
R02191,2026-04-14,??????,FALSE,A,Beauty,Mega Sale,126,24,108,852.85,14.2%,"79,028.24","37,280.26","41,747.98",Cash,FALSE,4,FALSE,TRUE
R02638,2026-04-14,??????,FALSE,A,Fashion,Mega Sale,134,21,98,"1,099.06",14.0%,"92,628.55","51,235.48","41,393.07",QR Payment,FALSE,3.8,FALSE,TRUE
R00234,2026-04-14,??????,FALSE,B,Fashion,Mega Sale,137,27,113,925.07,17.0%,"86,762.08","49,923.67","36,838.41",QR Payment,FALSE,5,FALSE,TRUE
R02015,2026-04-14,??????,FALSE,B,Fashion,Mega Sale,99,15,92,"1,169.93",14.9%,"91,596.38","52,593.39","39,002.99",Credit Card,TRUE,4.8,FALSE,TRUE
R02715,2026-04-14,??????,FALSE,B,Food & Beverage,Mega Sale,160,29,203,633.10,16.0%,"107,955.58","65,794.58","42,161.00",Credit Card,FALSE,4.2,FALSE,TRUE
R00256,2026-04-14,??????,FALSE,C,Fashion,Mega Sale,88,17,58,414.75,13.9%,"20,711.92","12,540.75","8,171.17",Credit Card,FALSE,4.5,FALSE,TRUE
R01968,2026-04-14,??????,FALSE,C,Fashion,Mega Sale,136,23,121,"1,031.23",14.9%,"106,186.34","60,838.59","45,347.75",Mobile Banking,FALSE,4.3,FALSE,TRUE
R00017,2026-04-14,??????,FALSE,D,Beauty,Mega Sale,174,28,104,"1,707.83",13.7%,"153,281.59","77,841.13","75,440.46",Credit Card,FALSE,4.9,FALSE,TRUE
R01452,2026-04-14,??????,FALSE,D,Electronics,Mega Sale,96,15,35,"2,075.10",17.1%,"60,208.99","42,664.19","17,544.80",Credit Card,FALSE,4.5,FALSE,TRUE
R02347,2026-04-14,??????,FALSE,D,Fashion,Mega Sale,183,26,139,"1,745.23",16.3%,"203,044.92","115,270.42","87,774.50",Credit Card,FALSE,4.6,FALSE,TRUE
R00688,2026-04-14,??????,FALSE,E,Electronics,Mega Sale,206,31,80,"3,109.18",15.9%,"209,185.93","151,967.41","57,218.52",Credit Card,FALSE,4.3,FALSE,TRUE
R00729,2026-04-14,??????,FALSE,E,Home & Living,Mega Sale,90,20,63,600.97,15.5%,"31,992.81","20,866.54","11,126.27",Credit Card,FALSE,5,FALSE,TRUE
R00074,2026-04-15,???,FALSE,A,Fashion,None,106,20,119,460.18,2.0%,"53,666.75","30,706.18","22,960.57",QR Payment,FALSE,4.8,FALSE,FALSE
R00734,2026-04-15,???,FALSE,A,Food & Beverage,Payday Promo,98,18,113,510.28,11.5%,"51,030.17","32,013.13","19,017.04",E-Wallet,FALSE,4,FALSE,FALSE
R00929,2026-04-15,???,FALSE,A,Home & Living,None,144,24,85,988.67,1.3%,"82,944.16","55,457.28","27,486.88",Cash,FALSE,3.7,FALSE,FALSE
R02372,2026-04-15,???,FALSE,B,Food & Beverage,Member Day,137,19,184,564.53,9.4%,"94,109.57","57,591.53","36,518.04",Mobile Banking,FALSE,4,FALSE,FALSE
R00749,2026-04-15,???,FALSE,C,Fashion,Clearance Sale,145,21,109,918.13,19.5%,"80,561.47","45,226.14","35,335.33",Mobile Banking,FALSE,4.3,FALSE,FALSE
R01568,2026-04-15,???,FALSE,C,Food & Beverage,Payday Promo,111,15,156,559.88,8.9%,"79,568.12","52,337.80","27,230.32",Cash,FALSE,4.5,FALSE,FALSE
R02962,2026-04-15,???,FALSE,C,Beauty,None,186,29,134,983.85,3.4%,"127,353.94","61,797.91","65,556.03",QR Payment,FALSE,3.6,FALSE,FALSE
R00348,2026-04-15,???,FALSE,D,Fashion,None,158,27,135,688.55,1.2%,"91,838.34","53,341.73","38,496.61",E-Wallet,FALSE,4.5,FALSE,FALSE
R00353,2026-04-15,???,FALSE,D,Electronics,None,140,24,66,"1,124.20",3.7%,"71,451.86","51,416.11","20,035.75",Credit Card,FALSE,4.4,FALSE,FALSE
R01983,2026-04-15,???,FALSE,D,Beauty,None,161,22,137,875.19,3.5%,"115,704.87","57,603.73","58,101.14",QR Payment,TRUE,3.7,FALSE,FALSE
R02455,2026-04-15,???,FALSE,D,Fashion,Member Day,114,23,109,396.33,7.8%,"39,830.31","23,282.58","16,547.73",Credit Card,FALSE,4.3,FALSE,FALSE
R02827,2026-04-15,???,FALSE,D,Electronics,None,88,18,22,"1,272.11",1.5%,"27,566.60","18,977.10","8,589.50",Mobile Banking,FALSE,4.2,FALSE,FALSE
R00280,2026-04-15,???,FALSE,E,Fashion,None,186,33,158,582.33,1.6%,"90,536.62","53,186.53","37,350.09",Credit Card,FALSE,4.9,FALSE,FALSE
R00837,2026-04-15,???,FALSE,E,Sports,None,159,25,106,923.94,1.0%,"96,957.90","54,334.13","42,623.77",Cash,FALSE,4.5,FALSE,FALSE
R01134,2026-04-15,???,FALSE,E,Beauty,None,111,22,71,815.84,2.3%,"56,592.36","31,096.78","25,495.58",Credit Card,FALSE,3.5,FALSE,FALSE
R01552,2026-04-15,???,FALSE,E,Electronics,None,111,21,48,"1,204.33",2.6%,"56,304.99","39,567.26","16,737.73",Mobile Banking,FALSE,3.5,FALSE,FALSE
R00542,2026-04-16,????????,FALSE,A,Fashion,None,171,27,142,817.06,0.4%,"115,558.68","67,326.52","48,232.16",E-Wallet,FALSE,3.4,FALSE,FALSE
R00654,2026-04-16,????????,FALSE,B,Beauty,Weekend Boost,112,19,87,568.36,5.3%,"46,826.68","23,304.80","23,521.88",Credit Card,FALSE,4.5,FALSE,FALSE
R00785,2026-04-16,????????,FALSE,B,Beauty,Member Day,125,22,87,740.61,9.5%,"58,311.72","31,526.03","26,785.69",Credit Card,FALSE,3.6,FALSE,FALSE
R00900,2026-04-16,????????,FALSE,B,Fashion,None,133,25,90,727.75,3.4%,"63,270.46","37,985.56","25,284.90",Mobile Banking,FALSE,4.2,FALSE,FALSE
R01285,2026-04-16,????????,FALSE,B,Electronics,Payday Promo,78,16,26,"1,577.62",10.6%,"36,670.25","26,727.15","9,943.10",QR Payment,FALSE,4.5,FALSE,FALSE
R02230,2026-04-16,????????,FALSE,B,Food & Beverage,None,92,23,98,326.34,1.6%,"31,469.41","18,906.77","12,562.64",Mobile Banking,FALSE,4.6,FALSE,FALSE
R02610,2026-04-16,????????,FALSE,B,Food & Beverage,Member Day,126,24,138,361.61,6.9%,"46,459.49","27,372.95","19,086.54",QR Payment,FALSE,4.2,FALSE,FALSE
R02969,2026-04-16,????????,FALSE,B,Food & Beverage,Member Day,185,29,208,666.33,7.1%,"128,755.71","80,024.39","48,731.32",Mobile Banking,FALSE,4.3,FALSE,FALSE
R01140,2026-04-16,????????,FALSE,C,Beauty,Weekend Boost,157,27,110,"1,039.43",3.8%,"109,992.26","56,392.81","53,599.45",Mobile Banking,FALSE,3.9,FALSE,FALSE
R01767,2026-04-16,????????,FALSE,C,Sports,None,154,25,74,"1,096.85",5.3%,"76,864.85","43,478.42","33,386.43",E-Wallet,FALSE,4.8,FALSE,FALSE
R02043,2026-04-16,????????,FALSE,C,Beauty,None,163,27,111,905.26,2.4%,"98,072.49","48,997.18","49,075.31",E-Wallet,FALSE,3.9,FALSE,FALSE
R01793,2026-04-16,????????,FALSE,D,Fashion,None,130,21,107,684.09,1.7%,"71,953.52","39,459.54","32,493.98",Credit Card,FALSE,4.4,FALSE,FALSE
R02201,2026-04-16,????????,FALSE,D,Fashion,Payday Promo,161,23,133,889.81,7.9%,"108,995.04","69,127.32","39,867.72",Credit Card,FALSE,4.7,FALSE,FALSE
R02389,2026-04-16,????????,FALSE,E,Home & Living,None,135,25,95,731.10,1.3%,"68,552.00","43,284.87","25,267.13",Mobile Banking,FALSE,5,FALSE,FALSE
R00421,2026-04-17,?????,FALSE,A,Sports,None,168,26,105,"2,391.25",2.0%,"246,059.43","152,851.12","93,208.31",Mobile Banking,FALSE,4.6,TRUE,FALSE
R00523,2026-04-17,?????,FALSE,A,Home & Living,Weekend Boost,90,18,53,833.87,9.5%,"39,996.80","25,502.16","14,494.64",Mobile Banking,FALSE,4.8,FALSE,FALSE
R00649,2026-04-17,?????,FALSE,A,Food & Beverage,None,120,15,121,627.54,1.2%,"75,021.20","47,654.03","27,367.17",E-Wallet,FALSE,4.8,FALSE,FALSE
R01237,2026-04-17,?????,FALSE,A,Beauty,Weekend Boost,126,20,100,836.20,8.4%,"76,596.30","37,748.13","38,848.17",Mobile Banking,FALSE,3.6,FALSE,FALSE
R02212,2026-04-17,?????,FALSE,A,Sports,Weekend Boost,85,18,28,"1,083.90",8.8%,"27,678.56","15,767.71","11,910.85",E-Wallet,FALSE,4.5,FALSE,FALSE
R02791,2026-04-17,?????,FALSE,A,Electronics,None,143,22,69,"1,361.93",0.0%,"93,972.87","67,948.67","26,024.20",Mobile Banking,FALSE,4.4,FALSE,FALSE
R00947,2026-04-17,?????,FALSE,B,Beauty,None,172,25,127,844.45,2.4%,"104,671.08","55,024.41","49,646.67",QR Payment,FALSE,3.8,FALSE,FALSE
R00997,2026-04-17,?????,FALSE,B,Food & Beverage,None,141,27,164,405.10,2.6%,"64,709.10","41,363.11","23,345.99",QR Payment,FALSE,4.3,FALSE,FALSE
R00181,2026-04-17,?????,FALSE,C,Home & Living,None,71,13,41,761.73,2.9%,"30,325.11","19,012.58","11,312.53",E-Wallet,FALSE,4.2,FALSE,FALSE
R01779,2026-04-17,?????,FALSE,C,Home & Living,None,167,23,117,"1,142.34",5.7%,"126,035.47","76,473.60","49,561.87",QR Payment,FALSE,4.1,FALSE,FALSE
R00377,2026-04-17,?????,FALSE,D,Food & Beverage,Payday Promo,124,17,145,616.92,8.1%,"82,208.23","50,195.99","32,012.24",Cash,FALSE,4.7,FALSE,FALSE
R02851,2026-04-17,?????,FALSE,D,Food & Beverage,Payday Promo,136,24,164,483.32,9.8%,"71,496.69","45,003.05","26,493.64",Mobile Banking,FALSE,4.1,FALSE,FALSE
R00578,2026-04-17,?????,FALSE,E,Electronics,None,128,22,46,"1,366.38",0.0%,"62,853.48","44,415.73","18,437.75",Credit Card,FALSE,3.8,FALSE,FALSE
R02971,2026-04-17,?????,FALSE,E,Home & Living,Member Day,153,19,89,"1,285.63",6.7%,"106,754.88","71,090.04","35,664.84",Credit Card,FALSE,4.1,FALSE,FALSE
R01885,2026-04-18,?????,TRUE,A,Home & Living,Weekend Boost,169,30,91,998.95,6.8%,"84,723.37","55,600.97","29,122.40",QR Payment,FALSE,4.9,FALSE,FALSE
R01564,2026-04-18,?????,TRUE,B,Electronics,None,119,24,62,680.75,2.1%,"41,320.36","30,310.08","11,010.28",Credit Card,FALSE,4.3,FALSE,FALSE
R01685,2026-04-18,?????,TRUE,B,Electronics,None,175,24,74,"1,618.85",2.5%,"116,800.25","83,445.47","33,354.78",Credit Card,FALSE,2.8,FALSE,FALSE
R01965,2026-04-18,?????,TRUE,B,Food & Beverage,None,207,34,254,472.86,2.4%,"117,224.88","71,558.61","45,666.27",Credit Card,FALSE,3.8,FALSE,FALSE
R02273,2026-04-18,?????,TRUE,B,Food & Beverage,None,121,22,147,374.99,2.8%,"53,580.35","34,532.09","19,048.26",QR Payment,FALSE,4,FALSE,FALSE
R00383,2026-04-18,?????,TRUE,C,Food & Beverage,None,154,24,202,491.01,3.8%,"95,415.31","60,760.39","34,654.92",QR Payment,FALSE,4,FALSE,FALSE
R01265,2026-04-18,?????,TRUE,C,Food & Beverage,None,125,24,152,237.59,1.3%,"35,644.11","22,324.48","13,319.63",E-Wallet,FALSE,4.2,FALSE,FALSE
R02595,2026-04-18,?????,TRUE,C,Food & Beverage,None,129,22,162,360.77,4.8%,"55,639.33","32,240.98","23,398.35",Credit Card,FALSE,3.8,FALSE,FALSE
R02769,2026-04-18,?????,TRUE,C,Fashion,None,91,19,58,117.62,2.6%,"6,644.71","3,807.49","2,837.22",Cash,FALSE,4.6,FALSE,FALSE
R00198,2026-04-18,?????,TRUE,D,Food & Beverage,None,143,30,178,211.18,3.7%,"36,199.81","22,619.71","13,580.10",Cash,FALSE,3.8,FALSE,FALSE
R00509,2026-04-18,?????,TRUE,D,Electronics,None,124,25,38,"1,439.02",2.6%,"53,261.15","37,606.87","15,654.28",Credit Card,FALSE,4.4,FALSE,FALSE
R01702,2026-04-18,?????,TRUE,D,Fashion,None,139,24,115,534.03,4.3%,"58,772.31","33,723.46","25,048.85",Credit Card,FALSE,4.1,FALSE,FALSE
R01950,2026-04-18,?????,TRUE,D,Food & Beverage,Member Day,190,31,243,477.01,7.7%,"106,987.06","69,965.08","37,021.98",Mobile Banking,FALSE,3.5,FALSE,FALSE
R02719,2026-04-18,?????,TRUE,D,Electronics,None,153,21,58,"1,661.98",2.9%,"93,599.44","67,914.00","25,685.44",Cash,FALSE,4.2,FALSE,FALSE
R02797,2026-04-18,?????,TRUE,D,Food & Beverage,Clearance Sale,159,27,188,396.98,18.3%,"60,973.93","38,542.45","22,431.48",E-Wallet,FALSE,4.4,FALSE,FALSE
R00682,2026-04-18,?????,TRUE,E,Fashion,None,114,16,102,565.65,5.0%,"54,811.67","31,954.82","22,856.85",Mobile Banking,FALSE,4.2,FALSE,FALSE
R00823,2026-04-18,?????,TRUE,E,Fashion,Member Day,124,25,94,542.06,8.9%,"46,418.62","26,486.02","19,932.60",Credit Card,FALSE,4,FALSE,FALSE
R01975,2026-04-18,?????,TRUE,E,Electronics,None,231,30,85,"1,942.16",1.7%,"162,277.58","113,943.46","48,334.12",Mobile Banking,FALSE,4,FALSE,FALSE
R02521,2026-04-18,?????,TRUE,E,Fashion,Member Day,155,24,119,781.79,7.9%,"85,682.91","48,790.48","36,892.43",E-Wallet,FALSE,4.1,FALSE,FALSE
R02599,2026-04-18,?????,TRUE,E,Sports,None,178,25,122,990.20,2.9%,"117,300.57","68,686.17","48,614.40",Credit Card,FALSE,4.3,FALSE,FALSE
R01006,2026-04-19,???????,TRUE,A,Food & Beverage,Clearance Sale,118,20,123,730.79,23.2%,"69,033.35","40,888.01","28,145.34",Credit Card,FALSE,3.8,FALSE,FALSE
R01883,2026-04-19,???????,TRUE,A,Fashion,None,89,16,64,403.04,2.0%,"25,278.54","14,510.96","10,767.58",E-Wallet,FALSE,4.2,FALSE,FALSE
R01959,2026-04-19,???????,TRUE,A,Beauty,Payday Promo,96,22,98,172.99,10.6%,"15,156.39","7,965.46","7,190.93",Cash,FALSE,4.8,FALSE,FALSE
R02013,2026-04-19,???????,TRUE,A,Food & Beverage,Payday Promo,131,23,161,338.93,9.7%,"49,275.06","30,399.68","18,875.38",Credit Card,FALSE,4.2,FALSE,FALSE
R00445,2026-04-19,???????,TRUE,B,Fashion,None,167,28,139,729.52,3.4%,"97,955.32","55,172.68","42,782.64",Credit Card,FALSE,4.9,FALSE,FALSE
R00600,2026-04-19,???????,TRUE,B,Food & Beverage,Member Day,134,22,151,485.72,4.5%,"70,042.98","42,472.66","27,570.32",Credit Card,FALSE,4.2,FALSE,FALSE
R01601,2026-04-19,???????,TRUE,B,Home & Living,Weekend Boost,136,25,56,"1,306.63",6.8%,"68,195.66","45,331.70","22,863.96",Credit Card,FALSE,4.6,FALSE,FALSE
R01143,2026-04-19,???????,TRUE,C,Beauty,Payday Promo,157,27,131,793.73,10.4%,"93,165.43","50,065.47","43,099.96",QR Payment,FALSE,4.5,FALSE,FALSE
R01260,2026-04-19,???????,TRUE,C,Home & Living,None,151,25,96,763.14,3.4%,"70,770.57","47,709.78","23,060.79",Credit Card,FALSE,4.1,FALSE,FALSE
R01675,2026-04-19,???????,TRUE,C,Sports,None,119,19,70,966.62,2.9%,"65,701.34","38,374.21","27,327.13",QR Payment,FALSE,3.4,FALSE,FALSE
R02047,2026-04-19,???????,TRUE,C,Electronics,Member Day,133,28,63,"1,107.41",7.0%,"64,883.14","44,977.37","19,905.77",E-Wallet,FALSE,4,FALSE,FALSE
R00874,2026-04-19,???????,TRUE,D,Home & Living,None,196,28,106,"1,184.60",0.0%,"125,567.83","79,512.83","46,055.00",Credit Card,FALSE,4.3,FALSE,FALSE
R00990,2026-04-19,???????,TRUE,D,Fashion,None,119,26,127,179.80,2.7%,"22,218.32","12,369.57","9,848.75",Cash,FALSE,3.4,FALSE,FALSE
R01244,2026-04-19,???????,TRUE,D,Food & Beverage,Weekend Boost,146,23,190,544.50,10.8%,"92,281.06","57,225.62","35,055.44",Mobile Banking,FALSE,4.1,FALSE,FALSE
R00058,2026-04-19,???????,TRUE,E,Fashion,None,152,24,134,633.52,4.8%,"80,816.43","46,214.23","34,602.20",Mobile Banking,FALSE,4.3,FALSE,FALSE
R00220,2026-04-20,??????,FALSE,A,Beauty,Member Day,135,25,117,529.73,5.0%,"58,879.89","29,298.60","29,581.29",Cash,FALSE,4.8,FALSE,FALSE
R00888,2026-04-20,??????,FALSE,A,Electronics,None,101,18,50,919.76,2.9%,"44,654.34","30,723.69","13,930.65",E-Wallet,FALSE,4.3,FALSE,FALSE
R01064,2026-04-20,??????,FALSE,A,Sports,None,78,14,54,754.60,3.8%,"39,200.14","23,120.49","16,079.65",Credit Card,FALSE,4.1,FALSE,FALSE
R01839,2026-04-20,??????,FALSE,A,Electronics,None,116,19,39,"1,757.77",3.1%,"66,427.96","47,997.13","18,430.83",Cash,FALSE,5,FALSE,FALSE
R02422,2026-04-20,??????,FALSE,A,Beauty,Weekend Boost,112,22,73,817.75,5.1%,"56,650.96","29,105.65","27,545.31",QR Payment,FALSE,3.5,FALSE,FALSE
R00552,2026-04-20,??????,FALSE,B,Home & Living,Member Day,114,19,65,862.72,9.1%,"50,973.67","34,981.66","15,992.01",Credit Card,FALSE,4.3,FALSE,FALSE
R01873,2026-04-20,??????,FALSE,B,Home & Living,None,125,22,66,"1,111.72",3.6%,"70,731.76","47,551.50","23,180.26",Mobile Banking,FALSE,4.2,FALSE,FALSE
R02803,2026-04-20,??????,FALSE,B,Food & Beverage,Weekend Boost,130,18,144,803.16,10.2%,"103,858.37","62,011.28","41,847.09",Cash,FALSE,3.6,FALSE,FALSE
R00173,2026-04-20,??????,FALSE,C,Food & Beverage,None,155,23,188,577.05,2.7%,"105,556.93","63,155.72","42,401.21",Credit Card,FALSE,4.3,FALSE,FALSE
R00617,2026-04-20,??????,FALSE,C,Home & Living,Member Day,115,23,61,800.85,7.7%,"45,089.98","28,851.63","16,238.35",E-Wallet,FALSE,4.2,FALSE,FALSE
R01910,2026-04-20,??????,FALSE,C,Electronics,Weekend Boost,114,23,62,526.91,7.5%,"30,218.30","22,286.32","7,931.98",Credit Card,FALSE,4.1,FALSE,FALSE
R02224,2026-04-20,??????,FALSE,C,Home & Living,Weekend Boost,94,18,23,"2,384.49",5.3%,"51,936.57","33,837.20","18,099.37",Cash,FALSE,5,FALSE,FALSE
R00806,2026-04-20,??????,FALSE,D,Food & Beverage,Payday Promo,182,26,218,586.32,9.5%,"115,675.57","72,202.21","43,473.36",Mobile Banking,FALSE,4.6,FALSE,FALSE
R01363,2026-04-20,??????,FALSE,D,Food & Beverage,Clearance Sale,99,14,129,575.66,21.3%,"58,442.75","36,224.37","22,218.38",Mobile Banking,FALSE,4.5,FALSE,FALSE
R01224,2026-04-20,??????,FALSE,E,Food & Beverage,Weekend Boost,139,24,173,461.79,5.8%,"75,255.61","44,971.63","30,283.98",Cash,FALSE,4.7,FALSE,FALSE
R02240,2026-04-20,??????,FALSE,E,Beauty,None,142,19,106,986.18,1.4%,"103,071.65","52,654.57","50,417.08",Credit Card,FALSE,4.8,FALSE,FALSE
R02869,2026-04-20,??????,FALSE,E,Electronics,None,163,24,50,"2,953.22",4.9%,"140,425.39","99,264.73","41,160.66",Mobile Banking,FALSE,3.7,FALSE,FALSE
R02940,2026-04-20,??????,FALSE,E,Sports,Payday Promo,89,16,71,372.84,12.2%,"23,241.84","14,031.98","9,209.86",QR Payment,FALSE,3.7,FALSE,FALSE
R01379,2026-04-21,??????,FALSE,A,Fashion,None,93,16,69,831.25,0.0%,"57,356.13","34,157.58","23,198.55",Mobile Banking,FALSE,4,FALSE,FALSE
R00493,2026-04-21,??????,FALSE,B,Electronics,None,208,25,81,"1,996.60",4.7%,"154,123.17","112,385.34","41,737.83",Mobile Banking,FALSE,4.4,FALSE,FALSE
R00697,2026-04-21,??????,FALSE,B,Electronics,None,108,21,80,614.46,3.3%,"47,534.66","34,655.68","12,878.98",Credit Card,FALSE,4.6,FALSE,FALSE
R00702,2026-04-21,??????,FALSE,B,Sports,None,158,25,89,"1,081.40",3.7%,"92,683.37","55,022.02","37,661.35",QR Payment,FALSE,3.8,FALSE,FALSE
R00967,2026-04-21,??????,FALSE,B,Fashion,Weekend Boost,99,20,70,476.78,7.5%,"30,871.64","18,387.02","12,484.62",Credit Card,FALSE,5,FALSE,FALSE
R01228,2026-04-21,??????,FALSE,B,Fashion,Payday Promo,146,25,131,708.40,9.1%,"84,355.83","48,339.25","36,016.58",Credit Card,FALSE,4.6,FALSE,FALSE
R02505,2026-04-21,??????,FALSE,B,Food & Beverage,None,144,23,179,473.86,1.8%,"83,293.98","47,271.51","36,022.47",E-Wallet,FALSE,5,FALSE,FALSE
R00354,2026-04-21,??????,FALSE,C,Fashion,None,146,23,120,832.96,4.0%,"95,957.34","59,135.33","36,822.01",QR Payment,FALSE,3.6,FALSE,FALSE
R01516,2026-04-21,??????,FALSE,C,Home & Living,Member Day,128,15,78,"1,600.28",7.1%,"115,959.29","75,660.00","40,299.29",Mobile Banking,FALSE,4.1,FALSE,FALSE
R02351,2026-04-21,??????,FALSE,C,Sports,Payday Promo,150,29,79,968.77,8.3%,"70,180.25","40,160.73","30,019.52",E-Wallet,FALSE,4.5,FALSE,FALSE
R02355,2026-04-21,??????,FALSE,C,Food & Beverage,None,152,25,188,567.54,2.0%,"104,563.22","64,109.00","40,454.22",QR Payment,FALSE,4.9,FALSE,FALSE
R02608,2026-04-21,??????,FALSE,C,Electronics,Clearance Sale,161,27,56,"2,480.94",17.9%,"114,063.90","81,257.22","32,806.68",Mobile Banking,FALSE,4.4,FALSE,FALSE
R01015,2026-04-21,??????,FALSE,D,Food & Beverage,None,94,18,121,400.92,4.4%,"46,377.38","28,578.70","17,798.68",Credit Card,FALSE,4.9,FALSE,FALSE
R01483,2026-04-21,??????,FALSE,D,Fashion,None,145,25,130,735.97,1.9%,"93,857.73","50,614.59","43,243.14",Credit Card,FALSE,4.7,FALSE,FALSE
R01786,2026-04-21,??????,FALSE,D,Food & Beverage,None,165,20,191,638.96,2.6%,"118,867.86","76,925.02","41,942.84",Credit Card,FALSE,4.3,FALSE,FALSE
R00049,2026-04-21,??????,FALSE,E,Electronics,Clearance Sale,99,18,20,"2,719.29",18.4%,"44,378.77","30,903.50","13,475.27",E-Wallet,FALSE,4.5,FALSE,FALSE
R00456,2026-04-21,??????,FALSE,E,Home & Living,Weekend Boost,139,21,69,"1,774.73",8.4%,"112,170.14","75,298.17","36,871.97",QR Payment,FALSE,4.1,FALSE,FALSE
R01348,2026-04-21,??????,FALSE,E,Home & Living,None,123,20,79,698.41,2.1%,"54,015.49","35,544.66","18,470.83",Credit Card,FALSE,4.5,FALSE,FALSE
R00002,2026-04-22,???,FALSE,A,Beauty,None,163,20,110,"1,088.26",2.7%,"116,476.74","58,365.28","58,111.46",Credit Card,FALSE,3.7,FALSE,FALSE
R00250,2026-04-22,???,FALSE,A,Electronics,Clearance Sale,148,23,58,"1,797.90",18.6%,"84,882.28","59,268.30","25,613.98",Mobile Banking,FALSE,4.6,FALSE,FALSE
R00881,2026-04-22,???,FALSE,A,Food & Beverage,None,154,24,194,444.72,4.7%,"82,220.10","52,527.42","29,692.68",Cash,FALSE,3.6,FALSE,FALSE
R00974,2026-04-22,???,FALSE,A,Electronics,Payday Promo,159,23,54,"2,422.01",11.9%,"115,224.65","82,808.61","32,416.04",Credit Card,FALSE,4,FALSE,FALSE
R01424,2026-04-22,???,FALSE,A,Fashion,None,126,18,102,723.32,1.8%,"72,450.17","40,769.25","31,680.92",Credit Card,FALSE,4.8,FALSE,FALSE
R02377,2026-04-22,???,FALSE,A,Food & Beverage,None,107,18,144,371.75,1.8%,"52,568.89","32,845.72","19,723.17",Mobile Banking,FALSE,3.7,FALSE,FALSE
R02680,2026-04-22,???,FALSE,A,Electronics,Payday Promo,82,18,22,"2,175.47",12.1%,"42,069.24","30,045.10","12,024.14",Credit Card,FALSE,5,FALSE,FALSE
R00126,2026-04-22,???,FALSE,C,Food & Beverage,None,208,30,239,544.55,1.6%,"128,065.20","74,560.10","53,505.10",E-Wallet,FALSE,4.1,FALSE,FALSE
R00878,2026-04-22,???,FALSE,C,Beauty,None,97,18,63,633.36,0.6%,"39,662.33","18,966.78","20,695.55",Mobile Banking,FALSE,3.4,FALSE,FALSE
R01826,2026-04-22,???,FALSE,C,Electronics,Weekend Boost,90,16,24,"2,500.99",5.0%,"57,022.56","39,630.00","17,392.56",E-Wallet,FALSE,4.1,FALSE,FALSE
R02550,2026-04-22,???,FALSE,C,Food & Beverage,None,178,26,201,503.97,3.4%,"97,853.98","60,474.12","37,379.86",Cash,FALSE,4.4,FALSE,FALSE
R00661,2026-04-22,???,FALSE,D,Fashion,Payday Promo,144,21,116,801.63,9.7%,"83,968.93","48,967.24","35,001.69",E-Wallet,FALSE,3.9,FALSE,FALSE
R01981,2026-04-22,???,FALSE,D,Home & Living,Clearance Sale,64,13,44,"1,005.06",17.0%,"36,704.66","23,502.34","13,202.32",Credit Card,FALSE,5,FALSE,FALSE
R01426,2026-04-22,???,FALSE,E,Electronics,Payday Promo,117,22,42,"1,342.74",10.9%,"50,248.13","37,133.59","13,114.54",Credit Card,FALSE,5,FALSE,FALSE
R02090,2026-04-22,???,FALSE,E,Food & Beverage,Weekend Boost,175,27,218,540.58,8.2%,"108,183.69","63,731.17","44,452.52",QR Payment,FALSE,4.6,FALSE,FALSE
R02266,2026-04-22,???,FALSE,E,Beauty,None,194,28,153,926.51,2.8%,"137,786.45","70,422.48","67,363.97",E-Wallet,FALSE,4.5,FALSE,FALSE
R00620,2026-04-23,????????,FALSE,A,Food & Beverage,None,161,27,203,438.90,1.6%,"87,671.02","54,516.80","33,154.22",Credit Card,FALSE,4,FALSE,FALSE
R00689,2026-04-23,????????,FALSE,A,Fashion,Weekend Boost,120,19,113,721.78,9.0%,"74,221.04","40,997.00","33,224.04",Credit Card,FALSE,4.2,FALSE,FALSE
R01177,2026-04-23,????????,FALSE,A,Food & Beverage,Weekend Boost,75,15,90,463.52,7.8%,"38,463.02","23,855.00","14,608.02",Mobile Banking,FALSE,3.9,FALSE,FALSE
R01200,2026-04-23,????????,FALSE,A,Fashion,Payday Promo,109,15,79,"1,285.42",10.2%,"91,190.34","49,636.69","41,553.65",Credit Card,FALSE,4.8,FALSE,FALSE
R01502,2026-04-23,????????,FALSE,A,Electronics,Payday Promo,151,25,70,"1,917.19",9.2%,"121,856.36","83,388.87","38,467.49",QR Payment,FALSE,4.3,FALSE,FALSE
R02307,2026-04-23,????????,FALSE,A,Fashion,None,122,18,105,856.06,1.8%,"88,268.57","52,295.95","35,972.62",Credit Card,FALSE,4.4,FALSE,FALSE
R02944,2026-04-23,????????,FALSE,A,Home & Living,None,155,19,84,"1,377.54",0.8%,"114,787.63","73,148.48","41,639.15",Cash,FALSE,3.8,FALSE,FALSE
R00748,2026-04-23,????????,FALSE,B,Beauty,None,107,16,73,"1,012.38",4.5%,"70,578.20","34,700.04","35,878.16",Mobile Banking,FALSE,4.2,FALSE,FALSE
R00779,2026-04-23,????????,FALSE,B,Food & Beverage,None,116,21,135,589.41,4.0%,"76,386.98","45,757.54","30,629.44",Cash,FALSE,3.2,FALSE,FALSE
R01528,2026-04-23,????????,FALSE,B,Food & Beverage,None,157,24,177,621.23,6.0%,"103,360.18","65,777.79","37,582.39",E-Wallet,FALSE,4.7,FALSE,FALSE
R01902,2026-04-23,????????,FALSE,B,Fashion,Member Day,133,20,98,955.92,7.2%,"86,934.98","50,800.53","36,134.45",Mobile Banking,FALSE,5,FALSE,FALSE
R02786,2026-04-23,????????,FALSE,B,Fashion,Member Day,43,8,38,"1,135.31",7.2%,"40,035.59","22,491.64","17,543.95",Credit Card,FALSE,4.9,FALSE,FALSE
R01503,2026-04-23,????????,FALSE,C,Food & Beverage,None,154,22,193,532.97,5.4%,"97,308.30","61,034.25","36,274.05",Cash,FALSE,4.5,FALSE,FALSE
R02695,2026-04-23,????????,FALSE,C,Food & Beverage,None,172,23,182,704.65,6.1%,"120,423.83","73,953.13","46,470.70",Mobile Banking,FALSE,3.6,FALSE,FALSE
R02814,2026-04-23,????????,FALSE,C,Home & Living,Payday Promo,126,19,81,"1,241.41",6.8%,"93,716.19","58,894.01","34,822.18",Cash,FALSE,4.3,FALSE,FALSE
R00832,2026-04-23,????????,FALSE,D,Home & Living,None,99,23,41,"1,241.25",4.1%,"48,804.73","30,989.89","17,814.84",E-Wallet,FALSE,3.9,FALSE,FALSE
R02211,2026-04-23,????????,FALSE,D,Electronics,Member Day,140,22,55,"1,653.82",9.2%,"82,591.84","56,671.68","25,920.16",Cash,FALSE,4.9,FALSE,FALSE
R02717,2026-04-23,????????,FALSE,D,Food & Beverage,None,147,26,169,472.41,5.1%,"75,765.17","46,562.73","29,202.44",Mobile Banking,FALSE,4.5,FALSE,FALSE
R02894,2026-04-23,????????,FALSE,D,Food & Beverage,None,139,23,184,441.92,3.7%,"78,304.50","47,545.46","30,759.04",Credit Card,FALSE,4.5,FALSE,FALSE
R00052,2026-04-23,????????,FALSE,E,Fashion,None,113,20,81,943.77,5.6%,"72,164.21","39,698.84","32,465.37",Mobile Banking,FALSE,3.6,FALSE,FALSE
R01634,2026-04-23,????????,FALSE,E,Fashion,None,117,14,86,"1,011.90",3.6%,"83,890.38","46,641.30","37,249.08",QR Payment,FALSE,3.6,FALSE,FALSE
R01225,2026-04-24,?????,FALSE,A,Electronics,None,150,19,79,"1,393.73",4.7%,"104,929.82","75,387.00","29,542.82",Cash,FALSE,3.8,FALSE,FALSE
R02259,2026-04-24,?????,FALSE,B,Electronics,None,88,20,20,765.87,1.4%,"15,103.00","10,922.99","4,180.01",Cash,FALSE,4.2,FALSE,FALSE
R01360,2026-04-24,?????,FALSE,C,Fashion,Member Day,116,20,90,717.27,11.3%,"57,259.73","35,811.22","21,448.51",QR Payment,FALSE,3.8,FALSE,FALSE
R01447,2026-04-24,?????,FALSE,C,Food & Beverage,Weekend Boost,131,21,162,376.72,5.5%,"57,671.42","36,176.26","21,495.16",Cash,TRUE,4.1,FALSE,FALSE
R01505,2026-04-24,?????,FALSE,C,Food & Beverage,None,175,24,203,604.21,3.4%,"118,485.13","75,251.30","43,233.83",Cash,FALSE,3.7,FALSE,FALSE
R02810,2026-04-24,?????,FALSE,C,Beauty,Weekend Boost,131,27,97,683.90,6.3%,"62,158.98","32,521.93","29,637.05",Cash,FALSE,4.8,FALSE,FALSE
R00187,2026-04-24,?????,FALSE,D,Fashion,None,85,15,59,701.69,4.0%,"39,743.87","22,393.35","17,350.52",QR Payment,TRUE,4.2,FALSE,FALSE
R00986,2026-04-24,?????,FALSE,D,Beauty,None,97,19,79,410.28,4.1%,"31,083.31","14,420.28","16,663.03",Credit Card,FALSE,4.1,FALSE,FALSE
R02133,2026-04-24,?????,FALSE,D,Electronics,Weekend Boost,173,22,58,"2,215.71",8.6%,"117,459.11","83,737.04","33,722.07",Credit Card,FALSE,4.7,FALSE,FALSE
R00015,2026-04-24,?????,FALSE,E,Fashion,Member Day,106,19,91,578.72,8.2%,"48,345.13","26,857.76","21,487.37",Cash,FALSE,4.5,FALSE,FALSE
R00922,2026-04-24,?????,FALSE,E,Food & Beverage,Payday Promo,163,26,192,584.67,9.6%,"101,479.47","63,977.37","37,502.10",Credit Card,FALSE,4.4,FALSE,FALSE
R01565,2026-04-24,?????,FALSE,E,Food & Beverage,None,142,22,151,585.98,2.8%,"86,005.09","53,358.68","32,646.41",Cash,FALSE,4.7,FALSE,FALSE
R02843,2026-04-24,?????,FALSE,E,Beauty,None,129,28,109,314.94,3.5%,"33,126.63","16,489.93","16,636.70",Cash,FALSE,4.1,FALSE,FALSE
R01400,2026-04-25,?????,TRUE,A,Food & Beverage,None,79,12,96,520.00,4.6%,"47,623.68","30,794.46","16,829.22",Mobile Banking,FALSE,3.4,FALSE,FALSE
R01438,2026-04-25,?????,TRUE,A,Food & Beverage,None,137,24,137,546.83,3.1%,"72,593.23","43,806.67","28,786.56",QR Payment,FALSE,3.4,FALSE,FALSE
R01845,2026-04-25,?????,TRUE,A,Food & Beverage,Member Day,140,24,173,456.52,10.1%,"71,001.21","40,724.34","30,276.87",Cash,FALSE,4.4,FALSE,FALSE
R01905,2026-04-25,?????,TRUE,A,Beauty,None,149,31,130,313.50,4.9%,"38,758.54","18,707.28","20,051.26",Mobile Banking,FALSE,3.7,FALSE,FALSE
R01994,2026-04-25,?????,TRUE,A,Fashion,Payday Promo,91,16,64,884.03,7.3%,"52,447.70","29,291.89","23,155.81",Credit Card,FALSE,4.5,FALSE,FALSE
R02232,2026-04-25,?????,TRUE,A,Fashion,None,169,24,150,594.12,1.1%,"88,138.17","49,313.25","38,824.92",Cash,FALSE,4.3,FALSE,FALSE
R02407,2026-04-25,?????,TRUE,B,Electronics,None,134,23,53,"1,673.88",4.3%,"84,900.72","62,146.43","22,754.29",Credit Card,FALSE,3.8,FALSE,FALSE
R00194,2026-04-25,?????,TRUE,C,Home & Living,None,149,18,98,"1,072.98",2.5%,"102,523.41","65,475.07","37,048.34",QR Payment,FALSE,3.5,FALSE,FALSE
R00517,2026-04-25,?????,TRUE,C,Food & Beverage,None,158,26,189,365.15,2.6%,"67,218.88","43,076.28","24,142.60",Mobile Banking,FALSE,4.3,FALSE,FALSE
R00626,2026-04-25,?????,TRUE,C,Electronics,None,76,19,11,"1,746.59",0.0%,"19,212.48","13,404.73","5,807.75",Credit Card,FALSE,3.8,FALSE,FALSE
R00675,2026-04-25,?????,TRUE,D,Electronics,None,143,23,58,"1,101.68",1.8%,"62,747.07","46,347.26","16,399.81",Mobile Banking,FALSE,4.4,FALSE,FALSE
R00838,2026-04-25,?????,TRUE,D,Fashion,Member Day,201,31,175,770.15,4.9%,"128,172.14","76,609.29","51,562.85",E-Wallet,FALSE,4.3,FALSE,FALSE
R01057,2026-04-25,?????,TRUE,D,Food & Beverage,None,104,16,138,463.79,1.1%,"63,298.53","41,063.77","22,234.76",Credit Card,FALSE,4.9,FALSE,FALSE
R01668,2026-04-25,?????,TRUE,D,Electronics,Weekend Boost,124,20,66,"1,216.76",6.2%,"75,326.98","54,693.04","20,633.94",Cash,FALSE,5,FALSE,FALSE
R01875,2026-04-25,?????,TRUE,D,Fashion,None,159,20,150,737.97,1.6%,"108,924.96","64,906.89","44,018.07",Mobile Banking,FALSE,4.2,FALSE,FALSE
R02718,2026-04-25,?????,TRUE,E,Electronics,None,135,19,43,"1,993.31",1.0%,"84,855.32","61,140.36","23,714.96",QR Payment,FALSE,4.1,FALSE,FALSE
R01067,2026-04-26,???????,TRUE,A,Electronics,Weekend Boost,172,28,66,"1,801.88",7.8%,"109,647.83","76,409.77","33,238.06",Credit Card,FALSE,4.4,FALSE,FALSE
R02320,2026-04-26,???????,TRUE,A,Fashion,None,163,23,117,871.73,3.5%,"98,423.07","56,873.90","41,549.17",E-Wallet,FALSE,4,FALSE,FALSE
R00904,2026-04-26,???????,TRUE,B,Beauty,Member Day,135,23,93,901.90,11.0%,"74,650.08","37,563.12","37,086.96",E-Wallet,FALSE,3.9,FALSE,FALSE
R01117,2026-04-26,???????,TRUE,B,Fashion,None,162,23,121,882.72,5.5%,"100,934.09","56,147.08","44,787.01",Mobile Banking,FALSE,4.3,FALSE,FALSE
R01404,2026-04-26,???????,TRUE,B,Fashion,None,122,20,114,567.64,3.3%,"62,575.43","36,896.15","25,679.28",Mobile Banking,FALSE,3.8,FALSE,FALSE
R01951,2026-04-26,???????,TRUE,B,Beauty,None,175,30,106,911.47,2.7%,"94,007.52","46,567.47","47,440.05",Mobile Banking,FALSE,4.1,FALSE,FALSE
R02014,2026-04-26,???????,TRUE,B,Sports,None,162,31,76,868.53,0.8%,"65,480.01","35,823.64","29,656.37",Credit Card,FALSE,4.2,FALSE,FALSE
R02465,2026-04-26,???????,TRUE,B,Food & Beverage,Clearance Sale,113,22,110,314.47,16.9%,"28,745.28","17,524.49","11,220.79",E-Wallet,FALSE,3.8,FALSE,FALSE
R02468,2026-04-26,???????,TRUE,B,Food & Beverage,None,189,25,225,596.79,3.6%,"129,443.86","80,862.41","48,581.45",Mobile Banking,FALSE,3.4,FALSE,FALSE
R00827,2026-04-26,???????,TRUE,C,Fashion,None,161,26,144,798.72,2.9%,"111,680.77","65,519.13","46,161.64",Mobile Banking,FALSE,3.4,FALSE,FALSE
R01569,2026-04-26,???????,TRUE,C,Electronics,None,165,28,66,"1,350.72",2.3%,"87,096.83","62,588.74","24,508.09",Credit Card,FALSE,5,FALSE,FALSE
R02994,2026-04-26,???????,TRUE,C,Food & Beverage,None,115,23,138,343.60,2.0%,"46,468.64","30,102.83","16,365.81",E-Wallet,FALSE,4.2,FALSE,FALSE
R01085,2026-04-26,???????,TRUE,D,Food & Beverage,None,91,22,119,74.86,3.3%,"8,614.78","5,492.61","3,122.17",QR Payment,FALSE,4.6,FALSE,FALSE
R00766,2026-04-26,???????,TRUE,E,Food & Beverage,None,179,34,196,315.46,3.0%,"59,975.59","36,974.30","23,001.29",Cash,FALSE,4.2,FALSE,FALSE
R01334,2026-04-26,???????,TRUE,E,Beauty,None,98,20,79,429.19,2.2%,"33,160.41","16,604.16","16,556.25",QR Payment,FALSE,4.4,FALSE,FALSE
R01889,2026-04-26,???????,TRUE,E,Fashion,Member Day,180,28,141,826.73,8.8%,"106,311.21","61,207.17","45,104.04",E-Wallet,FALSE,4.2,FALSE,FALSE
R02117,2026-04-26,???????,TRUE,E,Sports,None,167,26,96,985.84,1.1%,"93,599.65","52,211.72","41,387.93",Mobile Banking,FALSE,4.3,FALSE,FALSE
R02185,2026-04-26,???????,TRUE,E,Food & Beverage,None,127,21,151,396.07,2.9%,"58,072.41","35,963.32","22,109.09",Credit Card,FALSE,4.3,FALSE,FALSE
R02866,2026-04-26,???????,TRUE,E,Home & Living,None,127,23,51,"1,402.43",2.2%,"69,950.43","44,017.42","25,933.01",QR Payment,FALSE,4.7,FALSE,FALSE
R01624,2026-04-27,??????,FALSE,A,Home & Living,None,139,18,67,"1,361.97",0.6%,"90,704.67","59,581.34","31,123.33",E-Wallet,FALSE,4,FALSE,FALSE
R01754,2026-04-27,??????,FALSE,A,Sports,None,136,25,72,"1,125.13",0.2%,"80,847.01","46,319.63","34,527.38",Credit Card,FALSE,4.2,FALSE,FALSE
R02021,2026-04-27,??????,FALSE,A,Home & Living,None,108,18,56,"1,222.03",0.6%,"68,022.95","45,325.47","22,697.48",QR Payment,FALSE,3.9,FALSE,FALSE
R02161,2026-04-27,??????,FALSE,A,Sports,None,121,21,77,949.57,3.7%,"70,411.84","40,429.72","29,982.12",Cash,FALSE,4.1,FALSE,FALSE
R02164,2026-04-27,??????,FALSE,A,Food & Beverage,Member Day,106,21,116,283.54,6.8%,"30,654.29","18,710.38","11,943.91",QR Payment,FALSE,3.7,FALSE,FALSE
R02326,2026-04-27,??????,FALSE,A,Sports,None,69,16,51,444.55,2.9%,"22,014.45","11,854.45","10,160.00",Credit Card,FALSE,3.7,TRUE,FALSE
R02041,2026-04-27,??????,FALSE,B,Home & Living,Weekend Boost,202,34,115,"1,220.27",6.5%,"131,209.26","83,923.33","47,285.93",E-Wallet,FALSE,3.9,FALSE,FALSE
R02099,2026-04-27,??????,FALSE,B,Fashion,None,91,12,88,549.18,3.2%,"46,781.44","28,199.19","18,582.25",Cash,FALSE,4,FALSE,FALSE
R02324,2026-04-27,??????,FALSE,B,Food & Beverage,Payday Promo,169,26,195,635.84,7.0%,"115,308.93","66,987.21","48,321.72",E-Wallet,FALSE,4.8,FALSE,FALSE
R01501,2026-04-27,??????,FALSE,C,Sports,None,80,19,40,77.96,3.8%,"3,000.00","1,673.85","1,326.15",Credit Card,FALSE,4.4,FALSE,FALSE
R01757,2026-04-27,??????,FALSE,C,Fashion,Member Day,157,23,106,"1,108.23",6.2%,"110,189.24","66,385.73","43,803.51",QR Payment,FALSE,4.2,FALSE,FALSE
R00020,2026-04-27,??????,FALSE,D,Sports,Member Day,181,24,101,"1,509.22",10.0%,"137,188.42","75,555.42","61,633.00",E-Wallet,FALSE,4,FALSE,FALSE
R00535,2026-04-27,??????,FALSE,D,Beauty,None,181,23,132,937.08,0.9%,"122,581.83","61,048.02","61,533.81",E-Wallet,FALSE,4.4,FALSE,FALSE
R00759,2026-04-27,??????,FALSE,D,Fashion,None,137,13,107,993.74,3.1%,"103,033.71","59,250.07","43,783.64",Credit Card,FALSE,4.4,FALSE,FALSE
R00938,2026-04-27,??????,FALSE,D,Fashion,None,112,18,98,633.71,3.8%,"59,743.95","34,181.24","25,562.71",Mobile Banking,FALSE,4.8,FALSE,FALSE
R01460,2026-04-27,??????,FALSE,D,Sports,None,119,19,88,700.10,3.2%,"59,636.94","34,307.91","25,329.03",Mobile Banking,FALSE,4.3,FALSE,FALSE
R00057,2026-04-27,??????,FALSE,E,Fashion,None,122,22,130,464.45,1.4%,"59,533.62","34,797.87","24,735.75",E-Wallet,FALSE,4.2,FALSE,FALSE
R02651,2026-04-27,??????,FALSE,E,Electronics,Weekend Boost,83,21,15,520.36,7.8%,"7,196.52","5,084.87","2,111.65",Credit Card,FALSE,4.3,FALSE,FALSE
R02777,2026-04-27,??????,FALSE,E,Food & Beverage,None,105,21,110,215.91,2.1%,"23,250.87","14,372.96","8,877.91",Credit Card,FALSE,4.5,FALSE,FALSE
R02912,2026-04-27,??????,FALSE,E,Home & Living,None,127,20,76,829.99,0.4%,"62,826.68","41,370.63","21,456.05",Credit Card,FALSE,4.6,FALSE,FALSE
R00357,2026-04-28,??????,FALSE,A,Sports,Weekend Boost,179,28,104,"1,239.91",8.3%,"118,247.66","69,891.66","48,356.00",Mobile Banking,FALSE,3.8,FALSE,FALSE
R00522,2026-04-28,??????,FALSE,A,Beauty,Member Day,93,16,84,534.35,7.5%,"41,518.79","20,063.70","21,455.09",Credit Card,FALSE,5,FALSE,FALSE
R02220,2026-04-28,??????,FALSE,A,Home & Living,None,124,26,69,574.84,3.3%,"38,355.19","23,927.13","14,428.06",Credit Card,FALSE,4.5,FALSE,FALSE
R02408,2026-04-28,??????,FALSE,A,Fashion,Member Day,126,23,118,547.27,6.0%,"60,703.74","34,606.22","26,097.52",Cash,FALSE,4.5,FALSE,FALSE
R02984,2026-04-28,??????,FALSE,A,Home & Living,Member Day,168,30,97,"1,158.06",10.6%,"100,424.30","66,406.00","34,018.30",Credit Card,FALSE,4.8,FALSE,FALSE
R01198,2026-04-28,??????,FALSE,B,Fashion,None,176,32,170,574.73,2.6%,"95,163.24","53,850.66","41,312.58",QR Payment,FALSE,4.2,FALSE,FALSE
R02354,2026-04-28,??????,FALSE,B,Food & Beverage,None,135,26,165,299.49,4.3%,"47,291.40","28,944.31","18,347.09",E-Wallet,FALSE,4.3,FALSE,FALSE
R01101,2026-04-28,??????,FALSE,C,Fashion,None,150,30,112,621.25,1.9%,"68,257.73","40,160.89","28,096.84",Mobile Banking,FALSE,4.8,FALSE,FALSE
R00799,2026-04-28,??????,FALSE,D,Food & Beverage,None,99,15,144,351.76,1.2%,"50,045.78","30,494.76","19,551.02",Credit Card,FALSE,4.4,FALSE,FALSE
R01003,2026-04-28,??????,FALSE,D,Beauty,None,57,18,46,67.37,3.2%,"3,000.00","1,520.37","1,479.63",E-Wallet,FALSE,3.8,FALSE,FALSE
R01179,2026-04-28,??????,FALSE,D,Home & Living,None,144,19,100,"1,110.75",1.0%,"109,964.57","74,955.57","35,009.00",QR Payment,FALSE,3.3,FALSE,FALSE
R01306,2026-04-28,??????,FALSE,D,Fashion,None,120,21,121,521.17,2.6%,"61,422.33","35,956.17","25,466.16",Mobile Banking,FALSE,4.7,FALSE,FALSE
R01492,2026-04-28,??????,FALSE,D,Food & Beverage,None,164,23,177,646.89,3.8%,"110,148.38","68,351.32","41,797.06",E-Wallet,FALSE,4.7,FALSE,FALSE
R02209,2026-04-28,??????,FALSE,D,Sports,Payday Promo,104,21,48,"1,270.53",10.0%,"54,887.10","32,804.62","22,082.48",Cash,FALSE,4,FALSE,FALSE
R02943,2026-04-28,??????,FALSE,D,Food & Beverage,None,131,24,176,292.18,3.2%,"49,778.05","30,034.43","19,743.62",Mobile Banking,FALSE,3.6,FALSE,FALSE
R00038,2026-04-28,??????,FALSE,E,Electronics,Payday Promo,140,21,45,"1,876.44",7.7%,"77,938.13","54,841.86","23,096.27",E-Wallet,TRUE,3.8,FALSE,FALSE
R00521,2026-04-28,??????,FALSE,E,Fashion,None,120,20,97,515.03,2.9%,"48,509.55","26,827.09","21,682.46",Mobile Banking,FALSE,4.6,FALSE,FALSE
R00684,2026-04-28,??????,FALSE,E,Food & Beverage,Member Day,96,19,128,121.98,10.2%,"14,020.32","8,777.89","5,242.43",E-Wallet,FALSE,4,FALSE,FALSE
R00723,2026-04-28,??????,FALSE,E,Sports,Weekend Boost,229,28,117,"1,583.81",5.5%,"175,113.57","95,402.16","79,711.41",E-Wallet,FALSE,4.2,FALSE,FALSE
R00771,2026-04-28,??????,FALSE,E,Home & Living,Weekend Boost,161,28,79,"1,474.70",7.4%,"107,880.41","72,333.78","35,546.63",QR Payment,FALSE,4.6,FALSE,FALSE
R01328,2026-04-28,??????,FALSE,E,Beauty,None,121,20,91,633.51,3.1%,"55,862.20","25,971.10","29,891.10",Mobile Banking,FALSE,3.5,FALSE,FALSE
R01681,2026-04-28,??????,FALSE,E,Beauty,None,125,20,102,856.13,3.0%,"84,705.76","40,774.26","43,931.50",Credit Card,FALSE,3.8,FALSE,FALSE
R00480,2026-04-29,???,FALSE,A,Food & Beverage,None,29,8,34,92.39,4.5%,"3,000.00","1,970.18","1,029.82",Credit Card,FALSE,4.3,FALSE,FALSE
R00829,2026-04-29,???,FALSE,A,Sports,None,127,22,67,"1,100.49",4.5%,"70,414.71","41,169.58","29,245.13",QR Payment,FALSE,4.4,FALSE,FALSE
R01578,2026-04-29,???,FALSE,A,Food & Beverage,None,120,27,158,83.91,3.6%,"12,779.82","7,979.11","4,800.71",Mobile Banking,FALSE,3.7,FALSE,FALSE
R02124,2026-04-29,???,FALSE,A,Fashion,None,186,31,158,860.55,3.2%,"131,615.43","75,106.44","56,508.99",Credit Card,FALSE,4.2,FALSE,FALSE
R02281,2026-04-29,???,FALSE,A,Beauty,Clearance Sale,195,26,134,"1,268.71",16.7%,"141,616.18","70,993.38","70,622.80",Credit Card,FALSE,4.3,FALSE,FALSE
R02285,2026-04-29,???,FALSE,A,Sports,Payday Promo,125,18,74,"1,283.74",8.3%,"87,112.26","50,872.57","36,239.69",Cash,FALSE,5,FALSE,FALSE
R02804,2026-04-29,???,FALSE,A,Beauty,Weekend Boost,128,24,97,737.76,6.1%,"67,197.42","32,491.50","34,705.92",Credit Card,FALSE,5,FALSE,FALSE
R00345,2026-04-29,???,FALSE,B,Fashion,None,106,22,104,431.38,1.5%,"44,191.06","25,605.48","18,585.58",QR Payment,FALSE,4,FALSE,FALSE
R01897,2026-04-29,???,FALSE,B,Electronics,None,155,22,53,"2,294.34",4.5%,"116,127.90","84,648.02","31,479.88",Cash,FALSE,4,FALSE,FALSE
R01061,2026-04-29,???,FALSE,C,Beauty,None,100,14,73,749.56,3.6%,"52,748.15","27,180.37","25,567.78",E-Wallet,FALSE,4.4,FALSE,FALSE
R00193,2026-04-29,???,FALSE,D,Sports,Weekend Boost,176,31,105,984.06,7.2%,"95,886.89","55,279.72","40,607.17",QR Payment,FALSE,3.9,FALSE,FALSE
R00418,2026-04-29,???,FALSE,D,Home & Living,None,183,26,93,"1,457.32",2.6%,"132,006.75","90,421.93","41,584.82",Mobile Banking,FALSE,3.2,FALSE,FALSE
R01425,2026-04-29,???,FALSE,E,Fashion,Weekend Boost,141,27,140,501.05,6.7%,"65,446.75","37,002.28","28,444.47",Cash,FALSE,4.1,FALSE,FALSE
R01001,2026-04-30,????????,FALSE,A,Food & Beverage,Member Day,174,29,195,682.97,11.1%,"118,396.22","75,710.75","42,685.47",Cash,FALSE,4.1,FALSE,FALSE
R02564,2026-04-30,????????,FALSE,A,Fashion,Payday Promo,98,18,71,673.26,9.6%,"43,212.71","25,041.72","18,170.99",Credit Card,FALSE,4.5,FALSE,FALSE
R02616,2026-04-30,????????,FALSE,A,Fashion,Payday Promo,166,27,161,699.30,9.4%,"102,004.53","57,062.67","44,941.86",Credit Card,FALSE,3.6,FALSE,FALSE
R02829,2026-04-30,????????,FALSE,A,Electronics,Weekend Boost,133,26,60,"1,091.89",8.2%,"60,141.34","42,917.03","17,224.31",QR Payment,FALSE,5,FALSE,FALSE
R01032,2026-04-30,????????,FALSE,B,Fashion,None,104,24,83,164.40,3.1%,"13,222.28","7,715.68","5,506.60",QR Payment,FALSE,4.5,FALSE,FALSE
R01324,2026-04-30,????????,FALSE,B,Food & Beverage,None,95,14,112,559.27,2.9%,"60,821.25","37,818.49","23,002.76",Mobile Banking,FALSE,3.8,FALSE,FALSE
R01797,2026-04-30,????????,FALSE,B,Sports,Member Day,97,18,37,"1,752.72",8.1%,"59,597.82","33,247.94","26,349.88",E-Wallet,FALSE,4.8,FALSE,FALSE
R02110,2026-04-30,????????,FALSE,B,Home & Living,Weekend Boost,114,23,69,717.63,4.8%,"47,139.82","29,960.75","17,179.07",QR Payment,FALSE,4,FALSE,FALSE
R02423,2026-04-30,????????,FALSE,C,Fashion,Member Day,109,22,96,717.64,9.8%,"62,141.83","34,689.11","27,452.72",Mobile Banking,FALSE,5,FALSE,FALSE
R00440,2026-04-30,????????,FALSE,D,Home & Living,Member Day,145,19,101,"1,257.06",11.2%,"112,743.32","72,036.71","40,706.61",Credit Card,FALSE,5,FALSE,FALSE
R00776,2026-04-30,????????,FALSE,D,Fashion,Weekend Boost,147,16,135,"1,032.66",8.4%,"127,698.83","72,734.35","54,964.48",QR Payment,FALSE,4.3,FALSE,FALSE
R02008,2026-04-30,????????,FALSE,D,Fashion,Member Day,69,15,64,431.15,8.0%,"25,386.07","14,922.17","10,463.90",Mobile Banking,FALSE,4.3,FALSE,FALSE
R02010,2026-04-30,????????,FALSE,D,Electronics,None,106,22,49,463.68,3.9%,"21,834.26","15,892.90","5,941.36",Cash,FALSE,5,FALSE,FALSE
R02402,2026-04-30,????????,FALSE,D,Electronics,None,138,22,59,"1,276.82",2.9%,"73,147.65","56,613.28","16,534.37",Credit Card,FALSE,4.9,FALSE,FALSE
R00323,2026-04-30,????????,FALSE,E,Electronics,Member Day,122,18,33,"2,753.10",8.3%,"83,311.41","62,193.93","21,117.48",E-Wallet,FALSE,3.9,FALSE,FALSE
R01735,2026-04-30,????????,FALSE,E,Beauty,Weekend Boost,101,16,74,682.98,6.3%,"47,356.74","22,986.33","24,370.41",E-Wallet,FALSE,4.8,FALSE,FALSE
R02824,2026-04-30,????????,FALSE,E,Fashion,Payday Promo,150,25,131,695.10,11.7%,"80,404.85","47,642.73","32,762.12",Cash,FALSE,4.9,FALSE,FALSE
R00085,2026-05-01,?????,FALSE,A,Sports,Member Day,190,25,107,"1,424.69",9.5%,"137,959.82","81,477.51","56,482.31",E-Wallet,FALSE,3.9,FALSE,FALSE
R00755,2026-05-01,?????,FALSE,B,Food & Beverage,Weekend Boost,135,21,163,535.03,6.6%,"81,454.38","50,724.60","30,729.78",Credit Card,FALSE,4.5,FALSE,FALSE
R01607,2026-05-01,?????,FALSE,B,Electronics,None,150,20,66,"1,640.40",1.9%,"106,209.55","73,576.85","32,632.70",E-Wallet,FALSE,4.2,FALSE,FALSE
R01625,2026-05-01,?????,FALSE,B,Beauty,Member Day,83,13,61,655.32,6.5%,"37,376.07","19,275.87","18,100.20",Mobile Banking,FALSE,4.4,FALSE,FALSE
R01819,2026-05-01,?????,FALSE,B,Electronics,Member Day,109,22,57,518.53,7.6%,"27,309.97","18,937.16","8,372.81",Cash,FALSE,4.2,FALSE,FALSE
R00133,2026-05-01,?????,FALSE,C,Beauty,Weekend Boost,161,26,105,973.81,5.6%,"96,524.29","46,450.03","50,074.26",Mobile Banking,FALSE,4.6,FALSE,FALSE
R00294,2026-05-01,?????,FALSE,C,Fashion,None,133,22,104,738.58,4.6%,"73,278.57","41,621.27","31,657.30",Credit Card,FALSE,4.1,FALSE,FALSE
R00485,2026-05-01,?????,FALSE,C,Home & Living,Payday Promo,128,20,42,"2,294.76",12.0%,"84,814.32","55,000.95","29,813.37",Credit Card,FALSE,4.4,FALSE,FALSE
R01726,2026-05-01,?????,FALSE,C,Electronics,None,126,26,29,"1,779.40",3.8%,"49,641.63","37,577.56","12,064.07",Mobile Banking,FALSE,4.7,FALSE,FALSE
R00302,2026-05-01,?????,FALSE,D,Home & Living,Weekend Boost,181,25,86,"1,869.91",9.1%,"146,178.55","96,567.39","49,611.16",Cash,FALSE,4.2,FALSE,FALSE
R00717,2026-05-01,?????,FALSE,D,Fashion,None,118,21,101,588.30,3.2%,"57,516.48","32,795.96","24,720.52",E-Wallet,FALSE,4.4,FALSE,FALSE
R02906,2026-05-01,?????,FALSE,D,Sports,Payday Promo,173,25,103,"1,414.22",9.5%,"131,826.51","75,254.80","56,571.71",E-Wallet,FALSE,4.9,FALSE,FALSE
R01189,2026-05-01,?????,FALSE,E,Fashion,Weekend Boost,186,32,167,662.19,9.0%,"100,633.51","60,487.51","40,146.00",E-Wallet,FALSE,4.4,FALSE,FALSE
R01269,2026-05-01,?????,FALSE,E,Electronics,None,157,17,87,"1,530.77",1.4%,"131,312.22","95,394.04","35,918.18",Cash,FALSE,4.2,FALSE,FALSE
R02311,2026-05-01,?????,FALSE,E,Fashion,Member Day,79,20,57,357.51,7.6%,"18,829.57","10,999.65","7,829.92",Mobile Banking,FALSE,4.5,FALSE,FALSE
R02864,2026-05-01,?????,FALSE,E,Food & Beverage,Member Day,48,13,58,55.86,7.4%,"3,000.00","1,749.38","1,250.62",Credit Card,FALSE,4.3,FALSE,FALSE
R00050,2026-05-02,?????,TRUE,A,Food & Beverage,Payday Promo,136,26,165,377.59,10.7%,"55,635.72","35,619.26","20,016.46",Cash,FALSE,4.1,FALSE,FALSE
R01016,2026-05-02,?????,TRUE,A,Food & Beverage,Member Day,126,22,137,450.67,8.2%,"56,679.55","34,254.70","22,424.85",E-Wallet,FALSE,4,FALSE,FALSE
R01122,2026-05-02,?????,TRUE,A,Electronics,None,104,20,15,"1,796.86",1.0%,"26,683.32","18,929.82","7,753.50",QR Payment,FALSE,4,FALSE,FALSE
R01346,2026-05-02,?????,TRUE,A,Sports,None,144,29,73,681.10,1.4%,"49,024.07","29,518.50","19,505.57",Credit Card,FALSE,5,FALSE,FALSE
R02148,2026-05-02,?????,TRUE,A,Food & Beverage,None,144,27,183,342.83,4.1%,"60,166.14","38,411.09","21,755.05",Mobile Banking,FALSE,4.5,FALSE,FALSE
R01843,2026-05-02,?????,TRUE,B,Electronics,Member Day,153,26,61,"1,476.33",7.5%,"83,301.88","57,885.66","25,416.22",Mobile Banking,FALSE,5,FALSE,FALSE
R02260,2026-05-02,?????,TRUE,B,Fashion,None,136,18,113,887.50,3.9%,"96,376.28","59,644.25","36,732.03",E-Wallet,FALSE,3.7,FALSE,FALSE
R00021,2026-05-02,?????,TRUE,C,Fashion,Payday Promo,85,16,87,340.23,10.5%,"26,491.75","15,703.68","10,788.07",Credit Card,TRUE,3.9,FALSE,FALSE
R00331,2026-05-02,?????,TRUE,C,Fashion,Member Day,171,29,142,718.23,7.6%,"94,237.33","52,308.86","41,928.47",Credit Card,FALSE,4.4,FALSE,FALSE
R00498,2026-05-02,?????,TRUE,C,Fashion,None,135,21,121,577.49,1.6%,"68,758.73","41,869.47","26,889.26",E-Wallet,FALSE,4.2,FALSE,FALSE
R00679,2026-05-02,?????,TRUE,C,Home & Living,Payday Promo,144,27,70,"1,014.83",11.6%,"62,797.75","41,612.07","21,185.68",Credit Card,FALSE,4.3,FALSE,FALSE
R00695,2026-05-02,?????,TRUE,C,Home & Living,None,98,19,64,639.25,2.8%,"39,766.64","26,209.69","13,556.95",Mobile Banking,FALSE,5,FALSE,FALSE
R02625,2026-05-02,?????,TRUE,C,Food & Beverage,Weekend Boost,136,23,175,477.62,9.2%,"75,894.11","47,660.69","28,233.42",QR Payment,FALSE,4.4,FALSE,FALSE
R02959,2026-05-02,?????,TRUE,C,Electronics,None,133,21,61,"1,389.48",1.9%,"83,147.71","61,026.10","22,121.61",QR Payment,FALSE,4,FALSE,FALSE
R00004,2026-05-02,?????,TRUE,D,Fashion,None,115,22,85,468.31,5.2%,"37,736.10","20,278.41","17,457.69",Mobile Banking,FALSE,4.1,FALSE,FALSE
R00188,2026-05-02,?????,TRUE,D,Food & Beverage,Weekend Boost,147,25,170,477.73,7.5%,"75,122.40","50,284.99","24,837.41",QR Payment,FALSE,5,FALSE,FALSE
R00568,2026-05-02,?????,TRUE,D,Home & Living,None,119,22,98,359.69,5.1%,"33,452.11","20,761.11","12,691.00",Mobile Banking,FALSE,3.8,FALSE,FALSE
R00399,2026-05-02,?????,TRUE,E,Home & Living,None,203,37,115,896.70,5.8%,"97,139.93","61,929.31","35,210.62",Mobile Banking,FALSE,3.5,FALSE,FALSE
R00628,2026-05-02,?????,TRUE,E,Sports,None,188,27,114,"1,078.08",1.3%,"121,303.44","69,122.79","52,180.65",QR Payment,FALSE,4.4,FALSE,FALSE
R00957,2026-05-02,?????,TRUE,E,Food & Beverage,Member Day,143,26,158,347.24,6.8%,"51,132.72","29,139.93","21,992.79",QR Payment,FALSE,4.1,FALSE,FALSE
R01313,2026-05-02,?????,TRUE,E,Electronics,None,175,30,65,"1,714.76",5.3%,"105,552.20","78,004.80","27,547.40",Credit Card,FALSE,4.1,FALSE,FALSE
R02413,2026-05-02,?????,TRUE,E,Sports,None,204,29,135,"1,050.10",2.4%,"138,361.18","79,809.14","58,552.04",Cash,FALSE,5,FALSE,FALSE
R00782,2026-05-03,???????,TRUE,A,Fashion,None,131,25,102,475.10,2.9%,"47,054.84","27,153.79","19,901.05",Cash,FALSE,4.7,FALSE,FALSE
R01399,2026-05-03,???????,TRUE,A,Beauty,Member Day,182,28,121,"1,108.77",6.9%,"124,904.31","59,008.51","65,895.80",Cash,FALSE,3.9,FALSE,FALSE
R01932,2026-05-03,???????,TRUE,A,Home & Living,None,170,25,92,"1,399.19",3.1%,"124,735.01","79,458.92","45,276.09",Credit Card,FALSE,3.8,FALSE,FALSE
R00167,2026-05-03,???????,TRUE,B,Home & Living,None,70,12,32,"1,289.05",3.7%,"39,723.33","26,230.77","13,492.56",Mobile Banking,FALSE,4.6,FALSE,FALSE
R00240,2026-05-03,???????,TRUE,B,Beauty,Member Day,166,24,110,879.70,6.4%,"90,573.50","43,385.80","47,187.70",E-Wallet,FALSE,4.8,FALSE,FALSE
R00263,2026-05-03,???????,TRUE,B,Food & Beverage,Member Day,141,25,165,436.96,8.6%,"65,898.51","39,803.25","26,095.26",Mobile Banking,FALSE,4.1,FALSE,FALSE
R00306,2026-05-03,???????,TRUE,B,Electronics,None,181,33,86,"1,134.69",2.2%,"95,436.77","72,784.94","22,651.83",Credit Card,FALSE,3.9,FALSE,FALSE
R00894,2026-05-03,???????,TRUE,B,Home & Living,Member Day,152,29,63,"1,118.52",5.3%,"66,732.12","43,498.24","23,233.88",E-Wallet,FALSE,3.7,FALSE,FALSE
R01613,2026-05-03,???????,TRUE,B,Fashion,None,69,13,74,438.62,5.0%,"30,834.83","17,109.68","13,725.15",Credit Card,FALSE,3.8,FALSE,FALSE
R02059,2026-05-03,???????,TRUE,B,Beauty,Member Day,197,29,142,911.23,9.6%,"116,972.57","62,427.03","54,545.54",Credit Card,FALSE,4.9,FALSE,FALSE
R02708,2026-05-03,???????,TRUE,C,Food & Beverage,Clearance Sale,177,25,197,604.40,18.7%,"96,800.92","60,453.82","36,347.10",Credit Card,FALSE,4.2,FALSE,FALSE
R00686,2026-05-03,???????,TRUE,D,Food & Beverage,None,158,25,190,430.42,4.4%,"78,180.86","48,347.45","29,833.41",Credit Card,FALSE,4.6,FALSE,FALSE
R00765,2026-05-03,???????,TRUE,D,Food & Beverage,None,180,27,223,558.89,2.9%,"121,017.51","70,512.32","50,505.19",Credit Card,FALSE,3.8,FALSE,FALSE
R01364,2026-05-03,???????,TRUE,D,Beauty,None,164,33,117,547.00,1.2%,"63,231.01","31,096.35","32,134.66",E-Wallet,FALSE,3.5,FALSE,FALSE
R02412,2026-05-03,???????,TRUE,D,Home & Living,None,113,21,63,808.45,1.1%,"50,372.23","32,306.30","18,065.93",Credit Card,FALSE,4.5,FALSE,FALSE
R00022,2026-05-03,???????,TRUE,E,Fashion,Member Day,155,27,116,810.83,7.2%,"87,284.64","49,169.74","38,114.90",E-Wallet,FALSE,4.5,FALSE,FALSE
R00124,2026-05-03,???????,TRUE,E,Food & Beverage,None,167,26,197,581.35,6.1%,"107,539.31","65,738.14","41,801.17",Mobile Banking,FALSE,4.7,FALSE,FALSE
R00961,2026-05-03,???????,TRUE,E,Beauty,None,143,28,118,639.65,1.6%,"74,271.44","38,300.06","35,971.38",Credit Card,FALSE,4.8,FALSE,FALSE
R01545,2026-05-03,???????,TRUE,E,Sports,None,107,17,68,925.46,2.6%,"61,294.97","35,316.89","25,978.08",Credit Card,FALSE,4.2,FALSE,FALSE
R00965,2026-05-04,??????,FALSE,A,Food & Beverage,None,122,20,142,508.96,1.8%,"70,971.46","45,123.51","25,847.95",Mobile Banking,TRUE,3.2,FALSE,FALSE
R01168,2026-05-04,??????,FALSE,A,Beauty,None,173,27,130,768.73,2.9%,"97,037.12","46,001.56","51,035.56",Credit Card,FALSE,4.6,FALSE,FALSE
R01323,2026-05-04,??????,FALSE,A,Food & Beverage,Payday Promo,92,15,115,482.13,10.2%,"49,789.15","31,109.72","18,679.43",QR Payment,FALSE,4.8,FALSE,FALSE
R01385,2026-05-04,??????,FALSE,A,Electronics,None,146,21,51,"1,844.06",4.4%,"89,908.81","67,692.70","22,216.11",Mobile Banking,FALSE,3.4,FALSE,FALSE
R01481,2026-05-04,??????,FALSE,A,Fashion,None,144,17,144,785.52,3.7%,"108,930.13","62,470.11","46,460.02",Cash,FALSE,3.3,FALSE,FALSE
R02822,2026-05-04,??????,FALSE,A,Fashion,None,121,21,112,539.96,2.1%,"59,205.26","33,750.33","25,454.93",Mobile Banking,FALSE,4.1,FALSE,FALSE
R01930,2026-05-04,??????,FALSE,B,Fashion,Weekend Boost,93,17,74,958.85,7.6%,"65,562.19","39,896.24","25,665.95",QR Payment,FALSE,4.7,FALSE,FALSE
R00347,2026-05-04,??????,FALSE,C,Food & Beverage,None,159,26,176,445.34,3.2%,"75,871.16","45,111.22","30,759.94",QR Payment,FALSE,4.4,FALSE,FALSE
R00384,2026-05-04,??????,FALSE,C,Home & Living,None,161,28,95,"1,205.91",4.8%,"109,062.68","68,736.37","40,326.31",Cash,FALSE,4.4,FALSE,FALSE
R02089,2026-05-04,??????,FALSE,C,Sports,Weekend Boost,135,19,80,"1,233.85",7.5%,"91,305.22","51,518.72","39,786.50",Credit Card,FALSE,4.9,FALSE,FALSE
R02134,2026-05-04,??????,FALSE,C,Electronics,None,153,27,76,994.01,3.0%,"73,278.06","52,068.23","21,209.83",Credit Card,FALSE,4.1,FALSE,FALSE
R02903,2026-05-04,??????,FALSE,C,Fashion,None,130,23,118,453.60,3.4%,"51,704.86","27,739.40","23,965.46",Credit Card,FALSE,4.3,FALSE,FALSE
R00183,2026-05-04,??????,FALSE,D,Fashion,None,143,19,109,868.18,1.1%,"93,590.61","54,176.37","39,414.24",Cash,FALSE,4.5,FALSE,FALSE
R00592,2026-05-04,??????,FALSE,D,Fashion,Payday Promo,192,30,145,871.65,10.9%,"112,613.36","64,640.87","47,972.49",QR Payment,FALSE,4.8,FALSE,FALSE
R00621,2026-05-04,??????,FALSE,D,Fashion,None,157,21,117,"1,024.34",2.8%,"116,492.31","64,329.92","52,162.39",Credit Card,FALSE,3.9,FALSE,FALSE
R00774,2026-05-04,??????,FALSE,E,Home & Living,None,121,22,56,"1,270.65",4.3%,"68,096.63","44,343.83","23,752.80",E-Wallet,FALSE,4.3,FALSE,FALSE
R01277,2026-05-04,??????,FALSE,E,Food & Beverage,Payday Promo,139,20,178,509.71,6.6%,"84,739.80","52,065.22","32,674.58",Mobile Banking,FALSE,3.7,FALSE,FALSE
R01432,2026-05-04,??????,FALSE,E,Fashion,None,171,28,145,829.70,5.8%,"113,328.47","63,915.66","49,412.81",E-Wallet,FALSE,4,FALSE,FALSE
R01751,2026-05-04,??????,FALSE,E,Beauty,Payday Promo,126,24,93,773.90,10.9%,"64,127.36","32,147.32","31,980.04",Cash,FALSE,4.8,FALSE,FALSE
R02887,2026-05-04,??????,FALSE,E,Beauty,None,151,25,129,622.03,4.6%,"76,550.43","39,047.03","37,503.40",Cash,FALSE,4.2,FALSE,FALSE
R00489,2026-05-05,??????,FALSE,A,Food & Beverage,Weekend Boost,162,26,180,547.11,7.1%,"91,487.93","56,022.83","35,465.10",Credit Card,FALSE,4.4,FALSE,FALSE
R00910,2026-05-05,??????,FALSE,A,Food & Beverage,Weekend Boost,127,27,168,206.95,5.5%,"32,854.98","20,703.77","12,151.21",Mobile Banking,FALSE,5,FALSE,FALSE
R02639,2026-05-05,??????,FALSE,A,Food & Beverage,Payday Promo,88,17,104,411.18,8.6%,"39,084.74","25,105.95","13,978.79",Mobile Banking,FALSE,4.3,FALSE,FALSE
R02783,2026-05-05,??????,FALSE,A,Home & Living,Payday Promo,71,17,40,383.85,13.5%,"13,281.17","8,362.49","4,918.68",QR Payment,FALSE,4.5,FALSE,FALSE
R00029,2026-05-05,??????,FALSE,B,Home & Living,None,90,18,46,496.86,0.6%,"22,718.48","14,599.61","8,118.87",E-Wallet,FALSE,5,FALSE,FALSE
R01044,2026-05-05,??????,FALSE,B,Fashion,None,144,26,113,607.67,1.7%,"67,499.28","37,524.54","29,974.74",Credit Card,FALSE,4.5,FALSE,FALSE
R01612,2026-05-05,??????,FALSE,B,Beauty,Clearance Sale,103,15,104,675.37,17.9%,"57,666.04","30,596.36","27,069.68",Credit Card,FALSE,3.6,FALSE,FALSE
R01649,2026-05-05,??????,FALSE,B,Food & Beverage,Member Day,122,26,127,459.56,7.7%,"53,870.30","33,564.11","20,306.19",QR Payment,FALSE,4.4,FALSE,FALSE
R00742,2026-05-05,??????,FALSE,C,Food & Beverage,None,105,17,130,462.94,3.7%,"57,954.86","35,844.49","22,110.37",Credit Card,FALSE,3.6,FALSE,FALSE
R02510,2026-05-05,??????,FALSE,C,Fashion,Weekend Boost,144,25,121,788.99,5.4%,"90,313.02","49,504.77","40,808.25",Cash,FALSE,4.1,FALSE,FALSE
R01778,2026-05-05,??????,FALSE,E,Fashion,None,148,25,118,794.44,0.9%,"92,900.01","53,432.76","39,467.25",Credit Card,FALSE,5,FALSE,FALSE
R00311,2026-05-06,???,FALSE,A,Sports,None,126,23,84,913.00,1.5%,"75,541.95","42,068.68","33,473.27",QR Payment,FALSE,3.8,FALSE,FALSE
R00575,2026-05-06,???,FALSE,A,Home & Living,None,110,26,67,552.05,5.1%,"35,101.02","23,010.82","12,090.20",E-Wallet,FALSE,4.9,FALSE,FALSE
R00605,2026-05-06,???,FALSE,A,Sports,Payday Promo,141,25,72,"1,300.93",8.8%,"85,424.30","50,115.46","35,308.84",Credit Card,FALSE,4.2,FALSE,FALSE
R01256,2026-05-06,???,FALSE,A,Home & Living,Clearance Sale,175,28,94,"1,278.00",16.0%,"100,911.06","65,042.98","35,868.08",QR Payment,TRUE,4.8,FALSE,FALSE
R01520,2026-05-06,???,FALSE,A,Food & Beverage,None,149,25,188,346.11,1.9%,"63,832.20","39,128.25","24,703.95",Mobile Banking,FALSE,3.7,FALSE,FALSE
R01577,2026-05-06,???,FALSE,A,Fashion,Weekend Boost,141,23,147,629.95,5.2%,"87,787.84","49,470.52","38,317.32",QR Payment,FALSE,4.5,FALSE,FALSE
R02177,2026-05-06,???,FALSE,A,Electronics,Clearance Sale,176,20,63,"2,827.62",21.2%,"140,374.52","102,902.43","37,472.09",Credit Card,FALSE,4.4,FALSE,FALSE
R00179,2026-05-06,???,FALSE,C,Electronics,None,72,18,32,326.14,3.4%,"10,081.62","7,266.61","2,815.01",E-Wallet,FALSE,4.7,FALSE,FALSE
R01213,2026-05-06,???,FALSE,C,Food & Beverage,None,119,26,150,298.10,0.9%,"44,312.53","25,913.24","18,399.29",QR Payment,FALSE,3.9,FALSE,FALSE
R01469,2026-05-06,???,FALSE,C,Fashion,Payday Promo,129,23,110,483.27,11.5%,"47,046.81","26,432.15","20,614.66",Mobile Banking,FALSE,4.1,FALSE,FALSE
R02818,2026-05-06,???,FALSE,C,Food & Beverage,None,110,17,145,489.84,2.8%,"69,037.87","43,773.73","25,264.14",Credit Card,FALSE,2.9,FALSE,FALSE
R02828,2026-05-06,???,FALSE,C,Beauty,None,132,23,80,994.70,0.7%,"79,018.77","40,531.41","38,487.36",E-Wallet,TRUE,4,FALSE,FALSE
R02879,2026-05-06,???,FALSE,C,Electronics,None,107,20,63,812.66,4.6%,"48,842.26","33,510.41","15,331.85",E-Wallet,FALSE,4,FALSE,FALSE
R01742,2026-05-06,???,FALSE,D,Beauty,None,142,24,103,721.31,0.7%,"73,774.77","37,439.27","36,335.50",Credit Card,FALSE,4.6,FALSE,FALSE
R00678,2026-05-06,???,FALSE,E,Food & Beverage,None,114,23,141,307.33,3.1%,"41,989.67","27,650.11","14,339.56",Mobile Banking,FALSE,3.9,FALSE,FALSE
R00803,2026-05-06,???,FALSE,E,Fashion,Payday Promo,140,23,115,650.23,10.4%,"66,999.38","39,168.92","27,830.46",Credit Card,FALSE,4.1,FALSE,FALSE
R01072,2026-05-06,???,FALSE,E,Fashion,None,92,21,97,320.03,3.7%,"29,894.53","17,051.80","12,842.73",Credit Card,FALSE,4.5,FALSE,FALSE
R01792,2026-05-06,???,FALSE,E,Fashion,None,109,20,93,643.94,5.9%,"56,353.55","30,265.70","26,087.85",Mobile Banking,FALSE,4,FALSE,FALSE
R01877,2026-05-06,???,FALSE,E,Food & Beverage,None,154,31,187,277.65,3.8%,"49,946.99","30,339.58","19,607.41",E-Wallet,FALSE,3.8,FALSE,FALSE
R01597,2026-05-07,????????,FALSE,A,Food & Beverage,None,201,31,257,428.58,0.0%,"110,145.76","69,135.05","41,010.71",Mobile Banking,FALSE,4.3,FALSE,FALSE
R02081,2026-05-07,????????,FALSE,A,Food & Beverage,None,171,26,192,535.22,1.4%,"101,324.30","60,914.68","40,409.62",Credit Card,FALSE,4.4,FALSE,FALSE
R02198,2026-05-07,????????,FALSE,A,Home & Living,None,189,30,113,"1,178.26",5.2%,"126,220.04","81,385.56","44,834.48",Mobile Banking,FALSE,4.3,FALSE,FALSE
R02210,2026-05-07,????????,FALSE,A,Food & Beverage,Member Day,118,20,126,565.87,6.4%,"66,736.65","40,810.60","25,926.05",Credit Card,FALSE,4.4,FALSE,FALSE
R02689,2026-05-07,????????,FALSE,A,Beauty,Weekend Boost,145,23,115,884.23,6.9%,"94,670.24","47,558.47","47,111.77",QR Payment,FALSE,4.7,FALSE,FALSE
R02776,2026-05-07,????????,FALSE,A,Electronics,Weekend Boost,148,24,62,"1,721.77",9.6%,"96,501.80","63,878.17","32,623.63",Credit Card,FALSE,4.6,FALSE,FALSE
R01705,2026-05-07,????????,FALSE,B,Fashion,Payday Promo,128,24,87,981.90,10.0%,"76,882.52","42,438.13","34,444.39",E-Wallet,FALSE,4.5,FALSE,FALSE
R02080,2026-05-07,????????,FALSE,B,Electronics,None,84,13,32,"1,290.72",5.1%,"39,196.60","29,467.22","9,729.38",E-Wallet,TRUE,3.4,FALSE,FALSE
R00462,2026-05-07,????????,FALSE,C,Food & Beverage,None,124,18,136,644.57,0.0%,"87,661.50","54,314.24","33,347.26",Mobile Banking,FALSE,3.4,FALSE,FALSE
R01464,2026-05-07,????????,FALSE,C,Sports,None,185,29,107,"1,258.86",3.7%,"129,714.63","78,482.89","51,231.74",E-Wallet,FALSE,4.2,FALSE,FALSE
R02180,2026-05-07,????????,FALSE,C,Food & Beverage,None,88,17,101,351.12,6.5%,"33,158.41","20,108.74","13,049.67",Cash,FALSE,3.9,FALSE,FALSE
R02722,2026-05-07,????????,FALSE,C,Fashion,None,156,31,148,491.91,0.7%,"72,293.35","42,199.78","30,093.57",Credit Card,FALSE,3.7,FALSE,FALSE
R02883,2026-05-07,????????,FALSE,C,Food & Beverage,None,122,23,165,331.13,4.7%,"52,067.83","32,404.60","19,663.23",Credit Card,FALSE,4.3,FALSE,FALSE
R00275,2026-05-07,????????,FALSE,D,Fashion,Clearance Sale,88,12,94,550.39,14.5%,"44,234.86","25,864.87","18,369.99",QR Payment,FALSE,3.1,FALSE,FALSE
R00676,2026-05-07,????????,FALSE,D,Fashion,Payday Promo,83,18,77,43.78,11.0%,"3,000.00","1,698.86","1,301.14",Credit Card,FALSE,5,FALSE,FALSE
R01294,2026-05-07,????????,FALSE,D,Food & Beverage,Member Day,139,21,150,706.67,8.3%,"97,202.27","58,898.84","38,303.43",Credit Card,FALSE,4.6,FALSE,FALSE
R01697,2026-05-07,????????,FALSE,D,Food & Beverage,Weekend Boost,84,22,96,34.00,8.1%,"3,000.00","1,870.61","1,129.39",Cash,FALSE,3.9,FALSE,FALSE
R01997,2026-05-07,????????,FALSE,D,Fashion,None,134,21,139,470.78,2.3%,"63,932.71","36,522.56","27,410.15",Cash,FALSE,3.9,FALSE,FALSE
R01522,2026-05-07,????????,FALSE,E,Home & Living,None,121,23,54,"1,098.18",2.4%,"57,878.36","37,264.60","20,613.76",Credit Card,FALSE,4.4,FALSE,FALSE
R01740,2026-05-07,????????,FALSE,E,Home & Living,None,171,28,122,879.95,4.5%,"102,523.52","69,909.80","32,613.72",Cash,FALSE,3.9,FALSE,FALSE
R02870,2026-05-07,????????,FALSE,E,Food & Beverage,Clearance Sale,82,16,92,312.33,19.6%,"23,102.26","13,804.93","9,297.33",E-Wallet,FALSE,4.2,FALSE,FALSE
R00558,2026-05-08,?????,FALSE,A,Fashion,None,75,16,58,446.04,4.2%,"24,784.02","13,891.33","10,892.69",Credit Card,FALSE,4.1,FALSE,FALSE
R01007,2026-05-08,?????,FALSE,A,Food & Beverage,Clearance Sale,145,18,179,655.47,17.5%,"96,796.34","57,224.74","39,571.60",E-Wallet,FALSE,5,FALSE,FALSE
R01542,2026-05-08,?????,FALSE,A,Fashion,None,156,30,134,614.26,5.8%,"77,537.40","47,915.09","29,622.31",QR Payment,TRUE,3.8,FALSE,FALSE
R01848,2026-05-08,?????,FALSE,A,Fashion,None,145,26,135,501.09,1.0%,"66,970.55","39,374.18","27,596.37",Mobile Banking,FALSE,4.2,FALSE,FALSE
R02443,2026-05-08,?????,FALSE,A,Fashion,Member Day,155,24,137,746.84,10.7%,"91,369.74","55,567.33","35,802.41",E-Wallet,FALSE,4.9,FALSE,FALSE
R02760,2026-05-08,?????,FALSE,A,Home & Living,None,118,23,71,817.49,2.9%,"56,358.77","35,827.43","20,531.34",QR Payment,FALSE,4.6,FALSE,FALSE
R02006,2026-05-08,?????,FALSE,B,Food & Beverage,None,92,21,93,158.39,5.0%,"13,993.90","8,750.27","5,243.63",E-Wallet,FALSE,4.2,FALSE,FALSE
R02957,2026-05-08,?????,FALSE,B,Fashion,Member Day,111,19,100,839.27,10.3%,"75,282.57","44,057.60","31,224.97",Credit Card,FALSE,4.6,FALSE,FALSE
R01094,2026-05-08,?????,FALSE,C,Fashion,None,112,26,94,454.54,1.4%,"42,128.96","23,619.16","18,509.80",QR Payment,FALSE,3.6,FALSE,FALSE
R01614,2026-05-08,?????,FALSE,D,Home & Living,None,146,25,84,864.38,4.3%,"69,485.96","44,685.45","24,800.51",E-Wallet,FALSE,4.1,FALSE,FALSE
R01789,2026-05-08,?????,FALSE,D,Food & Beverage,None,142,27,177,265.05,5.4%,"44,380.16","28,766.13","15,614.03",E-Wallet,FALSE,4.8,FALSE,FALSE
R02579,2026-05-08,?????,FALSE,D,Home & Living,Member Day,179,25,101,"1,453.01",5.4%,"138,829.41","86,247.34","52,582.07",Cash,FALSE,5,FALSE,FALSE
R01684,2026-05-08,?????,FALSE,E,Home & Living,Weekend Boost,165,25,75,"1,483.81",7.7%,"102,716.68","70,961.02","31,755.66",Credit Card,FALSE,3.6,FALSE,FALSE
R02448,2026-05-08,?????,FALSE,E,Fashion,None,153,24,134,743.63,5.5%,"94,166.41","59,060.91","35,105.50",E-Wallet,FALSE,2.8,FALSE,FALSE
R00713,2026-05-09,?????,TRUE,A,Sports,None,148,26,79,933.39,2.4%,"71,968.41","41,935.67","30,032.74",Credit Card,FALSE,4,FALSE,FALSE
R02415,2026-05-09,?????,TRUE,A,Home & Living,Payday Promo,149,17,79,"1,562.64",11.5%,"109,252.20","69,121.47","40,130.73",E-Wallet,FALSE,5,FALSE,FALSE
R00090,2026-05-09,?????,TRUE,B,Food & Beverage,Payday Promo,159,24,190,475.95,7.9%,"83,286.62","54,064.03","29,222.59",Credit Card,FALSE,5,FALSE,FALSE
R00279,2026-05-09,?????,TRUE,B,Fashion,Member Day,106,18,82,750.87,7.9%,"56,707.24","32,427.07","24,280.17",Mobile Banking,FALSE,4.1,FALSE,FALSE
R01596,2026-05-09,?????,TRUE,B,Electronics,Clearance Sale,86,13,51,943.72,17.9%,"39,514.66","28,757.42","10,757.24",Credit Card,FALSE,3.6,FALSE,FALSE
R02537,2026-05-09,?????,TRUE,B,Sports,Payday Promo,203,30,112,"1,297.92",9.9%,"130,975.48","75,921.78","55,053.70",Mobile Banking,FALSE,4.4,FALSE,FALSE
R02915,2026-05-09,?????,TRUE,B,Beauty,Member Day,77,15,73,494.37,8.4%,"33,057.73","16,992.50","16,065.23",QR Payment,FALSE,4.1,FALSE,FALSE
R01004,2026-05-09,?????,TRUE,C,Fashion,Member Day,163,33,152,439.59,7.4%,"61,872.56","37,230.92","24,641.64",Credit Card,FALSE,4.3,FALSE,FALSE
R02837,2026-05-09,?????,TRUE,C,Food & Beverage,Weekend Boost,139,22,158,453.20,8.6%,"65,447.16","41,760.53","23,686.63",QR Payment,FALSE,4.3,FALSE,FALSE
R00391,2026-05-09,?????,TRUE,D,Beauty,None,99,14,60,954.57,3.1%,"55,498.49","26,340.10","29,158.39",Credit Card,FALSE,4.9,FALSE,FALSE
R02426,2026-05-09,?????,TRUE,D,Food & Beverage,Payday Promo,118,27,146,164.45,9.6%,"21,704.64","12,788.66","8,915.98",E-Wallet,FALSE,4.8,FALSE,FALSE
R02488,2026-05-09,?????,TRUE,D,Food & Beverage,Clearance Sale,131,25,163,351.73,20.3%,"45,694.04","26,469.77","19,224.27",E-Wallet,FALSE,4.5,FALSE,FALSE
R01158,2026-05-09,?????,TRUE,E,Food & Beverage,None,125,24,139,378.29,2.4%,"51,320.51","32,306.46","19,014.05",E-Wallet,FALSE,4,FALSE,FALSE
R01609,2026-05-09,?????,TRUE,E,Sports,None,157,25,93,"1,051.64",0.9%,"96,921.89","55,544.64","41,377.25",E-Wallet,FALSE,5,FALSE,FALSE
R01835,2026-05-09,?????,TRUE,E,Sports,Member Day,99,17,55,969.89,8.4%,"48,863.00","28,260.22","20,602.78",Cash,FALSE,4.5,FALSE,FALSE
R02203,2026-05-09,?????,TRUE,E,Fashion,None,130,22,107,693.60,4.2%,"71,098.36","41,303.22","29,795.14",QR Payment,FALSE,4.3,FALSE,FALSE
R02286,2026-05-09,?????,TRUE,E,Fashion,Member Day,137,19,122,877.82,8.7%,"97,777.07","55,729.24","42,047.83",Mobile Banking,FALSE,4.2,FALSE,FALSE
R02831,2026-05-09,?????,TRUE,E,Fashion,None,147,30,130,448.66,3.4%,"56,342.41","33,605.26","22,737.15",E-Wallet,FALSE,4.3,FALSE,FALSE
R00432,2026-05-10,???????,TRUE,A,Electronics,None,60,17,23,"1,066.62",0.2%,"24,483.22","16,876.78","7,606.44",E-Wallet,FALSE,3.6,TRUE,FALSE
R00845,2026-05-10,???????,TRUE,A,Fashion,None,150,25,125,620.68,2.9%,"75,334.66","45,161.85","30,172.81",E-Wallet,FALSE,3.4,FALSE,FALSE
R01116,2026-05-10,???????,TRUE,A,Fashion,None,131,23,129,504.25,2.9%,"63,161.37","38,086.97","25,074.40",Mobile Banking,FALSE,4.2,FALSE,FALSE
R01178,2026-05-10,???????,TRUE,A,Sports,None,129,27,74,738.80,4.3%,"52,320.54","29,018.49","23,302.05",E-Wallet,FALSE,4.6,FALSE,FALSE
R01234,2026-05-10,???????,TRUE,A,Electronics,None,90,19,35,780.17,2.9%,"26,514.12","17,739.06","8,775.06",Credit Card,FALSE,3.8,FALSE,FALSE
R01457,2026-05-10,???????,TRUE,A,Food & Beverage,Weekend Boost,133,25,152,334.56,9.3%,"46,124.30","28,002.00","18,122.30",QR Payment,FALSE,4,FALSE,FALSE
R01559,2026-05-10,???????,TRUE,A,Sports,None,151,28,100,683.62,1.6%,"67,267.74","38,675.24","28,592.50",QR Payment,FALSE,4,FALSE,FALSE
R01678,2026-05-10,???????,TRUE,A,Fashion,None,162,29,139,613.95,2.1%,"83,546.80","48,184.74","35,362.06",Credit Card,FALSE,3.4,FALSE,FALSE
R01985,2026-05-10,???????,TRUE,A,Fashion,None,75,18,93,79.15,4.5%,"7,029.35","4,069.32","2,960.03",Mobile Banking,FALSE,5,FALSE,FALSE
R02217,2026-05-10,???????,TRUE,A,Electronics,None,100,16,38,"1,952.17",3.2%,"71,808.57","52,845.49","18,963.08",QR Payment,FALSE,4.2,FALSE,FALSE
R01490,2026-05-10,???????,TRUE,B,Electronics,Weekend Boost,127,28,45,593.29,4.4%,"25,523.26","18,636.87","6,886.39",Credit Card,FALSE,5,FALSE,FALSE
R00570,2026-05-10,???????,TRUE,C,Home & Living,None,139,28,85,765.86,2.8%,"63,275.04","40,650.50","22,624.54",Cash,FALSE,3.9,FALSE,FALSE
R00710,2026-05-10,???????,TRUE,C,Sports,None,122,24,56,"1,064.57",3.4%,"57,588.83","34,161.93","23,426.90",QR Payment,FALSE,4.2,FALSE,FALSE
R00850,2026-05-10,???????,TRUE,C,Sports,None,206,27,125,"1,339.44",4.0%,"160,732.75","88,053.11","72,679.64",Cash,FALSE,3.8,FALSE,FALSE
R01833,2026-05-10,???????,TRUE,C,Beauty,Payday Promo,120,22,77,771.14,13.1%,"51,599.42","25,676.30","25,923.12",Credit Card,FALSE,4.2,FALSE,FALSE
R01866,2026-05-10,???????,TRUE,C,Electronics,None,150,26,57,"1,374.41",1.3%,"77,323.10","52,393.29","24,929.81",E-Wallet,FALSE,4.1,FALSE,FALSE
R02420,2026-05-10,???????,TRUE,C,Fashion,Clearance Sale,114,25,120,198.07,18.4%,"19,394.87","10,420.28","8,974.59",Mobile Banking,FALSE,4.3,FALSE,FALSE
R02570,2026-05-10,???????,TRUE,C,Food & Beverage,Payday Promo,98,17,130,318.77,11.1%,"36,840.63","23,770.11","13,070.52",Mobile Banking,FALSE,5,FALSE,FALSE
R02633,2026-05-10,???????,TRUE,C,Fashion,Clearance Sale,93,21,85,215.32,19.2%,"14,787.87","8,768.98","6,018.89",Mobile Banking,FALSE,4.7,FALSE,FALSE
R02720,2026-05-10,???????,TRUE,C,Fashion,None,72,18,73,170.61,2.7%,"12,118.42","6,908.73","5,209.69",Cash,FALSE,4.1,FALSE,FALSE
R00400,2026-05-10,???????,TRUE,D,Fashion,None,107,25,84,149.33,3.9%,"12,054.12","7,254.43","4,799.69",Cash,FALSE,3.9,FALSE,FALSE
R01147,2026-05-10,???????,TRUE,D,Electronics,Member Day,132,29,64,929.72,7.7%,"54,920.70","41,384.34","13,536.36",E-Wallet,FALSE,3.7,FALSE,FALSE
R01172,2026-05-10,???????,TRUE,D,Fashion,None,172,29,139,706.15,2.9%,"95,308.09","57,082.74","38,225.35",E-Wallet,FALSE,4.9,FALSE,FALSE
R01602,2026-05-10,???????,TRUE,D,Food & Beverage,None,169,25,225,419.57,1.2%,"93,269.36","53,571.18","39,698.18",E-Wallet,FALSE,4.6,FALSE,FALSE
R00075,2026-05-10,???????,TRUE,E,Food & Beverage,None,148,22,157,595.42,5.7%,"88,152.73","54,006.51","34,146.22",Credit Card,FALSE,4.4,FALSE,FALSE
R00707,2026-05-11,??????,FALSE,A,Electronics,Member Day,142,25,55,"1,510.71",8.3%,"76,192.64","50,831.06","25,361.58",Credit Card,FALSE,4.3,FALSE,FALSE
R01161,2026-05-11,??????,FALSE,A,Fashion,None,114,22,71,764.05,4.8%,"51,643.54","30,925.97","20,717.57",QR Payment,FALSE,4.9,FALSE,FALSE
R01851,2026-05-11,??????,FALSE,A,Home & Living,None,153,25,95,"1,126.09",4.4%,"102,271.76","65,601.46","36,670.30",QR Payment,FALSE,4.1,FALSE,FALSE
R02147,2026-05-11,??????,FALSE,A,Fashion,None,162,29,142,600.27,3.1%,"82,596.28","47,308.17","35,288.11",Credit Card,FALSE,3.9,FALSE,FALSE
R02159,2026-05-11,??????,FALSE,A,Food & Beverage,None,70,14,79,364.74,4.6%,"27,488.75","17,592.86","9,895.89",E-Wallet,FALSE,4.5,FALSE,FALSE
R02513,2026-05-11,??????,FALSE,A,Fashion,Clearance Sale,238,33,204,944.18,20.0%,"154,089.68","88,980.62","65,109.06",Cash,FALSE,4.8,FALSE,FALSE
R02750,2026-05-11,??????,FALSE,A,Fashion,Weekend Boost,94,21,55,432.65,7.7%,"21,963.49","12,535.39","9,428.10",Mobile Banking,FALSE,4.6,FALSE,FALSE
R02921,2026-05-11,??????,FALSE,B,Home & Living,None,183,28,70,"1,846.45",3.8%,"124,339.86","82,306.37","42,033.49",Credit Card,FALSE,4.3,FALSE,FALSE
R00158,2026-05-11,??????,FALSE,D,Fashion,Member Day,115,20,82,826.23,7.2%,"62,872.87","38,922.04","23,950.83",Mobile Banking,FALSE,4.3,FALSE,FALSE
R01550,2026-05-11,??????,FALSE,D,Food & Beverage,Clearance Sale,105,20,97,522.82,19.7%,"40,723.06","26,242.09","14,480.97",QR Payment,FALSE,5,FALSE,FALSE
R00162,2026-05-11,??????,FALSE,E,Fashion,None,147,23,152,585.40,0.0%,"88,981.10","51,083.11","37,897.99",Mobile Banking,FALSE,3.8,FALSE,FALSE
R00218,2026-05-11,??????,FALSE,E,Food & Beverage,None,121,25,169,189.33,2.2%,"31,292.32","19,476.32","11,816.00",Credit Card,FALSE,3.9,FALSE,FALSE
R00443,2026-05-11,??????,FALSE,E,Electronics,Member Day,139,19,68,"1,659.73",9.9%,"101,688.61","74,181.35","27,507.26",E-Wallet,FALSE,3.9,FALSE,FALSE
R00761,2026-05-11,??????,FALSE,E,Beauty,None,170,27,115,"1,094.98",4.6%,"120,130.78","57,900.85","62,229.93",Credit Card,FALSE,3.5,FALSE,FALSE
R02146,2026-05-11,??????,FALSE,E,Sports,Member Day,137,25,90,912.57,5.8%,"77,367.35","44,916.59","32,450.76",E-Wallet,FALSE,3.3,FALSE,FALSE
R02956,2026-05-11,??????,FALSE,E,Food & Beverage,Member Day,129,26,157,417.64,8.2%,"60,192.99","37,573.38","22,619.61",Credit Card,FALSE,4.9,FALSE,FALSE
R00936,2026-05-12,??????,FALSE,A,Fashion,None,134,28,115,355.74,5.5%,"38,659.95","22,091.77","16,568.18",Mobile Banking,FALSE,3.7,FALSE,FALSE
R01201,2026-05-12,??????,FALSE,A,Home & Living,Payday Promo,167,32,95,741.26,9.4%,"63,799.82","40,872.09","22,927.73",Credit Card,FALSE,4.3,FALSE,FALSE
R00147,2026-05-12,??????,FALSE,C,Sports,None,107,21,71,619.76,4.5%,"42,022.91","23,376.63","18,646.28",Mobile Banking,FALSE,3.9,FALSE,FALSE
R00834,2026-05-12,??????,FALSE,C,Home & Living,None,175,28,108,966.65,0.1%,"104,293.31","70,661.51","33,631.80",E-Wallet,FALSE,4.2,FALSE,FALSE
R01454,2026-05-12,??????,FALSE,C,Electronics,None,197,30,76,"1,814.72",4.7%,"131,436.18","95,825.32","35,610.86",E-Wallet,FALSE,4.2,FALSE,FALSE
R01984,2026-05-12,??????,FALSE,C,Home & Living,None,242,26,149,"1,412.50",3.4%,"203,306.49","131,053.60","72,252.89",Mobile Banking,FALSE,4,FALSE,FALSE
R02145,2026-05-12,??????,FALSE,C,Fashion,None,124,25,118,387.46,0.7%,"45,400.16","27,472.62","17,927.54",E-Wallet,FALSE,3.9,FALSE,FALSE
R00054,2026-05-12,??????,FALSE,D,Fashion,Payday Promo,90,14,70,688.84,9.5%,"43,638.14","25,095.55","18,542.59",QR Payment,FALSE,3.9,FALSE,FALSE
R01216,2026-05-12,??????,FALSE,D,Food & Beverage,Member Day,84,22,130,25.19,8.4%,"3,000.00","1,823.50","1,176.50",Credit Card,FALSE,4.4,FALSE,FALSE
R01701,2026-05-12,??????,FALSE,D,Beauty,Member Day,103,23,75,468.02,8.5%,"32,118.10","16,787.21","15,330.89",Credit Card,FALSE,3.7,FALSE,FALSE
R02480,2026-05-12,??????,FALSE,D,Fashion,None,132,20,94,991.17,2.5%,"90,840.45","50,638.34","40,202.11",QR Payment,FALSE,4.3,FALSE,FALSE
R02584,2026-05-12,??????,FALSE,D,Food & Beverage,None,91,16,110,393.05,4.1%,"41,462.38","24,563.44","16,898.94",Credit Card,FALSE,3.9,FALSE,FALSE
R00309,2026-05-12,??????,FALSE,E,Electronics,Weekend Boost,124,26,42,"1,091.24",6.6%,"42,807.13","31,568.52","11,238.61",E-Wallet,TRUE,4.7,FALSE,FALSE
R00210,2026-05-13,???,FALSE,A,Electronics,None,178,25,71,"1,588.44",3.2%,"109,170.07","80,692.40","28,477.67",Cash,FALSE,4.4,FALSE,FALSE
R00284,2026-05-13,???,FALSE,A,Beauty,None,166,25,137,796.56,5.3%,"103,345.19","52,261.70","51,083.49",QR Payment,FALSE,3.8,FALSE,FALSE
R00326,2026-05-13,???,FALSE,A,Food & Beverage,Payday Promo,92,21,123,195.53,8.9%,"21,909.83","13,604.05","8,305.78",Mobile Banking,FALSE,4.8,FALSE,FALSE
R00651,2026-05-13,???,FALSE,A,Fashion,Weekend Boost,131,23,93,668.30,6.0%,"58,422.38","32,048.28","26,374.10",Credit Card,FALSE,4.3,FALSE,FALSE
R01153,2026-05-13,???,FALSE,A,Electronics,None,138,20,41,"2,257.15",2.3%,"90,414.64","66,477.06","23,937.58",E-Wallet,FALSE,4.3,FALSE,FALSE
R01998,2026-05-13,???,FALSE,A,Fashion,None,162,26,126,759.85,1.6%,"94,209.17","55,817.08","38,392.09",Cash,FALSE,4.3,FALSE,FALSE
R00039,2026-05-13,???,FALSE,B,Fashion,Payday Promo,133,22,110,843.42,10.3%,"83,220.71","48,793.61","34,427.10",E-Wallet,FALSE,3.7,FALSE,FALSE
R01186,2026-05-13,???,FALSE,B,Electronics,Member Day,119,19,53,"1,500.81",8.1%,"73,100.11","51,411.70","21,688.41",E-Wallet,FALSE,5,FALSE,FALSE
R02811,2026-05-13,???,FALSE,B,Home & Living,None,129,22,69,990.07,3.2%,"66,128.74","42,464.17","23,664.57",Mobile Banking,FALSE,4.2,FALSE,FALSE
R00204,2026-05-13,???,FALSE,C,Sports,Clearance Sale,152,21,90,"1,386.38",17.5%,"102,938.91","59,987.85","42,951.06",QR Payment,FALSE,4.1,FALSE,FALSE
R01248,2026-05-13,???,FALSE,C,Food & Beverage,None,106,16,132,584.29,5.6%,"72,806.84","45,985.22","26,821.62",QR Payment,FALSE,3.5,FALSE,FALSE
R01353,2026-05-13,???,FALSE,C,Food & Beverage,None,159,28,210,446.97,2.4%,"91,610.52","56,020.57","35,589.95",Cash,FALSE,5,FALSE,FALSE
R01653,2026-05-13,???,FALSE,C,Fashion,None,134,17,97,"1,114.25",3.6%,"104,191.37","62,537.52","41,653.85",Credit Card,FALSE,4.5,FALSE,FALSE
R00847,2026-05-13,???,FALSE,D,Electronics,None,153,25,59,"1,510.24",2.6%,"86,787.61","63,535.49","23,252.12",Cash,FALSE,3.9,FALSE,FALSE
R02419,2026-05-13,???,FALSE,D,Fashion,Member Day,138,22,124,786.03,7.2%,"90,449.58","50,645.83","39,803.75",E-Wallet,FALSE,4.1,FALSE,FALSE
R02759,2026-05-13,???,FALSE,D,Home & Living,Weekend Boost,169,24,98,"1,157.52",7.9%,"104,474.99","67,259.86","37,215.13",QR Payment,FALSE,4.1,FALSE,FALSE
R00471,2026-05-13,???,FALSE,E,Fashion,None,115,26,99,176.59,0.7%,"17,359.79","9,758.04","7,601.75",E-Wallet,FALSE,4.6,FALSE,FALSE
R01967,2026-05-13,???,FALSE,E,Food & Beverage,None,147,26,183,438.33,2.3%,"78,370.19","48,787.95","29,582.24",Cash,FALSE,3.7,FALSE,FALSE
R01620,2026-05-14,????????,FALSE,A,Fashion,Weekend Boost,109,18,103,623.15,8.5%,"58,729.18","31,649.11","27,080.07",Mobile Banking,FALSE,3.9,FALSE,FALSE
R01928,2026-05-14,????????,FALSE,A,Home & Living,None,78,13,34,"1,039.69",2.3%,"34,536.39","21,826.04","12,710.35",E-Wallet,FALSE,4.2,FALSE,FALSE
R01940,2026-05-14,????????,FALSE,A,Food & Beverage,None,123,21,158,385.70,3.3%,"58,930.18","36,328.02","22,602.16",E-Wallet,FALSE,4.7,FALSE,FALSE
R02491,2026-05-14,????????,FALSE,A,Food & Beverage,Clearance Sale,138,25,156,518.52,18.1%,"66,247.75","39,829.66","26,418.09",E-Wallet,FALSE,4.8,FALSE,FALSE
R00559,2026-05-14,????????,FALSE,B,Food & Beverage,None,124,18,134,710.63,3.6%,"91,796.29","58,543.36","33,252.93",QR Payment,FALSE,4.1,FALSE,FALSE
R01420,2026-05-14,????????,FALSE,B,Beauty,None,171,29,144,574.85,2.1%,"81,040.74","40,664.99","40,375.75",Mobile Banking,FALSE,3.2,FALSE,FALSE
R02965,2026-05-14,????????,FALSE,B,Electronics,None,81,18,15,"1,867.82",3.3%,"27,092.69","19,416.45","7,676.24",Mobile Banking,FALSE,4.5,FALSE,FALSE
R01465,2026-05-14,????????,FALSE,C,Food & Beverage,None,90,16,117,321.37,2.0%,"36,848.41","22,935.30","13,913.11",QR Payment,FALSE,3.6,FALSE,FALSE
R01692,2026-05-14,????????,FALSE,C,Food & Beverage,None,120,24,127,345.92,2.2%,"42,965.25","27,102.08","15,863.17",Mobile Banking,FALSE,3.5,FALSE,FALSE
R02459,2026-05-14,????????,FALSE,C,Food & Beverage,Member Day,122,19,140,485.02,6.5%,"63,489.77","41,300.16","22,189.61",QR Payment,FALSE,3.9,FALSE,FALSE
R01795,2026-05-14,????????,FALSE,D,Beauty,Member Day,106,20,83,749.83,8.2%,"57,132.56","29,312.05","27,820.51",Mobile Banking,FALSE,5,FALSE,FALSE
R01911,2026-05-14,????????,FALSE,D,Electronics,Member Day,57,16,11,"1,476.55",6.8%,"15,137.63","10,835.93","4,301.70",Credit Card,FALSE,4.3,FALSE,FALSE
R02910,2026-05-14,????????,FALSE,D,Food & Beverage,Clearance Sale,110,21,140,269.12,17.2%,"31,196.64","19,465.96","11,730.68",E-Wallet,FALSE,4.3,FALSE,FALSE
R00627,2026-05-14,????????,FALSE,E,Food & Beverage,None,177,23,205,706.49,2.1%,"141,788.93","82,603.34","59,185.59",QR Payment,FALSE,4.2,FALSE,FALSE
R00824,2026-05-14,????????,FALSE,E,Home & Living,None,136,21,93,817.05,1.8%,"74,618.00","47,722.61","26,895.39",E-Wallet,FALSE,4.1,FALSE,FALSE
R02534,2026-05-14,????????,FALSE,E,Beauty,None,162,28,134,631.38,0.9%,"83,842.93","43,956.87","39,886.06",QR Payment,FALSE,4.2,FALSE,FALSE
R02779,2026-05-14,????????,FALSE,E,Beauty,Payday Promo,169,26,113,"1,227.45",11.3%,"123,028.33","65,884.65","57,143.68",E-Wallet,FALSE,4.8,FALSE,FALSE
R00031,2026-05-15,?????,FALSE,A,Food & Beverage,None,160,24,194,481.67,5.0%,"88,772.21","55,901.62","32,870.59",E-Wallet,FALSE,4.4,FALSE,FALSE
R01993,2026-05-15,?????,FALSE,A,Beauty,Member Day,121,19,74,902.65,7.5%,"61,786.47","30,405.60","31,380.87",Credit Card,FALSE,4.4,FALSE,FALSE
R02246,2026-05-15,?????,FALSE,A,Electronics,None,151,29,93,895.29,3.5%,"80,348.23","57,603.15","22,745.08",Credit Card,TRUE,3.7,FALSE,FALSE
R00032,2026-05-15,?????,FALSE,B,Beauty,Member Day,128,16,95,905.56,10.2%,"77,253.13","40,312.67","36,940.46",E-Wallet,FALSE,5,FALSE,FALSE
R00141,2026-05-15,?????,FALSE,B,Food & Beverage,None,135,21,187,430.55,3.4%,"77,776.26","49,419.38","28,356.88",E-Wallet,FALSE,4.3,FALSE,FALSE
R00404,2026-05-15,?????,FALSE,B,Home & Living,Clearance Sale,144,24,62,"1,299.46",18.6%,"65,580.90","42,122.35","23,458.55",E-Wallet,FALSE,4.4,FALSE,FALSE
R01327,2026-05-15,?????,FALSE,C,Electronics,Member Day,156,27,80,"1,182.49",5.6%,"89,301.40","64,151.36","25,150.04",Mobile Banking,FALSE,4.1,FALSE,FALSE
R01617,2026-05-15,?????,FALSE,C,Electronics,Weekend Boost,105,20,50,"1,022.46",6.2%,"47,953.15","34,589.84","13,363.31",QR Payment,FALSE,4.4,FALSE,FALSE
R02899,2026-05-15,?????,FALSE,C,Fashion,Member Day,162,26,136,777.97,8.1%,"97,233.27","56,203.94","41,029.33",QR Payment,FALSE,4.6,FALSE,FALSE
R00674,2026-05-15,?????,FALSE,E,Beauty,Payday Promo,146,23,107,835.08,9.3%,"81,044.12","38,586.96","42,457.16",QR Payment,FALSE,5,FALSE,FALSE
R00934,2026-05-15,?????,FALSE,E,Fashion,Weekend Boost,108,19,69,998.93,8.1%,"63,343.04","35,801.41","27,541.63",QR Payment,FALSE,4.6,FALSE,FALSE
R01463,2026-05-15,?????,FALSE,E,Food & Beverage,Member Day,121,22,132,342.11,8.1%,"41,500.96","25,782.84","15,718.12",QR Payment,FALSE,4.4,FALSE,FALSE
R01574,2026-05-15,?????,FALSE,E,Home & Living,Payday Promo,136,14,71,"1,748.83",14.3%,"106,410.83","70,908.99","35,501.84",E-Wallet,FALSE,4.3,FALSE,FALSE
R02781,2026-05-15,?????,FALSE,E,Fashion,Member Day,166,26,153,709.46,9.8%,"97,909.86","58,613.44","39,296.42",Mobile Banking,FALSE,5,FALSE,FALSE
R00078,2026-05-16,?????,TRUE,A,Electronics,None,121,22,60,"1,075.98",4.0%,"61,976.44","44,797.13","17,179.31",E-Wallet,FALSE,4.1,FALSE,FALSE
R00120,2026-05-16,?????,TRUE,A,Food & Beverage,None,146,23,184,499.85,2.8%,"89,397.87","55,537.28","33,860.59",Credit Card,FALSE,4.4,FALSE,FALSE
R00487,2026-05-16,?????,TRUE,A,Home & Living,Payday Promo,197,31,100,"1,496.76",10.7%,"133,660.76","91,981.68","41,679.08",E-Wallet,FALSE,4.2,FALSE,FALSE
R00667,2026-05-16,?????,TRUE,A,Food & Beverage,Member Day,119,26,149,165.08,7.6%,"22,727.50","14,084.82","8,642.68",E-Wallet,FALSE,4.9,FALSE,FALSE
R00877,2026-05-16,?????,TRUE,A,Beauty,None,115,21,86,588.67,5.1%,"48,044.12","24,241.28","23,802.84",E-Wallet,FALSE,4.1,FALSE,FALSE
R01585,2026-05-16,?????,TRUE,A,Fashion,Member Day,156,22,145,954.52,10.3%,"124,149.47","73,440.28","50,709.19",Credit Card,FALSE,3.8,FALSE,FALSE
R02563,2026-05-16,?????,TRUE,A,Beauty,None,143,25,101,736.41,1.6%,"73,187.64","35,391.94","37,795.70",QR Payment,FALSE,4.4,FALSE,FALSE
R00724,2026-05-16,?????,TRUE,B,Electronics,None,113,20,70,836.80,4.9%,"55,706.02","38,784.73","16,921.29",Mobile Banking,FALSE,4.5,FALSE,FALSE
R00846,2026-05-16,?????,TRUE,B,Food & Beverage,None,174,26,220,476.63,3.9%,"100,769.21","66,909.92","33,859.29",QR Payment,FALSE,4.4,FALSE,FALSE
R01024,2026-05-16,?????,TRUE,B,Fashion,Member Day,106,24,81,482.32,7.3%,"36,216.07","20,893.56","15,322.51",Credit Card,FALSE,4.2,FALSE,FALSE
R02067,2026-05-16,?????,TRUE,B,Food & Beverage,Clearance Sale,111,21,135,493.33,18.1%,"54,544.74","33,306.28","21,238.46",Credit Card,FALSE,4,FALSE,FALSE
R02961,2026-05-16,?????,TRUE,B,Electronics,None,121,21,73,673.81,2.4%,"48,007.39","35,700.61","12,306.78",QR Payment,TRUE,4.4,FALSE,FALSE
R00616,2026-05-16,?????,TRUE,C,Fashion,Member Day,74,16,75,43.29,7.6%,"3,000.00","1,711.58","1,288.42",Credit Card,FALSE,4.9,FALSE,FALSE
R01581,2026-05-16,?????,TRUE,C,Electronics,None,126,23,28,"2,287.91",2.4%,"62,523.90","42,749.89","19,774.01",E-Wallet,FALSE,3.9,FALSE,FALSE
R02698,2026-05-16,?????,TRUE,C,Food & Beverage,Payday Promo,279,40,308,680.83,10.2%,"188,306.46","118,700.89","69,605.57",Mobile Banking,FALSE,4.2,FALSE,FALSE
R00808,2026-05-16,?????,TRUE,D,Fashion,None,125,26,104,357.84,1.4%,"36,694.85","22,280.02","14,414.83",Mobile Banking,FALSE,4.3,FALSE,FALSE
R01498,2026-05-16,?????,TRUE,D,Fashion,None,108,18,100,451.22,1.9%,"44,264.84","26,045.25","18,219.59",Credit Card,FALSE,4.6,FALSE,FALSE
R00501,2026-05-16,?????,TRUE,E,Food & Beverage,None,120,20,150,476.74,2.9%,"69,437.89","41,118.15","28,319.74",Credit Card,FALSE,3.9,FALSE,FALSE
R01953,2026-05-16,?????,TRUE,E,Fashion,Clearance Sale,167,26,160,809.02,18.3%,"105,754.47","59,017.34","46,737.13",Credit Card,FALSE,4.6,FALSE,FALSE
R00880,2026-05-17,???????,TRUE,A,Home & Living,None,137,25,73,751.20,4.6%,"52,315.18","33,329.73","18,985.45",Mobile Banking,FALSE,3.9,FALSE,FALSE
R00985,2026-05-17,???????,TRUE,A,Beauty,None,124,16,80,984.24,1.4%,"77,636.59","42,279.28","35,357.31",Cash,FALSE,3.4,FALSE,FALSE
R01290,2026-05-17,???????,TRUE,A,Electronics,Payday Promo,198,30,70,"2,066.96",10.9%,"128,916.09","92,126.95","36,789.14",Mobile Banking,FALSE,4,FALSE,FALSE
R02200,2026-05-17,???????,TRUE,A,Fashion,None,131,22,113,837.36,5.1%,"89,795.91","50,960.77","38,835.14",Cash,FALSE,3.8,FALSE,FALSE
R00833,2026-05-17,???????,TRUE,B,Sports,None,128,18,62,"1,462.97",1.0%,"89,797.26","50,648.96","39,148.30",QR Payment,FALSE,4.7,FALSE,FALSE
R01062,2026-05-17,???????,TRUE,B,Fashion,Clearance Sale,165,27,157,524.43,15.1%,"69,903.19","40,601.27","29,301.92",Mobile Banking,FALSE,4.4,FALSE,FALSE
R01381,2026-05-17,???????,TRUE,C,Food & Beverage,None,131,32,157,143.37,2.9%,"21,856.29","12,791.86","9,064.43",E-Wallet,FALSE,4.6,FALSE,FALSE
R01746,2026-05-17,???????,TRUE,C,Electronics,None,137,20,49,"1,666.69",3.6%,"78,727.66","56,293.69","22,433.97",E-Wallet,FALSE,3.8,FALSE,FALSE
R02167,2026-05-17,???????,TRUE,C,Beauty,Member Day,155,31,99,748.06,7.9%,"68,206.96","33,653.73","34,553.23",Credit Card,FALSE,4.6,FALSE,FALSE
R02400,2026-05-17,???????,TRUE,C,Electronics,None,131,20,35,"2,555.96",4.8%,"85,164.45","65,655.26","19,509.19",Credit Card,FALSE,4.2,FALSE,FALSE
R02507,2026-05-17,???????,TRUE,C,Fashion,Weekend Boost,152,21,132,664.77,7.7%,"80,992.47","43,133.48","37,858.99",Credit Card,FALSE,4.4,FALSE,FALSE
R00968,2026-05-17,???????,TRUE,D,Sports,None,92,19,73,91.91,1.4%,"6,615.17","3,969.97","2,645.20",Credit Card,FALSE,5,FALSE,FALSE
R01661,2026-05-17,???????,TRUE,D,Beauty,None,161,26,108,687.60,4.3%,"71,067.38","35,129.25","35,938.13",Cash,FALSE,4.2,FALSE,FALSE
R02243,2026-05-17,???????,TRUE,D,Home & Living,None,182,29,115,"1,092.65",3.2%,"121,633.33","76,112.95","45,520.38",QR Payment,FALSE,3.8,FALSE,FALSE
R02682,2026-05-17,???????,TRUE,D,Beauty,None,59,15,30,473.74,2.0%,"13,927.99","7,396.77","6,531.22",Credit Card,FALSE,4.1,FALSE,FALSE
R01421,2026-05-17,???????,TRUE,E,Sports,Clearance Sale,148,28,87,874.71,19.0%,"61,641.03","37,069.62","24,571.41",Mobile Banking,FALSE,4.7,FALSE,FALSE
R01643,2026-05-17,???????,TRUE,E,Fashion,None,184,28,167,708.27,2.3%,"115,561.38","62,294.18","53,267.20",Credit Card,FALSE,4.8,FALSE,FALSE
R01863,2026-05-17,???????,TRUE,E,Food & Beverage,None,120,23,156,270.49,2.7%,"41,056.77","25,394.79","15,661.98",E-Wallet,FALSE,4.8,FALSE,FALSE
R02079,2026-05-17,???????,TRUE,E,Beauty,None,127,22,103,661.44,2.6%,"66,357.26","33,752.39","32,604.87",Mobile Banking,FALSE,4.7,FALSE,FALSE
R02188,2026-05-17,???????,TRUE,E,Home & Living,None,74,18,45,120.45,2.2%,"5,301.10","3,478.45","1,822.65",Cash,FALSE,5,FALSE,FALSE
R02438,2026-05-17,???????,TRUE,E,Food & Beverage,None,193,30,241,525.66,3.8%,"121,870.74","75,178.35","46,692.39",Credit Card,FALSE,4.2,FALSE,FALSE
R02508,2026-05-17,???????,TRUE,E,Electronics,None,155,26,69,"1,181.48",1.2%,"80,544.16","57,373.49","23,170.67",Mobile Banking,FALSE,3.3,FALSE,FALSE
R01633,2026-05-18,??????,FALSE,A,Home & Living,None,153,29,88,939.48,2.9%,"80,276.67","52,642.61","27,634.06",Mobile Banking,FALSE,4.7,FALSE,FALSE
R02394,2026-05-18,??????,FALSE,A,Beauty,None,133,22,111,747.07,4.8%,"78,944.25","40,253.15","38,691.10",Credit Card,FALSE,4.5,FALSE,FALSE
R00599,2026-05-18,??????,FALSE,B,Home & Living,None,60,15,50,289.21,4.4%,"13,824.26","9,232.92","4,591.34",Credit Card,FALSE,4.1,FALSE,FALSE
R01029,2026-05-18,??????,FALSE,B,Fashion,None,116,23,78,484.18,4.7%,"35,990.82","20,611.50","15,379.32",E-Wallet,FALSE,4.7,FALSE,FALSE
R01253,2026-05-18,??????,FALSE,B,Home & Living,Payday Promo,128,19,73,"1,352.84",12.0%,"86,906.18","59,084.50","27,821.68",Credit Card,FALSE,5,FALSE,FALSE
R02559,2026-05-18,??????,FALSE,B,Electronics,None,131,20,31,"2,959.31",3.1%,"88,894.79","64,968.78","23,926.01",Cash,FALSE,4.2,FALSE,FALSE
R02653,2026-05-18,??????,FALSE,B,Fashion,None,123,23,101,683.87,2.3%,"67,482.30","39,970.87","27,511.43",QR Payment,FALSE,4.5,FALSE,FALSE
R02290,2026-05-18,??????,FALSE,C,Sports,Member Day,138,19,92,"1,225.08",8.1%,"103,577.72","61,956.07","41,621.65",QR Payment,FALSE,4.3,FALSE,FALSE
R02495,2026-05-18,??????,FALSE,C,Electronics,Payday Promo,130,14,59,"2,143.85",9.5%,"114,470.78","78,508.20","35,962.58",Credit Card,TRUE,3.9,FALSE,FALSE
R02511,2026-05-18,??????,FALSE,C,Home & Living,None,122,18,65,904.64,1.4%,"57,978.33","36,695.51","21,282.82",Mobile Banking,FALSE,4.1,FALSE,FALSE
R02603,2026-05-18,??????,FALSE,C,Fashion,Clearance Sale,89,18,90,348.11,18.7%,"25,470.92","14,287.72","11,183.20",Mobile Banking,FALSE,5,FALSE,FALSE
R00387,2026-05-18,??????,FALSE,D,Food & Beverage,None,47,8,41,75.36,2.9%,"3,000.00","1,954.06","1,045.94",QR Payment,FALSE,4.1,FALSE,FALSE
R01895,2026-05-18,??????,FALSE,D,Home & Living,None,113,18,49,"1,254.41",0.0%,"61,466.23","40,490.13","20,976.10",Credit Card,FALSE,3.7,FALSE,FALSE
R02478,2026-05-18,??????,FALSE,D,Beauty,None,175,32,138,748.17,4.6%,"98,497.49","52,101.80","46,395.69",QR Payment,FALSE,3.3,FALSE,FALSE
R02604,2026-05-18,??????,FALSE,D,Food & Beverage,None,139,25,172,390.85,3.9%,"64,603.61","41,587.82","23,015.79",QR Payment,FALSE,4.2,FALSE,FALSE
R01476,2026-05-18,??????,FALSE,E,Electronics,None,159,25,72,"1,164.46",3.0%,"81,325.99","59,799.57","21,526.42",QR Payment,FALSE,5,FALSE,FALSE
R00261,2026-05-19,??????,FALSE,A,Fashion,None,129,21,121,706.19,0.8%,"84,765.00","46,438.83","38,326.17",QR Payment,FALSE,3.8,FALSE,FALSE
R01694,2026-05-19,??????,FALSE,A,Sports,None,113,17,57,"1,022.54",3.2%,"56,419.49","32,207.66","24,211.83",Cash,FALSE,3.6,FALSE,FALSE
R02857,2026-05-19,??????,FALSE,A,Fashion,None,101,16,115,388.67,5.2%,"42,372.47","25,100.47","17,272.00",Credit Card,FALSE,3.3,FALSE,FALSE
R00036,2026-05-19,??????,FALSE,B,Home & Living,None,123,19,51,"1,494.37",4.1%,"73,088.22","46,714.12","26,374.10",E-Wallet,FALSE,4.2,FALSE,FALSE
R00295,2026-05-19,??????,FALSE,C,Home & Living,Weekend Boost,93,15,56,860.12,9.1%,"43,783.66","28,569.03","15,214.63",QR Payment,FALSE,4.7,FALSE,FALSE
R01087,2026-05-19,??????,FALSE,C,Food & Beverage,None,100,18,109,454.57,5.1%,"47,020.79","29,532.25","17,488.54",Credit Card,FALSE,4.5,FALSE,FALSE
R01218,2026-05-19,??????,FALSE,C,Sports,Weekend Boost,135,26,69,"1,173.46",6.4%,"75,786.45","44,060.74","31,725.71",Cash,FALSE,4.9,FALSE,FALSE
R00490,2026-05-20,???,FALSE,A,Home & Living,Weekend Boost,83,12,41,909.48,4.6%,"35,573.47","23,149.40","12,424.07",Cash,TRUE,4.1,FALSE,FALSE
R00767,2026-05-20,???,FALSE,A,Fashion,None,114,19,111,534.13,6.8%,"55,256.57","32,936.20","22,320.37",Credit Card,FALSE,5,FALSE,FALSE
R01259,2026-05-20,???,FALSE,A,Food & Beverage,Clearance Sale,170,24,218,623.03,20.0%,"108,655.80","67,181.62","41,474.18",E-Wallet,TRUE,3.8,FALSE,FALSE
R00154,2026-05-20,???,FALSE,B,Beauty,None,130,23,93,656.43,3.0%,"59,216.45","28,646.89","30,569.56",Cash,FALSE,3.5,FALSE,FALSE
R01366,2026-05-20,???,FALSE,B,Sports,Payday Promo,68,17,10,"1,853.41",12.8%,"16,161.73","9,080.63","7,081.10",Credit Card,FALSE,4.9,FALSE,FALSE
R00646,2026-05-20,???,FALSE,C,Fashion,None,184,27,168,687.93,2.9%,"112,221.09","65,347.63","46,873.46",QR Payment,FALSE,4,FALSE,FALSE
R00831,2026-05-20,???,FALSE,C,Fashion,None,155,22,124,926.20,3.1%,"111,288.30","63,284.61","48,003.69",QR Payment,FALSE,3.5,FALSE,FALSE
R02457,2026-05-20,???,FALSE,C,Fashion,Weekend Boost,175,28,175,717.17,10.9%,"111,824.53","68,070.56","43,753.97",Mobile Banking,FALSE,4.4,FALSE,FALSE
R00012,2026-05-20,???,FALSE,D,Home & Living,None,103,20,54,884.24,1.9%,"46,841.65","29,175.47","17,666.18",Credit Card,FALSE,3.3,FALSE,FALSE
R00502,2026-05-20,???,FALSE,D,Food & Beverage,None,141,23,168,516.32,2.8%,"84,313.23","53,378.08","30,935.15",Cash,FALSE,4.3,FALSE,FALSE
R01208,2026-05-20,???,FALSE,D,Food & Beverage,Weekend Boost,107,17,140,541.16,9.2%,"68,792.40","42,453.16","26,339.24",Credit Card,FALSE,4.6,FALSE,FALSE
R00896,2026-05-20,???,FALSE,E,Electronics,None,132,17,59,"1,670.97",2.1%,"96,516.95","69,425.30","27,091.65",Cash,FALSE,3.8,FALSE,FALSE
R01049,2026-05-20,???,FALSE,E,Electronics,Payday Promo,115,22,36,"2,004.76",10.6%,"64,521.30","47,238.93","17,282.37",QR Payment,FALSE,5,FALSE,FALSE
R01676,2026-05-20,???,FALSE,E,Beauty,None,39,15,27,113.96,2.5%,"3,000.00","1,431.34","1,568.66",Mobile Banking,FALSE,4.2,FALSE,FALSE
R02011,2026-05-21,????????,FALSE,A,Beauty,Payday Promo,147,29,124,685.14,11.4%,"75,272.71","36,529.56","38,743.15",Mobile Banking,FALSE,3.9,FALSE,FALSE
R02244,2026-05-21,????????,FALSE,A,Fashion,Clearance Sale,69,18,49,98.43,19.5%,"3,882.74","2,245.31","1,637.43",Mobile Banking,FALSE,4.1,FALSE,FALSE
R01336,2026-05-21,????????,FALSE,B,Electronics,None,119,20,44,"1,638.23",3.3%,"69,703.58","50,653.33","19,050.25",QR Payment,FALSE,4.7,FALSE,FALSE
R01919,2026-05-21,????????,FALSE,B,Beauty,None,94,19,63,571.21,5.0%,"34,187.10","16,825.88","17,361.22",Cash,FALSE,4.8,FALSE,FALSE
R02520,2026-05-21,????????,FALSE,B,Fashion,Payday Promo,185,25,136,"1,079.04",10.8%,"130,899.96","75,928.57","54,971.39",Credit Card,FALSE,5,FALSE,FALSE
R02738,2026-05-21,????????,FALSE,B,Food & Beverage,None,125,22,127,388.43,3.1%,"47,801.77","27,942.49","19,859.28",E-Wallet,FALSE,4,FALSE,FALSE
R00869,2026-05-21,????????,FALSE,C,Food & Beverage,Member Day,170,23,199,584.90,5.7%,"109,760.71","66,306.48","43,454.23",Credit Card,FALSE,4,FALSE,FALSE
R01095,2026-05-21,????????,FALSE,C,Sports,Member Day,111,23,86,391.77,8.4%,"30,861.97","17,978.29","12,883.68",E-Wallet,FALSE,4.8,FALSE,FALSE
R01535,2026-05-21,????????,FALSE,C,Beauty,None,123,23,103,584.08,3.5%,"58,054.95","31,753.21","26,301.74",QR Payment,FALSE,4.4,FALSE,FALSE
R01964,2026-05-21,????????,FALSE,C,Food & Beverage,None,124,23,176,381.83,3.2%,"65,051.78","41,816.92","23,234.86",Credit Card,FALSE,5,FALSE,FALSE
R02816,2026-05-21,????????,FALSE,C,Food & Beverage,None,159,29,177,476.39,3.5%,"81,370.37","46,730.22","34,640.15",Credit Card,FALSE,3.6,FALSE,FALSE
R00892,2026-05-21,????????,FALSE,D,Home & Living,Member Day,146,24,92,"1,113.88",8.7%,"93,561.46","59,208.13","34,353.33",Mobile Banking,FALSE,4.6,FALSE,FALSE
R02017,2026-05-21,????????,FALSE,D,Home & Living,None,161,25,80,"1,188.08",3.4%,"91,814.74","55,505.58","36,309.16",Mobile Banking,FALSE,4.1,FALSE,FALSE
R02528,2026-05-21,????????,FALSE,D,Home & Living,None,162,28,86,917.83,3.7%,"76,013.09","50,346.14","25,666.95",Credit Card,TRUE,3.2,FALSE,FALSE
R00411,2026-05-21,????????,FALSE,E,Home & Living,Clearance Sale,117,17,68,"1,026.01",18.0%,"57,210.32","37,617.92","19,592.40",E-Wallet,FALSE,4.9,FALSE,FALSE
R02880,2026-05-22,?????,FALSE,A,Food & Beverage,Clearance Sale,157,26,179,554.65,18.0%,"81,411.16","51,268.17","30,142.99",Mobile Banking,FALSE,4,FALSE,FALSE
R00199,2026-05-22,?????,FALSE,B,Home & Living,None,90,16,56,577.80,2.8%,"31,450.63","20,041.23","11,409.40",E-Wallet,FALSE,4.2,FALSE,FALSE
R00769,2026-05-22,?????,FALSE,B,Fashion,Weekend Boost,140,23,103,"1,085.98",5.6%,"105,591.53","60,496.59","45,094.94",Cash,TRUE,4.3,FALSE,FALSE
R01156,2026-05-22,?????,FALSE,B,Electronics,Payday Promo,205,33,90,"1,305.10",9.9%,"105,830.59","79,607.51","26,223.08",E-Wallet,FALSE,5,FALSE,FALSE
R01590,2026-05-22,?????,FALSE,B,Home & Living,None,168,22,106,"1,304.93",1.8%,"135,832.35","86,965.96","48,866.39",E-Wallet,FALSE,4.5,FALSE,FALSE
R01802,2026-05-22,?????,FALSE,B,Sports,None,133,21,81,985.82,3.1%,"77,376.32","44,154.65","33,221.67",QR Payment,FALSE,4.3,FALSE,FALSE
R02693,2026-05-22,?????,FALSE,B,Electronics,None,127,27,37,"1,578.81",3.1%,"56,605.12","39,830.60","16,774.52",QR Payment,FALSE,3.9,FALSE,FALSE
R02974,2026-05-22,?????,FALSE,B,Food & Beverage,None,92,19,95,369.30,5.3%,"33,223.65","20,849.68","12,373.97",QR Payment,FALSE,4.4,FALSE,FALSE
R00207,2026-05-22,?????,FALSE,C,Food & Beverage,None,101,24,130,213.47,0.7%,"27,556.21","17,185.88","10,370.33",Credit Card,FALSE,4.3,FALSE,FALSE
R00213,2026-05-22,?????,FALSE,C,Fashion,Member Day,120,18,106,876.61,9.1%,"84,464.56","50,412.95","34,051.61",Credit Card,FALSE,4.4,FALSE,FALSE
R00299,2026-05-22,?????,FALSE,C,Fashion,Member Day,118,23,100,463.34,7.2%,"42,997.96","25,741.63","17,256.33",E-Wallet,FALSE,4.3,FALSE,FALSE
R02007,2026-05-22,?????,FALSE,C,Home & Living,None,162,25,86,"1,252.15",2.8%,"104,669.40","65,044.46","39,624.94",Credit Card,FALSE,3.8,FALSE,FALSE
R02888,2026-05-22,?????,FALSE,C,Fashion,None,142,23,123,679.89,3.6%,"80,615.73","48,208.87","32,406.86",Credit Card,FALSE,4.1,FALSE,FALSE
R02955,2026-05-22,?????,FALSE,C,Fashion,Member Day,117,17,100,980.22,7.6%,"90,572.28","53,396.11","37,176.17",Credit Card,FALSE,4.9,FALSE,FALSE
R00964,2026-05-22,?????,FALSE,D,Fashion,None,119,18,73,"1,005.26",0.4%,"73,090.16","43,023.71","30,066.45",Credit Card,FALSE,4.3,FALSE,FALSE
R01080,2026-05-22,?????,FALSE,D,Food & Beverage,Weekend Boost,156,26,190,415.97,7.5%,"73,107.58","46,735.80","26,371.78",Cash,FALSE,4.7,FALSE,FALSE
R02747,2026-05-22,?????,FALSE,D,Beauty,Member Day,143,24,122,631.39,7.5%,"71,252.59","35,526.45","35,726.14",QR Payment,FALSE,3.6,FALSE,FALSE
R00872,2026-05-22,?????,FALSE,E,Food & Beverage,None,109,16,144,512.39,0.3%,"73,562.77","44,634.49","28,928.28",QR Payment,FALSE,4.8,FALSE,FALSE
R00132,2026-05-23,?????,TRUE,A,Beauty,Member Day,158,28,118,706.16,6.0%,"78,327.46","37,914.17","40,413.29",QR Payment,FALSE,4,FALSE,FALSE
R00677,2026-05-23,?????,TRUE,A,Beauty,Weekend Boost,143,24,109,964.14,8.4%,"96,264.03","47,961.65","48,302.38",QR Payment,FALSE,4,FALSE,FALSE
R02877,2026-05-23,?????,TRUE,A,Fashion,None,134,27,109,479.01,5.7%,"49,235.68","28,443.79","20,791.89",QR Payment,FALSE,4.3,FALSE,FALSE
R00811,2026-05-23,?????,TRUE,B,Food & Beverage,None,80,22,104,30.11,4.2%,"3,000.00","1,852.65","1,147.35",QR Payment,FALSE,3.8,FALSE,FALSE
R02588,2026-05-23,?????,TRUE,B,Food & Beverage,Member Day,102,18,122,465.15,8.2%,"52,095.01","34,115.28","17,979.73",QR Payment,FALSE,4,FALSE,FALSE
R00436,2026-05-23,?????,TRUE,C,Electronics,Payday Promo,51,11,26,782.24,10.2%,"18,263.65","13,738.50","4,525.15",QR Payment,FALSE,4,FALSE,FALSE
R00438,2026-05-23,?????,TRUE,C,Food & Beverage,Member Day,167,24,185,623.62,7.6%,"106,602.16","65,226.79","41,375.37",Mobile Banking,FALSE,4.9,FALSE,FALSE
R01918,2026-05-23,?????,TRUE,D,Electronics,Clearance Sale,146,27,45,"2,148.73",20.0%,"77,354.30","54,829.53","22,524.77",Mobile Banking,FALSE,4.7,FALSE,FALSE
R02490,2026-05-23,?????,TRUE,D,Food & Beverage,None,163,27,203,486.43,0.4%,"98,351.03","58,277.11","40,073.92",E-Wallet,FALSE,4.2,FALSE,FALSE
R02572,2026-05-23,?????,TRUE,D,Beauty,None,117,20,102,484.16,4.4%,"47,211.70","22,810.27","24,401.43",Credit Card,FALSE,4.6,FALSE,FALSE
R00287,2026-05-23,?????,TRUE,E,Fashion,Member Day,74,19,71,45.43,7.0%,"3,000.00","1,786.15","1,213.85",Credit Card,FALSE,3.7,FALSE,FALSE
R01828,2026-05-23,?????,TRUE,E,Electronics,Member Day,117,22,54,"1,385.89",8.0%,"68,851.23","48,656.19","20,195.04",Credit Card,FALSE,4.6,FALSE,FALSE
R00402,2026-05-24,???????,TRUE,A,Home & Living,Clearance Sale,139,22,91,964.73,19.0%,"71,110.10","45,325.09","25,785.01",Mobile Banking,FALSE,5,FALSE,FALSE
R01215,2026-05-24,???????,TRUE,A,Sports,None,131,20,78,"1,015.71",5.5%,"74,867.95","42,875.27","31,992.68",Credit Card,FALSE,4.1,FALSE,FALSE
R01807,2026-05-24,???????,TRUE,A,Electronics,Member Day,128,20,45,"2,195.29",8.6%,"90,292.39","67,761.70","22,530.69",Credit Card,FALSE,4.3,FALSE,FALSE
R02754,2026-05-24,???????,TRUE,A,Home & Living,Payday Promo,147,20,73,"1,572.59",8.7%,"104,811.42","70,928.21","33,883.21",Credit Card,FALSE,4.1,FALSE,FALSE
R02977,2026-05-24,???????,TRUE,A,Fashion,None,130,20,116,703.62,3.1%,"79,090.01","46,879.27","32,210.74",Mobile Banking,FALSE,4.9,FALSE,FALSE
R00588,2026-05-24,???????,TRUE,B,Food & Beverage,Payday Promo,110,19,132,370.06,8.8%,"44,549.02","25,826.92","18,722.10",QR Payment,FALSE,4.2,FALSE,FALSE
R00908,2026-05-24,???????,TRUE,B,Food & Beverage,Weekend Boost,182,22,199,732.91,7.6%,"134,764.45","82,310.80","52,453.65",Credit Card,FALSE,3.6,FALSE,FALSE
R01238,2026-05-24,???????,TRUE,B,Fashion,Member Day,167,27,142,719.64,7.2%,"94,831.69","55,457.59","39,374.10",Credit Card,FALSE,4.9,FALSE,FALSE
R00427,2026-05-24,???????,TRUE,C,Food & Beverage,None,155,24,180,535.10,3.9%,"92,560.74","58,076.21","34,484.53",Cash,FALSE,4.8,FALSE,FALSE
R00632,2026-05-24,???????,TRUE,C,Fashion,None,64,14,31,100.81,4.0%,"3,000.00","1,874.05","1,125.95",Mobile Banking,FALSE,4.7,FALSE,FALSE
R00756,2026-05-24,???????,TRUE,C,Fashion,Member Day,164,29,166,551.58,6.0%,"86,069.25","50,378.37","35,690.88",Credit Card,FALSE,4.7,FALSE,FALSE
R01666,2026-05-24,???????,TRUE,C,Electronics,None,179,27,62,"1,933.81",4.0%,"115,100.17","81,429.21","33,670.96",Credit Card,FALSE,4.3,FALSE,FALSE
R01827,2026-05-24,???????,TRUE,C,Beauty,None,170,24,134,917.91,5.9%,"115,742.93","54,773.20","60,969.73",Credit Card,FALSE,3.4,FALSE,FALSE
R02973,2026-05-24,???????,TRUE,C,Sports,Weekend Boost,160,27,89,"1,003.29",9.3%,"80,988.59","46,024.02","34,964.57",Credit Card,TRUE,3.7,FALSE,FALSE
R01241,2026-05-24,???????,TRUE,D,Electronics,None,143,26,52,"1,370.09",2.3%,"69,605.97","47,461.65","22,144.32",Mobile Banking,FALSE,4.3,FALSE,FALSE
R01699,2026-05-24,???????,TRUE,D,Home & Living,Payday Promo,158,24,94,"1,198.91",9.8%,"101,653.05","66,871.23","34,781.82",Mobile Banking,FALSE,4.2,FALSE,FALSE
R01048,2026-05-24,???????,TRUE,E,Beauty,None,246,33,186,948.79,3.5%,"170,298.20","87,232.04","83,066.16",Mobile Banking,FALSE,3.8,FALSE,FALSE
R01952,2026-05-24,???????,TRUE,E,Home & Living,Member Day,88,14,70,516.42,8.2%,"33,184.92","22,879.60","10,305.32",E-Wallet,FALSE,4.3,FALSE,FALSE
R02531,2026-05-24,???????,TRUE,E,Home & Living,None,102,23,34,856.80,5.0%,"27,674.54","18,482.12","9,192.42",Credit Card,FALSE,3.8,FALSE,FALSE
R02948,2026-05-24,???????,TRUE,E,Fashion,None,102,18,85,633.31,4.3%,"51,516.23","30,447.71","21,068.52",E-Wallet,FALSE,3.6,FALSE,FALSE
R02960,2026-05-24,???????,TRUE,E,Home & Living,Payday Promo,91,18,47,766.82,11.1%,"32,039.84","20,334.05","11,705.79",E-Wallet,FALSE,4.7,FALSE,FALSE
R00746,2026-05-25,??????,FALSE,A,Electronics,None,91,19,27,"3,425.07",2.4%,"90,257.54","66,714.75","23,542.79",Mobile Banking,FALSE,4.5,TRUE,FALSE
R01123,2026-05-25,??????,FALSE,A,Food & Beverage,Weekend Boost,128,22,163,524.52,6.8%,"79,682.27","49,082.73","30,599.54",Mobile Banking,FALSE,4.1,FALSE,FALSE
R01912,2026-05-25,??????,FALSE,A,Food & Beverage,None,134,21,156,410.35,2.5%,"62,414.14","37,271.34","25,142.80",E-Wallet,FALSE,4.2,FALSE,FALSE
R02637,2026-05-25,??????,FALSE,A,Fashion,Weekend Boost,96,10,104,764.44,6.7%,"74,174.92","40,582.18","33,592.74",Credit Card,FALSE,3.6,FALSE,FALSE
R00944,2026-05-25,??????,FALSE,B,Beauty,None,220,29,167,"1,063.97",4.5%,"169,686.91","86,504.90","83,182.01",E-Wallet,FALSE,4.1,FALSE,FALSE
R00981,2026-05-25,??????,FALSE,B,Fashion,None,189,31,172,623.32,2.2%,"104,852.45","53,902.92","50,949.53",Cash,TRUE,4,FALSE,FALSE
R01282,2026-05-25,??????,FALSE,B,Electronics,None,194,29,84,"1,384.03",4.6%,"110,910.66","81,600.84","29,309.82",Credit Card,FALSE,3.1,FALSE,FALSE
R02009,2026-05-25,??????,FALSE,B,Food & Beverage,Payday Promo,86,18,86,322.06,9.4%,"25,093.35","15,118.63","9,974.72",Credit Card,FALSE,4.9,FALSE,FALSE
R02845,2026-05-25,??????,FALSE,B,Beauty,Clearance Sale,140,23,95,983.83,18.6%,"76,079.71","38,537.98","37,541.73",Mobile Banking,FALSE,5,FALSE,FALSE
R00171,2026-05-25,??????,FALSE,C,Home & Living,None,81,16,30,819.12,2.9%,"23,860.90","15,801.02","8,059.88",QR Payment,FALSE,3.6,FALSE,FALSE
R00711,2026-05-25,??????,FALSE,C,Fashion,None,127,29,116,373.11,5.8%,"40,770.28","23,811.73","16,958.55",Credit Card,FALSE,3.9,FALSE,FALSE
R01508,2026-05-25,??????,FALSE,C,Fashion,Member Day,148,22,110,843.17,8.5%,"84,865.19","46,403.64","38,461.55",Credit Card,FALSE,3.7,FALSE,FALSE
R01630,2026-05-25,??????,FALSE,C,Food & Beverage,Weekend Boost,184,28,231,613.65,6.9%,"131,971.19","83,078.62","48,892.57",Credit Card,FALSE,4.6,FALSE,FALSE
R02757,2026-05-25,??????,FALSE,C,Home & Living,None,117,24,57,"1,000.62",3.5%,"55,038.96","35,780.14","19,258.82",E-Wallet,FALSE,4.8,FALSE,FALSE
R00060,2026-05-25,??????,FALSE,D,Fashion,Payday Promo,133,24,114,769.13,7.2%,"81,368.04","47,292.96","34,075.08",Credit Card,FALSE,4.6,FALSE,FALSE
R00139,2026-05-25,??????,FALSE,D,Beauty,Weekend Boost,120,23,73,"1,038.93",7.2%,"70,381.57","34,001.13","36,380.44",E-Wallet,FALSE,3.7,FALSE,FALSE
R00444,2026-05-25,??????,FALSE,D,Food & Beverage,Member Day,157,20,194,603.51,8.1%,"107,596.74","64,845.69","42,751.05",QR Payment,FALSE,4.7,FALSE,FALSE
R00532,2026-05-25,??????,FALSE,D,Food & Beverage,None,104,19,114,412.84,3.7%,"45,322.25","28,142.54","17,179.71",Cash,FALSE,4,FALSE,FALSE
R02169,2026-05-25,??????,FALSE,D,Food & Beverage,None,137,27,155,375.25,6.3%,"54,499.08","31,644.54","22,854.54",Mobile Banking,FALSE,4,FALSE,FALSE
R02517,2026-05-25,??????,FALSE,D,Sports,None,159,26,75,"1,238.96",4.8%,"88,461.96","53,262.57","35,199.39",Mobile Banking,FALSE,3.9,FALSE,FALSE
R00666,2026-05-25,??????,FALSE,E,Fashion,Member Day,141,25,113,779.22,8.7%,"80,391.04","46,277.07","34,113.97",E-Wallet,FALSE,4.4,FALSE,FALSE
R01816,2026-05-25,??????,FALSE,E,Home & Living,Weekend Boost,110,14,52,"1,476.94",6.5%,"71,808.78","49,443.92","22,364.86",Credit Card,FALSE,4.3,FALSE,FALSE
R02218,2026-05-25,??????,FALSE,E,Home & Living,Clearance Sale,112,17,69,"1,002.75",16.8%,"57,565.85","37,131.44","20,434.41",E-Wallet,FALSE,4.3,FALSE,FALSE
R02239,2026-05-25,??????,FALSE,E,Home & Living,None,98,16,58,881.52,2.1%,"50,054.20","32,858.42","17,195.78",Mobile Banking,FALSE,4.5,FALSE,FALSE
R02525,2026-05-25,??????,FALSE,E,Home & Living,None,102,21,47,"1,039.54",2.9%,"47,441.41","29,257.07","18,184.34",Credit Card,FALSE,3.4,FALSE,FALSE
R00138,2026-05-26,??????,FALSE,A,Fashion,Weekend Boost,48,12,58,282.57,8.0%,"15,077.80","8,362.81","6,714.99",E-Wallet,FALSE,4.1,FALSE,FALSE
R00182,2026-05-26,??????,FALSE,A,Fashion,Payday Promo,119,21,97,784.20,10.0%,"68,460.31","41,159.68","27,300.63",E-Wallet,FALSE,4.5,FALSE,FALSE
R00079,2026-05-26,??????,FALSE,B,Home & Living,None,104,17,64,616.22,2.8%,"38,333.99","24,572.92","13,761.07",QR Payment,FALSE,4.4,FALSE,FALSE
R02140,2026-05-26,??????,FALSE,B,Home & Living,None,130,26,72,584.54,2.2%,"41,161.28","25,465.99","15,695.29",Credit Card,FALSE,3.8,FALSE,FALSE
R00310,2026-05-26,??????,FALSE,C,Food & Beverage,None,138,23,176,508.98,5.2%,"84,922.98","53,334.93","31,588.05",Credit Card,FALSE,4.1,FALSE,FALSE
R00373,2026-05-26,??????,FALSE,D,Food & Beverage,Payday Promo,173,24,220,560.39,9.5%,"111,574.41","70,962.92","40,611.49",Mobile Banking,FALSE,3.5,FALSE,FALSE
R01188,2026-05-26,??????,FALSE,D,Fashion,Payday Promo,133,20,122,794.69,8.7%,"88,517.51","53,514.34","35,003.17",QR Payment,FALSE,4.8,FALSE,FALSE
R02429,2026-05-26,??????,FALSE,D,Food & Beverage,None,76,17,99,76.82,4.7%,"7,247.94","4,631.22","2,616.72",Credit Card,FALSE,3.9,FALSE,FALSE
R02538,2026-05-26,??????,FALSE,D,Beauty,None,117,25,69,516.86,2.3%,"34,842.78","17,231.69","17,611.09",QR Payment,FALSE,4.6,FALSE,FALSE
R02593,2026-05-26,??????,FALSE,D,Food & Beverage,None,223,27,260,647.81,4.0%,"161,692.83","106,312.21","55,380.62",E-Wallet,FALSE,4.4,FALSE,FALSE
R02744,2026-05-26,??????,FALSE,D,Electronics,Clearance Sale,133,24,48,"1,668.58",16.8%,"66,636.53","47,097.84","19,538.69",Credit Card,FALSE,4.2,FALSE,FALSE
R02852,2026-05-26,??????,FALSE,D,Fashion,Member Day,167,29,132,593.16,6.2%,"73,442.16","42,773.99","30,668.17",QR Payment,FALSE,5,FALSE,FALSE
R00070,2026-05-26,??????,FALSE,E,Sports,None,89,15,66,648.98,3.4%,"41,376.50","23,863.37","17,513.13",Cash,FALSE,4.7,FALSE,FALSE
R00930,2026-05-26,??????,FALSE,E,Fashion,Weekend Boost,132,20,112,748.06,10.3%,"75,153.50","44,174.47","30,979.03",E-Wallet,FALSE,3.5,FALSE,FALSE
R01235,2026-05-26,??????,FALSE,E,Sports,Member Day,104,18,53,"1,299.17",9.6%,"62,245.63","33,224.07","29,021.56",Cash,FALSE,4.2,FALSE,FALSE
R02096,2026-05-26,??????,FALSE,E,Sports,None,89,21,59,95.82,2.3%,"5,523.42","3,195.93","2,327.49",QR Payment,FALSE,4.8,FALSE,FALSE
R02149,2026-05-26,??????,FALSE,E,Fashion,None,131,27,95,683.41,1.7%,"63,819.93","37,324.12","26,495.81",Credit Card,FALSE,4.4,FALSE,FALSE
R02642,2026-05-26,??????,FALSE,E,Electronics,None,71,15,23,532.71,2.6%,"11,933.76","8,704.86","3,228.90",Credit Card,FALSE,5,FALSE,FALSE
R00719,2026-05-27,???,FALSE,A,Food & Beverage,None,139,25,172,436.82,4.5%,"71,752.77","47,253.24","24,499.53",Cash,FALSE,4.2,FALSE,FALSE
R01511,2026-05-27,???,FALSE,A,Home & Living,Weekend Boost,164,26,89,"1,325.68",6.4%,"110,434.40","66,887.28","43,547.12",Cash,FALSE,4.5,FALSE,FALSE
R00144,2026-05-27,???,FALSE,B,Food & Beverage,None,140,22,165,594.79,0.7%,"97,453.83","60,262.83","37,191.00",Cash,FALSE,5,FALSE,FALSE
R00781,2026-05-27,???,FALSE,B,Electronics,None,179,27,63,"1,691.93",3.4%,"102,967.41","72,503.76","30,463.65",Credit Card,FALSE,4.2,FALSE,FALSE
R01247,2026-05-27,???,FALSE,B,Food & Beverage,None,107,19,138,302.17,1.7%,"40,991.16","24,032.91","16,958.25",Mobile Banking,FALSE,4.1,FALSE,FALSE
R01595,2026-05-27,???,FALSE,B,Fashion,None,103,21,94,450.86,3.5%,"40,897.82","23,788.15","17,109.67",QR Payment,FALSE,4.9,FALSE,FALSE
R02882,2026-05-27,???,FALSE,B,Home & Living,None,67,17,35,96.51,3.0%,"3,276.42","2,143.45","1,132.97",E-Wallet,FALSE,4.5,FALSE,FALSE
R01167,2026-05-27,???,FALSE,C,Home & Living,Payday Promo,120,24,74,868.83,10.8%,"57,349.69","37,179.43","20,170.26",Mobile Banking,FALSE,4.6,FALSE,FALSE
R01410,2026-05-27,???,FALSE,C,Food & Beverage,None,201,27,243,637.74,5.8%,"145,982.25","92,020.11","53,962.14",Cash,FALSE,3.8,FALSE,FALSE
R02143,2026-05-27,???,FALSE,C,Sports,Weekend Boost,163,21,102,"1,323.29",5.7%,"127,281.96","70,822.09","56,459.87",E-Wallet,FALSE,4.4,FALSE,FALSE
R02622,2026-05-27,???,FALSE,C,Fashion,Payday Promo,117,15,92,926.38,9.9%,"76,789.50","43,567.63","33,221.87",QR Payment,FALSE,5,FALSE,FALSE
R01471,2026-05-27,???,FALSE,D,Fashion,None,180,28,141,897.59,4.0%,"121,497.13","69,715.20","51,781.93",Cash,FALSE,3.9,FALSE,FALSE
R02930,2026-05-27,???,FALSE,D,Sports,None,188,24,126,"1,087.19",0.2%,"136,712.23","78,219.10","58,493.13",Mobile Banking,FALSE,4.6,FALSE,FALSE
R00919,2026-05-27,???,FALSE,E,Food & Beverage,Weekend Boost,170,22,190,714.32,7.3%,"125,813.40","75,096.30","50,717.10",Credit Card,FALSE,4.2,FALSE,FALSE
R01187,2026-05-27,???,FALSE,E,Food & Beverage,Weekend Boost,149,22,204,567.87,8.0%,"106,577.15","65,182.99","41,394.16",Credit Card,FALSE,5,FALSE,FALSE
R02076,2026-05-27,???,FALSE,E,Fashion,None,125,22,116,610.07,1.3%,"69,848.17","40,551.66","29,296.51",E-Wallet,FALSE,4.1,FALSE,FALSE
R02873,2026-05-27,???,FALSE,E,Electronics,None,127,11,60,"1,894.45",0.0%,"113,666.84","83,765.32","29,901.52",QR Payment,FALSE,3.5,FALSE,FALSE
R00506,2026-05-28,????????,FALSE,A,Home & Living,None,141,22,77,"1,296.71",0.6%,"99,247.91","64,057.62","35,190.29",Credit Card,FALSE,3.8,FALSE,FALSE
R01589,2026-05-28,????????,FALSE,A,Electronics,None,171,27,94,"1,117.77",4.1%,"100,762.10","71,959.93","28,802.17",E-Wallet,FALSE,4.5,FALSE,FALSE
R00918,2026-05-28,????????,FALSE,B,Fashion,Payday Promo,122,17,119,767.48,9.2%,"82,928.07","49,787.77","33,140.30",Cash,FALSE,4.2,FALSE,FALSE
R01555,2026-05-28,????????,FALSE,B,Food & Beverage,None,150,22,160,763.67,5.5%,"115,467.55","72,949.47","42,518.08",E-Wallet,FALSE,4.4,FALSE,FALSE
R01667,2026-05-28,????????,FALSE,B,Home & Living,Weekend Boost,137,20,80,"1,143.73",8.2%,"83,995.42","56,126.94","27,868.48",Cash,FALSE,4.3,FALSE,FALSE
R02114,2026-05-28,????????,FALSE,B,Food & Beverage,Weekend Boost,134,22,158,460.43,5.4%,"68,819.03","41,666.22","27,152.81",Mobile Banking,FALSE,3.8,FALSE,FALSE
R01386,2026-05-28,????????,FALSE,C,Beauty,None,109,21,71,848.58,5.1%,"57,176.54","30,240.37","26,936.17",Mobile Banking,FALSE,4.2,FALSE,FALSE
R02171,2026-05-28,????????,FALSE,C,Home & Living,Weekend Boost,109,18,75,930.02,7.7%,"64,380.64","39,162.17","25,218.47",E-Wallet,FALSE,4.7,FALSE,FALSE
R02328,2026-05-28,????????,FALSE,D,Home & Living,None,108,17,55,885.01,2.6%,"47,410.11","30,295.12","17,114.99",Mobile Banking,FALSE,4.4,FALSE,FALSE
R02382,2026-05-28,????????,FALSE,D,Beauty,Member Day,163,25,113,940.99,8.4%,"97,399.64","50,646.03","46,753.61",Credit Card,FALSE,4.6,FALSE,FALSE
R00708,2026-05-28,????????,FALSE,E,Food & Beverage,None,133,19,152,556.92,3.4%,"81,774.09","48,706.31","33,067.78",Credit Card,FALSE,4.7,FALSE,FALSE
R00883,2026-05-28,????????,FALSE,E,Electronics,None,184,27,65,"2,190.16",6.8%,"132,680.13","95,090.41","37,589.72",E-Wallet,FALSE,4.6,FALSE,FALSE
R01841,2026-05-28,????????,FALSE,E,Sports,None,148,26,89,916.64,3.9%,"78,399.29","46,537.18","31,862.11",E-Wallet,FALSE,4.4,FALSE,FALSE
R00001,2026-05-29,?????,FALSE,A,Home & Living,None,138,22,85,"1,244.30",3.9%,"101,640.41","65,359.86","36,280.55",Mobile Banking,FALSE,4.3,FALSE,FALSE
R00370,2026-05-29,?????,FALSE,A,Fashion,Payday Promo,101,23,93,465.86,9.0%,"39,425.88","21,970.23","17,455.65",Credit Card,FALSE,4.6,FALSE,FALSE
R01190,2026-05-29,?????,FALSE,A,Food & Beverage,Weekend Boost,91,20,118,330.62,5.0%,"37,062.58","22,526.91","14,535.67",E-Wallet,FALSE,4.1,FALSE,FALSE
R02464,2026-05-29,?????,FALSE,A,Fashion,Member Day,127,19,116,795.06,6.2%,"86,508.93","48,816.90","37,692.03",Credit Card,FALSE,3.6,FALSE,FALSE
R02540,2026-05-29,?????,FALSE,A,Electronics,None,159,25,72,"1,623.41",3.2%,"113,144.91","78,044.02","35,100.89",Credit Card,FALSE,3.9,FALSE,FALSE
R02808,2026-05-29,?????,FALSE,A,Electronics,Member Day,115,21,78,917.40,5.4%,"67,692.83","49,348.11","18,344.72",Credit Card,FALSE,4.9,FALSE,FALSE
R00548,2026-05-29,?????,FALSE,B,Electronics,Weekend Boost,145,16,40,"3,437.48",7.0%,"127,874.31","94,542.11","33,332.20",Cash,FALSE,5,FALSE,FALSE
R00951,2026-05-29,?????,FALSE,B,Beauty,None,128,24,96,576.66,0.4%,"55,138.15","26,169.37","28,968.78",QR Payment,FALSE,4.4,FALSE,FALSE
R01321,2026-05-29,?????,FALSE,B,Fashion,None,171,31,136,740.49,1.9%,"98,793.81","56,693.08","42,100.73",Cash,FALSE,4.1,FALSE,FALSE
R02530,2026-05-29,?????,FALSE,B,Food & Beverage,None,97,16,144,504.52,3.1%,"70,398.02","43,288.06","27,109.96",Mobile Banking,FALSE,4.1,FALSE,FALSE
R02967,2026-05-29,?????,FALSE,B,Food & Beverage,None,123,19,151,638.91,2.1%,"94,448.83","58,604.02","35,844.81",E-Wallet,FALSE,3.5,FALSE,FALSE
R02024,2026-05-29,?????,FALSE,C,Food & Beverage,Payday Promo,95,14,116,419.03,11.6%,"42,968.81","26,850.84","16,117.97",Credit Card,FALSE,4.6,FALSE,FALSE
R02094,2026-05-29,?????,FALSE,C,Food & Beverage,Payday Promo,57,16,58,333.11,8.4%,"17,697.63","11,072.09","6,625.54",E-Wallet,FALSE,4.6,FALSE,FALSE
R00231,2026-05-29,?????,FALSE,D,Food & Beverage,Clearance Sale,133,22,161,661.85,18.3%,"87,057.94","53,103.27","33,954.67",Cash,FALSE,4.2,FALSE,FALSE
R01012,2026-05-29,?????,FALSE,D,Fashion,None,144,25,117,634.90,5.9%,"69,900.23","39,930.54","29,969.69",Mobile Banking,FALSE,3.9,FALSE,FALSE
R02272,2026-05-29,?????,FALSE,D,Electronics,Weekend Boost,93,19,50,766.46,6.7%,"35,755.51","26,182.56","9,572.95",Credit Card,FALSE,3.9,FALSE,FALSE
R02425,2026-05-29,?????,FALSE,D,Home & Living,Member Day,76,18,24,422.43,9.0%,"9,225.96","6,363.24","2,862.72",Cash,FALSE,4.4,FALSE,FALSE
R00321,2026-05-29,?????,FALSE,E,Electronics,None,188,27,78,"1,485.14",2.4%,"113,060.87","78,889.06","34,171.81",Mobile Banking,FALSE,4.3,FALSE,FALSE
R00984,2026-05-29,?????,FALSE,E,Food & Beverage,None,172,23,197,682.03,4.9%,"127,776.39","81,138.15","46,638.24",QR Payment,FALSE,4.8,FALSE,FALSE
R01344,2026-05-29,?????,FALSE,E,Fashion,Weekend Boost,133,18,113,856.09,6.6%,"90,353.31","54,694.80","35,658.51",Cash,FALSE,4.6,FALSE,FALSE
R01430,2026-05-29,?????,FALSE,E,Home & Living,None,101,19,58,955.89,1.8%,"54,443.93","33,887.48","20,556.45",Credit Card,FALSE,4.4,FALSE,FALSE
R00344,2026-05-30,?????,TRUE,A,Electronics,None,177,31,79,"1,202.45",4.0%,"91,193.93","65,190.28","26,003.65",E-Wallet,FALSE,3.7,FALSE,FALSE
R00409,2026-05-30,?????,TRUE,A,Home & Living,Payday Promo,103,23,52,962.07,10.3%,"44,874.90","31,182.43","13,692.47",Cash,FALSE,5,FALSE,FALSE
R01368,2026-05-30,?????,TRUE,A,Electronics,None,143,22,72,"1,456.62",0.2%,"104,667.10","77,006.16","27,660.94",E-Wallet,FALSE,4.7,FALSE,FALSE
R02321,2026-05-30,?????,TRUE,A,Food & Beverage,Member Day,50,20,65,49.36,6.5%,"3,000.00","1,908.97","1,091.03",Credit Card,FALSE,3.4,FALSE,FALSE
R02657,2026-05-30,?????,TRUE,A,Food & Beverage,Member Day,111,23,133,214.25,8.2%,"26,158.54","16,147.79","10,010.75",QR Payment,FALSE,4.1,FALSE,FALSE
R01640,2026-05-30,?????,TRUE,B,Food & Beverage,Member Day,136,24,165,492.44,9.3%,"73,695.67","47,281.65","26,414.02",Mobile Banking,TRUE,3.4,FALSE,FALSE
R01712,2026-05-30,?????,TRUE,B,Sports,Member Day,90,17,45,745.17,8.9%,"30,548.21","18,320.23","12,227.98",Credit Card,FALSE,4.4,FALSE,FALSE
R01888,2026-05-30,?????,TRUE,B,Food & Beverage,Payday Promo,146,22,182,525.19,10.3%,"85,739.62","51,040.20","34,699.42",QR Payment,FALSE,4.4,FALSE,FALSE
R01731,2026-05-30,?????,TRUE,C,Home & Living,Member Day,143,24,85,906.80,7.0%,"71,682.74","48,746.49","22,936.25",QR Payment,FALSE,4.1,FALSE,FALSE
R02442,2026-05-30,?????,TRUE,C,Food & Beverage,None,165,31,186,498.67,4.3%,"88,764.42","52,371.74","36,392.68",Mobile Banking,FALSE,4.3,FALSE,FALSE
R00412,2026-05-30,?????,TRUE,D,Food & Beverage,None,140,24,175,336.22,1.2%,"58,132.45","36,029.86","22,102.59",QR Payment,FALSE,3.9,FALSE,FALSE
R00095,2026-05-30,?????,TRUE,E,Electronics,Payday Promo,170,29,79,"1,235.00",8.1%,"89,661.99","62,766.88","26,895.11",Credit Card,FALSE,4.1,FALSE,FALSE
R02931,2026-05-30,?????,TRUE,E,Fashion,None,88,23,71,161.11,2.9%,"11,106.97","6,026.65","5,080.32",Credit Card,FALSE,4,FALSE,FALSE
R00935,2026-05-31,???????,TRUE,A,Sports,Member Day,168,23,121,924.05,6.2%,"104,878.25","60,941.29","43,936.96",E-Wallet,FALSE,4.1,FALSE,FALSE
R02187,2026-05-31,???????,TRUE,A,Fashion,None,125,22,124,517.68,6.7%,"59,891.87","35,988.90","23,902.97",Credit Card,FALSE,3.4,FALSE,FALSE
R02501,2026-05-31,???????,TRUE,A,Beauty,None,171,22,128,"1,014.10",3.8%,"124,872.46","63,971.80","60,900.66",QR Payment,FALSE,4.7,FALSE,FALSE
R02713,2026-05-31,???????,TRUE,A,Fashion,Payday Promo,101,22,73,529.81,9.5%,"35,001.80","19,966.51","15,035.29",Mobile Banking,FALSE,4.2,FALSE,FALSE
R01046,2026-05-31,???????,TRUE,B,Home & Living,Member Day,98,21,61,554.83,8.3%,"31,035.49","20,114.83","10,920.66",E-Wallet,FALSE,4.6,FALSE,FALSE
R01719,2026-05-31,???????,TRUE,B,Beauty,Clearance Sale,161,23,118,965.62,15.7%,"96,054.16","49,555.48","46,498.68",Credit Card,FALSE,4,FALSE,FALSE
R00192,2026-05-31,???????,TRUE,C,Electronics,Weekend Boost,104,20,42,784.37,7.0%,"30,637.30","21,869.97","8,767.33",Mobile Banking,FALSE,4.2,FALSE,FALSE
R01359,2026-05-31,???????,TRUE,C,Electronics,Payday Promo,94,18,24,"1,178.09",12.4%,"24,768.21","17,432.11","7,336.10",Credit Card,FALSE,4.4,FALSE,FALSE
R02631,2026-05-31,???????,TRUE,C,Electronics,Member Day,138,23,69,"1,160.07",5.8%,"75,402.14","52,400.72","23,001.42",QR Payment,FALSE,3.7,FALSE,FALSE
R02485,2026-05-31,???????,TRUE,D,Fashion,None,170,22,142,805.59,2.3%,"111,762.86","62,752.74","49,010.12",Credit Card,FALSE,4.4,FALSE,FALSE
R02874,2026-05-31,???????,TRUE,D,Beauty,Payday Promo,140,26,117,648.85,9.9%,"68,399.31","34,106.89","34,292.42",Credit Card,FALSE,4.1,FALSE,FALSE
R00059,2026-06-01,??????,FALSE,A,Beauty,Member Day,88,18,70,654.97,8.8%,"41,813.06","21,457.70","20,355.36",E-Wallet,FALSE,4.2,FALSE,FALSE
R00298,2026-06-01,??????,FALSE,A,Home & Living,None,113,19,52,"1,155.58",1.0%,"59,489.46","39,432.92","20,056.54",Credit Card,FALSE,4.5,FALSE,FALSE
R00363,2026-06-01,??????,FALSE,A,Food & Beverage,Payday Promo,81,13,77,"1,363.04",9.5%,"94,983.21","59,141.96","35,841.25",Credit Card,FALSE,4.8,TRUE,FALSE
R00809,2026-06-01,??????,FALSE,A,Beauty,Member Day,137,25,102,833.90,7.9%,"78,338.51","38,636.10","39,702.41",QR Payment,FALSE,4.1,FALSE,FALSE
R02116,2026-06-01,??????,FALSE,A,Fashion,None,167,27,144,718.82,1.4%,"102,060.42","56,914.97","45,145.45",Credit Card,FALSE,4.8,FALSE,FALSE
R02578,2026-06-01,??????,FALSE,A,Food & Beverage,Payday Promo,126,19,158,515.93,9.4%,"73,853.89","44,936.43","28,917.46",Credit Card,FALSE,4.5,FALSE,FALSE
R00238,2026-06-01,??????,FALSE,B,Food & Beverage,None,157,21,193,588.44,5.6%,"107,209.67","66,335.38","40,874.29",E-Wallet,FALSE,3.8,FALSE,FALSE
R01382,2026-06-01,??????,FALSE,B,Fashion,None,119,24,99,244.88,4.3%,"23,200.42","13,731.82","9,468.60",Cash,FALSE,4.1,FALSE,FALSE
R02686,2026-06-01,??????,FALSE,B,Fashion,None,141,20,104,893.52,0.0%,"92,926.33","54,855.77","38,070.56",Mobile Banking,FALSE,3.8,FALSE,FALSE
R00683,2026-06-01,??????,FALSE,C,Food & Beverage,None,151,26,175,495.07,4.5%,"82,739.34","51,909.50","30,829.84",Mobile Banking,FALSE,3.7,FALSE,FALSE
R02358,2026-06-01,??????,FALSE,C,Sports,None,166,26,110,976.71,3.0%,"104,215.39","57,593.01","46,622.38",Credit Card,FALSE,4.1,FALSE,FALSE
R02755,2026-06-01,??????,FALSE,D,Home & Living,Member Day,129,22,85,853.01,6.7%,"67,647.91","43,652.60","23,995.31",E-Wallet,FALSE,5,FALSE,FALSE
R01798,2026-06-01,??????,FALSE,E,Food & Beverage,None,83,13,97,423.64,3.1%,"39,818.86","24,404.53","15,414.33",QR Payment,FALSE,4,FALSE,FALSE
R01823,2026-06-01,??????,FALSE,E,Food & Beverage,Weekend Boost,163,30,201,433.94,7.2%,"80,941.48","49,470.89","31,470.59",Credit Card,FALSE,3.8,FALSE,FALSE
R02050,2026-06-01,??????,FALSE,E,Food & Beverage,None,107,14,132,661.84,2.3%,"85,354.03","51,843.94","33,510.09",Cash,FALSE,3,FALSE,FALSE
R02649,2026-06-01,??????,FALSE,E,Fashion,Member Day,125,18,114,873.98,9.4%,"90,267.81","50,701.21","39,566.60",Mobile Banking,FALSE,4.5,FALSE,FALSE
R00585,2026-06-02,??????,FALSE,A,Beauty,None,113,18,98,670.52,1.2%,"64,922.04","31,268.58","33,653.46",Mobile Banking,FALSE,4.1,FALSE,FALSE
R00866,2026-06-02,??????,FALSE,A,Home & Living,None,98,22,49,715.43,4.5%,"33,478.58","22,611.63","10,866.95",E-Wallet,FALSE,4.2,FALSE,FALSE
R01813,2026-06-02,??????,FALSE,B,Food & Beverage,None,109,20,153,366.53,6.0%,"52,714.69","32,380.00","20,334.69",QR Payment,FALSE,3.8,FALSE,FALSE
R02774,2026-06-02,??????,FALSE,B,Beauty,None,149,26,118,673.97,4.3%,"76,108.53","35,417.68","40,690.85",Mobile Banking,FALSE,4.4,FALSE,FALSE
R00337,2026-06-02,??????,FALSE,C,Fashion,None,159,26,144,584.00,4.2%,"80,563.57","48,049.85","32,513.72",Credit Card,FALSE,4,FALSE,FALSE
R02197,2026-06-02,??????,FALSE,C,Electronics,None,116,19,41,"1,350.35",2.6%,"53,924.69","38,462.29","15,462.40",Credit Card,FALSE,4.4,FALSE,FALSE
R01128,2026-06-02,??????,FALSE,D,Fashion,None,137,29,110,464.21,1.7%,"50,195.19","30,045.53","20,149.66",QR Payment,FALSE,5,FALSE,FALSE
R02487,2026-06-02,??????,FALSE,D,Food & Beverage,None,105,18,117,453.54,2.8%,"51,577.86","31,941.00","19,636.86",QR Payment,FALSE,4.3,FALSE,FALSE
R02661,2026-06-02,??????,FALSE,D,Beauty,None,90,19,77,421.28,2.3%,"31,692.29","16,266.55","15,425.74",QR Payment,FALSE,3.9,FALSE,FALSE
R00655,2026-06-03,???,FALSE,A,Electronics,Payday Promo,122,20,64,"1,083.03",10.0%,"62,382.55","45,927.41","16,455.14",QR Payment,FALSE,5,FALSE,FALSE
R00791,2026-06-03,???,FALSE,A,Home & Living,Member Day,88,18,50,926.88,11.5%,"41,014.45","26,773.94","14,240.51",QR Payment,FALSE,4.6,FALSE,FALSE
R01865,2026-06-03,???,FALSE,A,Electronics,None,161,26,81,"1,286.85",0.9%,"103,296.54","70,094.27","33,202.27",Mobile Banking,FALSE,4.5,FALSE,FALSE
R02618,2026-06-03,???,FALSE,A,Beauty,Weekend Boost,175,31,132,583.36,7.2%,"71,459.56","32,211.24","39,248.32",QR Payment,FALSE,4.7,FALSE,FALSE
R02949,2026-06-03,???,FALSE,A,Fashion,None,169,30,131,769.95,4.7%,"96,122.50","56,955.70","39,166.80",Mobile Banking,FALSE,3.4,FALSE,FALSE
R00882,2026-06-03,???,FALSE,C,Home & Living,None,102,21,50,408.87,4.9%,"19,441.91","12,833.45","6,608.46",E-Wallet,FALSE,4.2,FALSE,FALSE
R01112,2026-06-03,???,FALSE,C,Sports,None,113,21,68,808.26,2.8%,"53,422.75","29,404.60","24,018.15",Credit Card,FALSE,4.5,FALSE,FALSE
R01648,2026-06-03,???,FALSE,C,Beauty,None,112,20,75,706.24,4.6%,"50,531.48","24,347.24","26,184.24",Credit Card,FALSE,3.2,FALSE,FALSE
R00362,2026-06-03,???,FALSE,D,Fashion,Payday Promo,136,24,105,723.36,8.8%,"69,268.83","40,593.87","28,674.96",Mobile Banking,FALSE,4.8,FALSE,FALSE
R02040,2026-06-03,???,FALSE,D,Fashion,None,84,17,60,662.10,5.9%,"37,382.00","22,134.77","15,247.23",E-Wallet,FALSE,3.5,FALSE,FALSE
R02591,2026-06-03,???,FALSE,D,Electronics,Weekend Boost,176,25,96,"1,303.54",6.4%,"117,131.19","86,336.47","30,794.72",Credit Card,FALSE,4.7,FALSE,FALSE
R00457,2026-06-03,???,FALSE,E,Electronics,Payday Promo,178,29,63,"1,529.45",9.0%,"87,683.55","63,273.34","24,410.21",Credit Card,FALSE,4.8,FALSE,FALSE
R00665,2026-06-03,???,FALSE,E,Home & Living,Weekend Boost,144,26,76,995.72,7.8%,"69,772.00","43,560.64","26,211.36",E-Wallet,FALSE,3.8,FALSE,FALSE
R02373,2026-06-03,???,FALSE,E,Home & Living,None,134,20,88,"1,046.14",3.7%,"88,653.86","57,022.80","31,631.06",E-Wallet,FALSE,4.4,FALSE,FALSE
R02796,2026-06-03,???,FALSE,E,Sports,None,142,23,56,"1,742.66",4.5%,"93,197.49","52,375.25","40,822.24",Credit Card,FALSE,4.3,FALSE,FALSE
R02342,2026-06-04,????????,FALSE,A,Beauty,Clearance Sale,156,24,109,"1,233.77",20.3%,"107,181.17","54,591.22","52,589.95",QR Payment,FALSE,4.7,FALSE,FALSE
R00787,2026-06-04,????????,FALSE,B,Beauty,Weekend Boost,178,31,113,973.47,8.1%,"101,091.73","49,676.81","51,414.92",Cash,FALSE,3.3,FALSE,FALSE
R01018,2026-06-04,????????,FALSE,B,Home & Living,None,96,15,67,795.56,0.0%,"53,302.37","35,784.11","17,518.26",E-Wallet,FALSE,3.7,FALSE,FALSE
R01022,2026-06-04,????????,FALSE,B,Food & Beverage,Payday Promo,141,22,167,540.40,9.2%,"81,943.53","49,798.77","32,144.76",QR Payment,FALSE,4.1,FALSE,FALSE
R00921,2026-06-04,????????,FALSE,C,Electronics,None,102,16,9,"7,698.49",4.8%,"65,960.66","46,147.56","19,813.10",Cash,FALSE,4.9,FALSE,FALSE
R02249,2026-06-04,????????,FALSE,C,Food & Beverage,None,150,25,174,458.21,3.7%,"76,778.84","49,781.24","26,997.60",Credit Card,FALSE,4.2,FALSE,FALSE
R00325,2026-06-04,????????,FALSE,E,Electronics,None,138,25,60,"1,131.42",5.9%,"63,880.08","45,999.84","17,880.24",QR Payment,FALSE,4.6,FALSE,FALSE
R00313,2026-06-05,?????,FALSE,A,Food & Beverage,Mega Sale,105,20,120,759.77,16.9%,"75,764.48","47,335.52","28,428.96",E-Wallet,FALSE,4.4,FALSE,TRUE
R01611,2026-06-05,?????,FALSE,A,Electronics,Mega Sale,103,15,60,"1,681.83",16.4%,"84,360.62","60,319.91","24,040.71",Mobile Banking,FALSE,4.8,FALSE,TRUE
R02421,2026-06-05,?????,FALSE,A,Beauty,Mega Sale,145,28,98,"1,386.79",14.1%,"116,742.42","60,495.20","56,247.22",Mobile Banking,FALSE,4.8,FALSE,TRUE
R02947,2026-06-05,?????,FALSE,A,Food & Beverage,Mega Sale,102,19,139,93.69,16.4%,"10,887.14","6,923.61","3,963.53",E-Wallet,FALSE,4.4,FALSE,TRUE
R00200,2026-06-05,?????,FALSE,B,Home & Living,Mega Sale,179,27,107,"1,497.38",15.0%,"136,186.39","90,089.99","46,096.40",Credit Card,FALSE,3.9,FALSE,TRUE
R01428,2026-06-05,?????,FALSE,B,Fashion,Mega Sale,57,18,71,77.53,12.8%,"4,800.00","3,014.71","1,785.29",Cash,FALSE,4.4,FALSE,TRUE
R01840,2026-06-05,?????,FALSE,B,Beauty,Mega Sale,202,30,148,"1,252.96",13.7%,"160,032.98","80,844.72","79,188.26",QR Payment,FALSE,4.4,FALSE,TRUE
R02439,2026-06-05,?????,FALSE,B,Food & Beverage,Mega Sale,132,22,158,584.67,14.4%,"79,075.12","49,171.03","29,904.09",E-Wallet,FALSE,4.5,FALSE,TRUE
R02885,2026-06-05,?????,FALSE,B,Home & Living,Mega Sale,150,21,77,"2,001.30",15.6%,"130,060.18","84,972.55","45,087.63",Mobile Banking,FALSE,4.9,FALSE,TRUE
R00134,2026-06-05,?????,FALSE,C,Electronics,Mega Sale,123,21,44,"2,404.09",14.0%,"90,970.95","60,802.05","30,168.90",QR Payment,FALSE,4.9,FALSE,TRUE
R02740,2026-06-05,?????,FALSE,C,Home & Living,Mega Sale,109,21,83,800.20,14.1%,"57,051.70","37,296.79","19,754.91",Mobile Banking,FALSE,5,FALSE,TRUE
R01401,2026-06-05,?????,FALSE,E,Food & Beverage,Mega Sale,119,15,140,"1,073.14",14.4%,"128,604.88","76,260.41","52,344.47",Credit Card,FALSE,4.2,FALSE,TRUE
R01547,2026-06-05,?????,FALSE,E,Fashion,Mega Sale,128,21,113,"1,395.95",15.5%,"133,292.07","77,132.28","56,159.79",Mobile Banking,FALSE,4.4,FALSE,TRUE
R01744,2026-06-05,?????,FALSE,E,Food & Beverage,Mega Sale,133,26,148,490.48,13.3%,"62,936.36","41,569.39","21,366.97",E-Wallet,FALSE,4.4,FALSE,TRUE
R00082,2026-06-06,?????,TRUE,A,Food & Beverage,Weekend Boost,84,24,101,31.04,4.3%,"3,000.00","1,977.12","1,022.88",Credit Card,FALSE,4.1,FALSE,FALSE
R00083,2026-06-06,?????,TRUE,A,Food & Beverage,None,105,25,129,286.34,1.8%,"36,273.15","22,522.73","13,750.42",Credit Card,FALSE,3.6,FALSE,FALSE
R00690,2026-06-06,?????,TRUE,A,Home & Living,Clearance Sale,135,26,66,"1,111.00",16.8%,"61,007.30","41,871.25","19,136.05",Mobile Banking,FALSE,4.3,FALSE,FALSE
R01794,2026-06-06,?????,TRUE,A,Beauty,Weekend Boost,171,31,147,"1,155.51",7.2%,"157,629.95","80,391.22","77,238.73",Cash,FALSE,4.6,TRUE,FALSE
R02062,2026-06-06,?????,TRUE,A,Sports,None,126,23,84,445.18,2.1%,"36,609.53","20,832.49","15,777.04",Cash,FALSE,4.6,FALSE,FALSE
R02763,2026-06-06,?????,TRUE,A,Fashion,None,101,21,91,281.19,3.0%,"24,820.92","14,991.01","9,829.91",Credit Card,FALSE,4.6,FALSE,FALSE
R02785,2026-06-06,?????,TRUE,A,Food & Beverage,Member Day,167,23,201,592.04,9.6%,"107,575.71","69,981.48","37,594.23",E-Wallet,FALSE,4.5,FALSE,FALSE
R01443,2026-06-06,?????,TRUE,B,Electronics,None,172,29,59,"1,780.90",2.2%,"102,761.62","74,729.51","28,032.11",QR Payment,FALSE,4.4,FALSE,FALSE
R00127,2026-06-06,?????,TRUE,C,Home & Living,None,194,28,118,"1,099.64",2.3%,"126,773.25","79,456.05","47,317.20",Cash,FALSE,5,FALSE,FALSE
R00227,2026-06-06,?????,TRUE,C,Food & Beverage,None,147,25,178,531.56,4.9%,"89,980.75","55,063.96","34,916.79",Mobile Banking,FALSE,4.7,FALSE,FALSE
R01850,2026-06-06,?????,TRUE,C,Fashion,Member Day,170,27,137,739.48,9.7%,"91,482.35","52,633.96","38,848.39",E-Wallet,FALSE,4.6,FALSE,FALSE
R00336,2026-06-06,?????,TRUE,D,Fashion,Payday Promo,153,27,146,559.37,11.0%,"72,683.94","42,230.98","30,452.96",Mobile Banking,FALSE,5,FALSE,FALSE
R01695,2026-06-06,?????,TRUE,D,Electronics,None,136,23,47,"1,765.46",0.2%,"82,810.59","59,467.40","23,343.19",E-Wallet,FALSE,3.6,FALSE,FALSE
R02543,2026-06-06,?????,TRUE,D,Sports,None,152,21,114,915.65,5.4%,"98,747.09","59,110.51","39,636.58",QR Payment,FALSE,4.1,FALSE,FALSE
R00603,2026-06-06,?????,TRUE,E,Fashion,None,155,25,126,708.40,3.1%,"86,491.58","49,586.12","36,905.46",E-Wallet,FALSE,3.9,FALSE,FALSE
R01303,2026-06-06,?????,TRUE,E,Fashion,Payday Promo,80,15,75,398.98,8.7%,"27,320.06","15,704.29","11,615.77",Credit Card,FALSE,5,FALSE,FALSE
R01397,2026-06-06,?????,TRUE,E,Electronics,None,115,28,29,"1,046.48",2.9%,"29,467.82","21,206.52","8,261.30",E-Wallet,FALSE,4.4,FALSE,FALSE
R01829,2026-06-06,?????,TRUE,E,Food & Beverage,Member Day,165,28,201,529.77,6.3%,"99,775.98","62,377.31","37,398.67",Cash,FALSE,4.4,FALSE,FALSE
R02966,2026-06-06,?????,TRUE,E,Fashion,None,185,30,137,852.73,5.4%,"110,515.82","62,640.74","47,875.08",Cash,FALSE,5,FALSE,FALSE
R00577,2026-06-07,???????,TRUE,A,Home & Living,None,134,23,85,874.18,2.3%,"72,596.09","48,533.91","24,062.18",Credit Card,FALSE,4.1,FALSE,FALSE
R00953,2026-06-07,???????,TRUE,A,Electronics,Member Day,140,23,49,"1,472.77",4.7%,"68,773.98","48,002.17","20,771.81",E-Wallet,FALSE,4.2,FALSE,FALSE
R01943,2026-06-07,???????,TRUE,A,Electronics,None,162,34,62,"1,173.65",5.1%,"69,055.11","50,821.99","18,233.12",Credit Card,FALSE,4.2,FALSE,FALSE
R00318,2026-06-07,???????,TRUE,B,Fashion,Weekend Boost,151,26,124,628.33,7.1%,"72,381.62","41,890.99","30,490.63",Credit Card,TRUE,4,FALSE,FALSE
R02527,2026-06-07,???????,TRUE,B,Electronics,Member Day,185,27,78,"1,702.80",6.7%,"123,919.69","84,099.00","39,820.69",E-Wallet,FALSE,3.7,FALSE,FALSE
R00071,2026-06-07,???????,TRUE,C,Sports,None,171,24,112,"1,095.76",6.1%,"115,239.31","62,944.96","52,294.35",Cash,FALSE,4.1,FALSE,FALSE
R00721,2026-06-07,???????,TRUE,C,Food & Beverage,Member Day,118,21,142,572.60,5.7%,"76,674.01","46,005.00","30,669.01",Cash,FALSE,4.2,FALSE,FALSE
R01413,2026-06-07,???????,TRUE,C,Fashion,Clearance Sale,145,26,133,683.77,20.5%,"72,298.02","41,593.17","30,704.85",QR Payment,FALSE,4.3,FALSE,FALSE
R00495,2026-06-07,???????,TRUE,D,Fashion,None,141,24,111,714.48,2.2%,"77,562.50","45,026.41","32,536.09",QR Payment,FALSE,4.2,FALSE,FALSE
R00893,2026-06-07,???????,TRUE,D,Electronics,None,194,30,65,"1,554.82",1.8%,"99,243.99","69,664.95","29,579.04",Credit Card,FALSE,3.9,FALSE,FALSE
R01252,2026-06-07,???????,TRUE,D,Electronics,Payday Promo,159,26,89,"1,216.30",11.7%,"95,585.35","67,666.14","27,919.21",Mobile Banking,FALSE,3.8,FALSE,FALSE
R01532,2026-06-07,???????,TRUE,D,Home & Living,None,127,25,76,792.19,3.4%,"58,159.52","36,132.37","22,027.15",Credit Card,FALSE,4.5,FALSE,FALSE
R02186,2026-06-07,???????,TRUE,D,Fashion,None,143,25,139,467.80,4.2%,"62,293.58","37,292.65","25,000.93",QR Payment,FALSE,3.2,FALSE,FALSE
R00815,2026-06-07,???????,TRUE,E,Electronics,Member Day,105,21,30,"1,418.46",7.7%,"39,277.11","28,211.64","11,065.47",E-Wallet,FALSE,4.6,FALSE,FALSE
R01341,2026-06-07,???????,TRUE,E,Fashion,Payday Promo,149,25,126,554.59,7.6%,"64,568.15","35,572.21","28,995.94",E-Wallet,FALSE,4,FALSE,FALSE
R00430,2026-06-08,??????,FALSE,A,Food & Beverage,None,132,26,155,328.54,3.3%,"49,242.54","31,156.22","18,086.32",QR Payment,FALSE,3.7,FALSE,FALSE
R00844,2026-06-08,??????,FALSE,A,Fashion,None,116,22,111,409.12,2.1%,"44,458.16","25,190.66","19,267.50",Mobile Banking,FALSE,3.9,FALSE,FALSE
R01355,2026-06-08,??????,FALSE,A,Food & Beverage,None,110,19,125,495.69,3.6%,"59,731.21","36,373.62","23,357.59",QR Payment,FALSE,3.6,FALSE,FALSE
R01453,2026-06-08,??????,FALSE,A,Home & Living,None,154,24,80,"1,261.16",1.2%,"99,681.84","64,078.17","35,603.67",E-Wallet,FALSE,4.3,FALSE,FALSE
R02597,2026-06-08,??????,FALSE,A,Food & Beverage,Member Day,116,20,155,431.07,8.7%,"61,002.36","37,549.99","23,452.37",Credit Card,FALSE,4.7,FALSE,FALSE
R02812,2026-06-08,??????,FALSE,A,Food & Beverage,Weekend Boost,127,23,146,502.03,5.5%,"69,265.72","40,007.69","29,258.03",Mobile Banking,FALSE,3.9,FALSE,FALSE
R00128,2026-06-08,??????,FALSE,B,Food & Beverage,None,182,21,227,559.76,5.7%,"119,822.46","74,577.68","45,244.78",Credit Card,FALSE,4.2,FALSE,FALSE
R01203,2026-06-08,??????,FALSE,B,Fashion,Clearance Sale,71,19,50,119.99,19.8%,"4,811.56","2,790.67","2,020.89",E-Wallet,FALSE,4.4,FALSE,FALSE
R02060,2026-06-08,??????,FALSE,B,Beauty,Clearance Sale,131,15,83,"1,424.19",18.8%,"95,984.67","47,163.11","48,821.56",Mobile Banking,FALSE,4.7,FALSE,FALSE
R02673,2026-06-08,??????,FALSE,B,Home & Living,None,156,27,83,"1,116.34",4.0%,"88,950.34","61,221.00","27,729.34",QR Payment,FALSE,4.5,FALSE,FALSE
R00601,2026-06-08,??????,FALSE,C,Fashion,Clearance Sale,129,23,116,641.09,19.1%,"60,162.64","34,481.18","25,681.46",Cash,FALSE,4.2,FALSE,FALSE
R01232,2026-06-08,??????,FALSE,C,Beauty,None,86,22,66,81.01,3.1%,"5,181.02","2,769.02","2,412.00",Credit Card,FALSE,4.7,FALSE,FALSE
R02893,2026-06-08,??????,FALSE,C,Food & Beverage,None,29,12,27,113.73,2.3%,"3,000.00","1,917.86","1,082.14",E-Wallet,FALSE,5,FALSE,FALSE
R00563,2026-06-08,??????,FALSE,D,Food & Beverage,Payday Promo,108,21,136,403.65,10.2%,"49,297.00","29,629.52","19,667.48",E-Wallet,FALSE,4.5,FALSE,FALSE
R01300,2026-06-08,??????,FALSE,D,Electronics,Weekend Boost,196,26,96,"1,561.60",6.5%,"140,168.97","99,586.64","40,582.33",Credit Card,FALSE,4.1,FALSE,FALSE
R02027,2026-06-08,??????,FALSE,D,Food & Beverage,None,196,26,238,630.14,3.6%,"144,573.41","88,591.94","55,981.47",QR Payment,FALSE,3.8,FALSE,FALSE
R02652,2026-06-08,??????,FALSE,D,Fashion,Member Day,137,22,129,586.16,8.0%,"69,566.06","40,543.31","29,022.75",Credit Card,FALSE,4.7,FALSE,FALSE
R00510,2026-06-08,??????,FALSE,E,Fashion,Payday Promo,128,16,102,"1,108.02",11.8%,"99,682.11","58,851.92","40,830.19",E-Wallet,FALSE,4.4,FALSE,FALSE
R01587,2026-06-08,??????,FALSE,E,Fashion,None,97,18,73,664.41,4.1%,"46,513.23","27,055.69","19,457.54",Credit Card,FALSE,4.8,FALSE,FALSE
R00482,2026-06-09,??????,FALSE,A,Electronics,None,180,28,62,"2,104.09",3.8%,"125,496.61","91,071.90","34,424.71",Credit Card,FALSE,4.1,FALSE,FALSE
R01160,2026-06-09,??????,FALSE,A,Food & Beverage,None,117,23,132,388.35,4.3%,"49,057.37","30,322.34","18,735.03",Cash,FALSE,4.5,FALSE,FALSE
R02302,2026-06-09,??????,FALSE,A,Food & Beverage,None,146,21,191,564.59,3.8%,"103,739.42","64,416.90","39,322.52",Mobile Banking,FALSE,3.9,FALSE,FALSE
R02934,2026-06-09,??????,FALSE,A,Fashion,Member Day,114,23,96,662.90,7.7%,"58,737.89","33,833.85","24,904.04",Credit Card,FALSE,4.1,FALSE,FALSE
R00040,2026-06-09,??????,FALSE,B,Fashion,Weekend Boost,133,25,98,565.99,4.9%,"52,748.80","32,142.26","20,606.54",Credit Card,FALSE,4.7,FALSE,FALSE
R01830,2026-06-09,??????,FALSE,B,Beauty,None,107,18,81,698.46,4.5%,"54,029.48","28,125.35","25,904.13",Credit Card,FALSE,5,FALSE,FALSE
R02494,2026-06-09,??????,FALSE,B,Fashion,Payday Promo,110,23,110,417.08,9.3%,"41,612.21","24,207.76","17,404.45",E-Wallet,FALSE,5,FALSE,FALSE
R02758,2026-06-09,??????,FALSE,B,Sports,None,145,31,68,815.06,3.6%,"53,428.89","30,315.77","23,113.12",Credit Card,FALSE,5,FALSE,FALSE
R00959,2026-06-09,??????,FALSE,C,Sports,Payday Promo,135,16,80,"1,330.22",12.0%,"93,647.34","54,467.33","39,180.01",Credit Card,FALSE,4.4,FALSE,FALSE
R01892,2026-06-09,??????,FALSE,C,Sports,Payday Promo,120,20,68,"1,016.49",10.3%,"62,001.73","35,147.15","26,854.58",QR Payment,FALSE,3.2,FALSE,FALSE
R02100,2026-06-09,??????,FALSE,C,Fashion,Member Day,133,24,147,441.80,9.5%,"58,775.44","34,844.66","23,930.78",Mobile Banking,FALSE,5,FALSE,FALSE
R02101,2026-06-09,??????,FALSE,C,Beauty,Payday Promo,178,26,139,995.20,7.2%,"128,373.11","63,733.70","64,639.41",Mobile Banking,FALSE,3.8,FALSE,FALSE
R00966,2026-06-09,??????,FALSE,D,Electronics,None,85,20,26,812.07,0.0%,"21,113.94","14,925.36","6,188.58",Credit Card,FALSE,4.1,FALSE,FALSE
R01325,2026-06-09,??????,FALSE,D,Home & Living,None,133,27,83,621.16,1.5%,"50,783.22","32,072.38","18,710.84",Mobile Banking,FALSE,3.7,FALSE,FALSE
R01389,2026-06-09,??????,FALSE,D,Food & Beverage,Weekend Boost,124,20,140,387.11,6.9%,"50,455.43","29,172.39","21,283.04",Credit Card,FALSE,4.7,FALSE,FALSE
R00304,2026-06-09,??????,FALSE,E,Home & Living,None,90,16,34,"1,518.64",2.2%,"50,497.69","32,764.73","17,732.96",Mobile Banking,FALSE,4.4,FALSE,FALSE
R01488,2026-06-09,??????,FALSE,E,Fashion,None,128,25,107,463.18,1.8%,"48,668.16","28,725.84","19,942.32",Cash,FALSE,3.5,FALSE,FALSE
R00066,2026-06-10,???,FALSE,A,Food & Beverage,None,100,21,122,265.24,2.5%,"31,550.02","19,957.60","11,592.42",Credit Card,FALSE,4.4,FALSE,FALSE
R01777,2026-06-10,???,FALSE,B,Beauty,Payday Promo,148,26,114,796.51,7.4%,"84,082.77","43,053.41","41,029.36",QR Payment,FALSE,5,FALSE,FALSE
R02252,2026-06-10,???,FALSE,B,Fashion,None,155,23,135,706.24,0.6%,"94,770.24","51,109.43","43,660.81",QR Payment,FALSE,3.5,FALSE,FALSE
R02284,2026-06-10,???,FALSE,B,Food & Beverage,Weekend Boost,174,31,205,584.08,8.1%,"110,037.72","67,560.37","42,477.35",E-Wallet,FALSE,4.5,FALSE,FALSE
R02664,2026-06-10,???,FALSE,B,Home & Living,Payday Promo,117,20,62,940.85,7.4%,"54,016.12","34,735.78","19,280.34",E-Wallet,FALSE,4.9,FALSE,FALSE
R00282,2026-06-10,???,FALSE,C,Beauty,Clearance Sale,127,22,99,814.54,16.7%,"67,173.06","31,668.06","35,505.00",Mobile Banking,FALSE,3.7,FALSE,FALSE
R00524,2026-06-10,???,FALSE,C,Sports,None,74,16,45,408.79,4.4%,"17,586.35","9,941.45","7,644.90",Credit Card,FALSE,2.9,FALSE,FALSE
R02492,2026-06-10,???,FALSE,C,Fashion,None,110,23,97,437.86,5.6%,"40,094.39","24,056.76","16,037.63",Cash,FALSE,3.6,FALSE,FALSE
R00081,2026-06-10,???,FALSE,D,Fashion,None,102,19,55,544.20,3.7%,"28,823.30","16,681.84","12,141.46",Cash,FALSE,3.9,FALSE,FALSE
R00137,2026-06-10,???,FALSE,D,Sports,None,57,12,43,292.18,2.2%,"12,287.41","6,941.80","5,345.61",E-Wallet,FALSE,4.2,FALSE,FALSE
R00818,2026-06-10,???,FALSE,D,Electronics,Weekend Boost,122,23,38,"1,330.94",7.9%,"46,580.28","31,670.33","14,909.95",E-Wallet,FALSE,4.5,FALSE,FALSE
R02322,2026-06-10,???,FALSE,D,Electronics,None,143,27,84,835.08,3.4%,"67,761.47","48,952.25","18,809.22",Credit Card,FALSE,4.3,FALSE,FALSE
R00009,2026-06-10,???,FALSE,E,Home & Living,None,119,20,48,"1,407.58",2.3%,"66,009.65","42,505.68","23,503.97",Mobile Banking,FALSE,3.9,FALSE,FALSE
R00254,2026-06-11,????????,FALSE,A,Home & Living,None,143,26,77,"1,018.81",2.2%,"76,722.80","47,272.44","29,450.36",Credit Card,FALSE,5,FALSE,FALSE
R00308,2026-06-11,????????,FALSE,A,Fashion,Weekend Boost,100,19,70,"1,219.64",6.3%,"79,996.31","44,786.26","35,210.05",Mobile Banking,FALSE,4.2,TRUE,FALSE
R00342,2026-06-11,????????,FALSE,A,Food & Beverage,None,149,20,167,713.22,3.8%,"114,581.94","69,565.99","45,015.95",Mobile Banking,FALSE,5,FALSE,FALSE
R01063,2026-06-11,????????,FALSE,A,Food & Beverage,None,96,16,131,367.46,6.1%,"45,201.02","27,703.87","17,497.15",Mobile Banking,FALSE,4.6,FALSE,FALSE
R01185,2026-06-11,????????,FALSE,A,Fashion,Member Day,167,21,147,998.83,8.4%,"134,494.15","80,983.35","53,510.80",Credit Card,FALSE,4.2,FALSE,FALSE
R01416,2026-06-11,????????,FALSE,A,Electronics,Clearance Sale,126,24,62,"1,438.10",17.4%,"73,647.96","52,782.52","20,865.44",QR Payment,TRUE,4.2,FALSE,FALSE
R01867,2026-06-11,????????,FALSE,A,Food & Beverage,None,136,22,168,582.82,1.4%,"96,542.88","58,246.90","38,295.98",Cash,FALSE,4,FALSE,FALSE
R02245,2026-06-11,????????,FALSE,A,Electronics,Weekend Boost,116,18,43,"2,194.48",7.2%,"87,568.41","64,970.37","22,598.04",Credit Card,FALSE,3.8,FALSE,FALSE
R02378,2026-06-11,????????,FALSE,A,Food & Beverage,None,133,22,171,433.58,0.7%,"73,623.78","47,108.41","26,515.37",Cash,FALSE,4.3,FALSE,FALSE
R02500,2026-06-11,????????,FALSE,A,Food & Beverage,None,134,22,151,465.80,2.9%,"68,295.48","45,067.22","23,228.26",QR Payment,FALSE,3.6,FALSE,FALSE
R01690,2026-06-11,????????,FALSE,B,Home & Living,Member Day,160,22,81,"1,547.00",6.5%,"117,162.00","74,005.22","43,156.78",Credit Card,FALSE,4.5,FALSE,FALSE
R02644,2026-06-11,????????,FALSE,B,Food & Beverage,Payday Promo,188,27,231,565.21,9.6%,"118,030.30","71,859.53","46,170.77",Mobile Banking,FALSE,4.1,FALSE,FALSE
R00388,2026-06-11,????????,FALSE,C,Electronics,Member Day,117,21,49,"1,145.86",8.9%,"51,149.89","36,294.41","14,855.48",Credit Card,FALSE,4.4,FALSE,FALSE
R00562,2026-06-11,????????,FALSE,C,Fashion,None,173,24,118,"1,079.15",4.8%,"121,227.92","65,341.00","55,886.92",Credit Card,FALSE,4.4,FALSE,FALSE
R01330,2026-06-11,????????,FALSE,C,Sports,None,144,27,100,628.65,3.2%,"60,853.53","34,498.92","26,354.61",QR Payment,FALSE,3,FALSE,FALSE
R02202,2026-06-11,????????,FALSE,C,Home & Living,None,136,25,77,729.45,0.4%,"55,942.70","37,245.35","18,697.35",Credit Card,FALSE,4.8,FALSE,FALSE
R02987,2026-06-11,????????,FALSE,C,Fashion,None,124,18,98,802.94,1.5%,"77,507.46","46,480.95","31,026.51",E-Wallet,FALSE,4.6,FALSE,FALSE
R00297,2026-06-11,????????,FALSE,D,Beauty,Member Day,48,9,36,201.16,9.8%,"6,532.09","3,089.75","3,442.34",Credit Card,FALSE,4.4,FALSE,FALSE
R00556,2026-06-11,????????,FALSE,D,Electronics,None,111,20,58,815.18,4.6%,"45,105.33","31,234.16","13,871.17",QR Payment,FALSE,3.3,FALSE,FALSE
R00645,2026-06-11,????????,FALSE,D,Fashion,Payday Promo,101,22,81,225.70,9.8%,"16,490.31","9,889.64","6,600.67",E-Wallet,TRUE,4.5,FALSE,FALSE
R01059,2026-06-11,????????,FALSE,D,Electronics,None,155,21,82,"1,518.55",0.0%,"124,520.80","90,666.31","33,854.49",Credit Card,FALSE,4.6,FALSE,FALSE
R01903,2026-06-11,????????,FALSE,D,Electronics,None,169,26,63,"1,599.23",2.4%,"98,333.74","70,676.71","27,657.03",E-Wallet,FALSE,4.2,FALSE,FALSE
R02032,2026-06-11,????????,FALSE,D,Fashion,None,105,21,90,630.78,4.0%,"54,499.10","33,731.53","20,767.57",QR Payment,FALSE,5,FALSE,FALSE
R02181,2026-06-11,????????,FALSE,D,Food & Beverage,None,70,18,96,171.19,1.6%,"16,171.53","9,888.27","6,283.26",Mobile Banking,FALSE,4.1,FALSE,FALSE
R00166,2026-06-12,?????,FALSE,A,Beauty,Payday Promo,163,22,126,"1,064.14",7.9%,"123,489.22","63,814.65","59,674.57",Credit Card,FALSE,4.9,FALSE,FALSE
R00643,2026-06-12,?????,FALSE,A,Sports,Weekend Boost,111,16,87,938.94,7.5%,"75,560.88","44,050.17","31,510.71",QR Payment,FALSE,4.2,FALSE,FALSE
R00915,2026-06-12,?????,FALSE,A,Food & Beverage,None,108,15,163,475.91,2.1%,"75,944.38","44,244.73","31,699.65",Credit Card,FALSE,4,FALSE,FALSE
R01051,2026-06-12,?????,FALSE,A,Fashion,Member Day,137,22,103,"1,032.99",8.9%,"96,928.88","57,197.53","39,731.35",Cash,FALSE,4.3,FALSE,FALSE
R01674,2026-06-12,?????,FALSE,A,Food & Beverage,Weekend Boost,158,22,197,659.60,7.1%,"120,715.11","76,185.64","44,529.47",Credit Card,FALSE,4.8,FALSE,FALSE
R01523,2026-06-12,?????,FALSE,B,Beauty,None,20,12,23,138.47,5.8%,"3,000.00","1,479.13","1,520.87",QR Payment,FALSE,3.7,FALSE,FALSE
R01857,2026-06-12,?????,FALSE,B,Food & Beverage,Payday Promo,122,21,140,564.65,9.5%,"71,541.54","45,153.70","26,387.84",Credit Card,FALSE,5,FALSE,FALSE
R02714,2026-06-12,?????,FALSE,B,Home & Living,Weekend Boost,184,29,115,"1,125.76",5.2%,"122,730.42","81,012.59","41,717.83",Mobile Banking,FALSE,3.9,FALSE,FALSE
R00045,2026-06-12,?????,FALSE,C,Home & Living,None,145,24,69,"1,182.80",0.0%,"81,613.16","55,226.36","26,386.80",Credit Card,FALSE,4.8,FALSE,FALSE
R00700,2026-06-12,?????,FALSE,C,Electronics,Member Day,103,15,45,"2,000.93",8.0%,"82,838.52","58,398.61","24,439.91",Credit Card,FALSE,4.7,FALSE,FALSE
R01121,2026-06-12,?????,FALSE,C,Food & Beverage,Weekend Boost,127,16,158,678.46,7.0%,"99,692.94","59,259.87","40,433.07",Credit Card,FALSE,4.7,FALSE,FALSE
R01165,2026-06-12,?????,FALSE,C,Fashion,Weekend Boost,121,20,85,905.56,5.9%,"72,431.25","41,504.23","30,927.02",Mobile Banking,FALSE,4.3,FALSE,FALSE
R01737,2026-06-12,?????,FALSE,C,Sports,Weekend Boost,121,17,75,"1,123.35",6.6%,"78,690.85","43,646.10","35,044.75",QR Payment,FALSE,4.5,FALSE,FALSE
R02444,2026-06-12,?????,FALSE,C,Fashion,None,168,26,120,"1,100.80",4.5%,"126,151.21","73,316.86","52,834.35",Credit Card,FALSE,4.6,FALSE,FALSE
R02460,2026-06-12,?????,FALSE,C,Fashion,None,67,12,59,473.61,3.2%,"27,048.66","15,686.14","11,362.52",Credit Card,FALSE,4.3,FALSE,FALSE
R01288,2026-06-12,?????,FALSE,D,Home & Living,None,152,22,75,"1,628.16",1.0%,"120,890.73","78,071.70","42,819.03",E-Wallet,FALSE,3.9,FALSE,FALSE
R01450,2026-06-12,?????,FALSE,D,Food & Beverage,Weekend Boost,52,15,62,51.42,5.9%,"3,000.00","1,907.33","1,092.67",QR Payment,FALSE,3.8,FALSE,FALSE
R01796,2026-06-12,?????,FALSE,D,Sports,Clearance Sale,171,23,97,"1,495.65",18.4%,"118,383.62","66,561.70","51,821.92",Credit Card,FALSE,4.7,FALSE,FALSE
R02363,2026-06-12,?????,FALSE,D,Food & Beverage,Payday Promo,107,18,126,559.62,10.0%,"63,461.44","40,548.64","22,912.80",Credit Card,FALSE,4.7,FALSE,FALSE
R00902,2026-06-12,?????,FALSE,E,Fashion,Member Day,177,26,123,895.43,5.1%,"104,520.29","60,982.85","43,537.44",QR Payment,FALSE,4.4,FALSE,FALSE
R02360,2026-06-12,?????,FALSE,E,Electronics,None,121,19,46,"1,766.08",6.5%,"75,959.15","54,136.04","21,823.11",E-Wallet,FALSE,3.4,FALSE,FALSE
R00978,2026-06-13,?????,TRUE,A,Home & Living,None,169,31,111,898.99,4.0%,"95,796.62","63,558.43","32,238.19",QR Payment,FALSE,4.4,FALSE,FALSE
R01549,2026-06-13,?????,TRUE,A,Food & Beverage,None,134,21,185,447.47,3.2%,"80,133.10","51,452.52","28,680.58",Mobile Banking,FALSE,3.9,FALSE,FALSE
R01669,2026-06-13,?????,TRUE,A,Home & Living,None,144,21,100,856.14,1.5%,"84,329.63","55,167.80","29,161.83",Mobile Banking,FALSE,4.9,FALSE,FALSE
R01894,2026-06-13,?????,TRUE,A,Electronics,None,168,25,93,"1,313.54",0.9%,"121,059.57","82,945.97","38,113.60",Mobile Banking,FALSE,4.1,FALSE,FALSE
R02920,2026-06-13,?????,TRUE,A,Fashion,None,180,26,163,677.36,1.8%,"108,423.06","63,523.69","44,899.37",Mobile Banking,FALSE,5,FALSE,FALSE
R01289,2026-06-13,?????,TRUE,B,Beauty,Weekend Boost,77,14,45,828.03,6.2%,"34,951.33","19,134.61","15,816.72",E-Wallet,FALSE,4.3,FALSE,FALSE
R01641,2026-06-13,?????,TRUE,C,Electronics,None,121,25,63,873.12,2.2%,"53,796.53","38,561.90","15,234.63",E-Wallet,FALSE,4.6,FALSE,FALSE
R01763,2026-06-13,?????,TRUE,C,Fashion,Weekend Boost,99,19,98,662.70,8.4%,"59,489.09","34,280.96","25,208.13",E-Wallet,FALSE,3.9,FALSE,FALSE
R01927,2026-06-13,?????,TRUE,C,Fashion,None,181,27,151,798.08,3.1%,"116,774.36","64,289.46","52,484.90",Cash,FALSE,3.8,FALSE,FALSE
R02036,2026-06-13,?????,TRUE,C,Electronics,None,146,21,59,"1,767.39",3.2%,"100,938.91","71,460.10","29,478.81",E-Wallet,FALSE,4.9,FALSE,FALSE
R00466,2026-06-13,?????,TRUE,D,Food & Beverage,Clearance Sale,202,32,229,642.59,19.0%,"119,194.01","71,866.91","47,327.10",Credit Card,FALSE,5,FALSE,FALSE
R00159,2026-06-13,?????,TRUE,E,Beauty,None,161,25,137,782.93,2.4%,"104,687.50","51,917.21","52,770.29",Credit Card,FALSE,4,FALSE,FALSE
R00969,2026-06-13,?????,TRUE,E,Food & Beverage,None,122,22,158,419.72,3.2%,"64,194.31","36,882.59","27,311.72",Credit Card,FALSE,4.6,FALSE,FALSE
R02726,2026-06-13,?????,TRUE,E,Fashion,None,94,17,82,504.57,1.8%,"40,630.00","23,635.65","16,994.35",Mobile Banking,FALSE,4.7,FALSE,FALSE
R01305,2026-06-14,???????,TRUE,A,Electronics,Member Day,127,20,48,"1,291.01",10.1%,"55,709.73","38,287.71","17,422.02",E-Wallet,FALSE,4.3,FALSE,FALSE
R00048,2026-06-14,???????,TRUE,B,Home & Living,None,104,14,42,"1,733.11",2.2%,"71,189.13","45,475.82","25,713.31",Credit Card,FALSE,3.9,FALSE,FALSE
R01915,2026-06-14,???????,TRUE,B,Electronics,Weekend Boost,163,27,54,"1,787.29",7.0%,"89,757.48","62,426.14","27,331.34",Cash,FALSE,4.5,FALSE,FALSE
R02077,2026-06-14,???????,TRUE,B,Electronics,Payday Promo,116,20,43,"1,466.29",11.7%,"55,673.38","39,394.64","16,278.74",Credit Card,FALSE,4.3,FALSE,FALSE
R01176,2026-06-14,???????,TRUE,C,Beauty,None,193,31,133,804.48,4.5%,"102,181.08","46,140.01","56,041.07",E-Wallet,FALSE,3.8,FALSE,FALSE
R02111,2026-06-14,???????,TRUE,C,Beauty,Weekend Boost,190,29,146,830.20,6.6%,"113,208.91","58,585.63","54,623.28",Credit Card,FALSE,3.9,FALSE,FALSE
R02341,2026-06-14,???????,TRUE,C,Food & Beverage,None,143,27,157,346.74,3.9%,"52,315.83","30,595.65","21,720.18",Credit Card,FALSE,3.9,FALSE,FALSE
R01316,2026-06-14,???????,TRUE,D,Fashion,Member Day,136,28,117,348.75,9.1%,"37,090.97","19,690.65","17,400.32",Credit Card,FALSE,4.5,FALSE,FALSE
R01579,2026-06-14,???????,TRUE,E,Food & Beverage,Weekend Boost,124,25,170,334.64,7.1%,"52,849.58","32,709.32","20,140.26",Credit Card,FALSE,3.8,FALSE,FALSE
R01926,2026-06-14,???????,TRUE,E,Sports,Payday Promo,150,25,65,"1,458.17",11.7%,"83,691.51","46,256.28","37,435.23",E-Wallet,FALSE,4.5,FALSE,FALSE
R00673,2026-06-15,??????,FALSE,A,Beauty,None,127,19,101,828.86,1.6%,"82,374.95","38,013.85","44,361.10",Mobile Banking,FALSE,4,FALSE,FALSE
R02401,2026-06-15,??????,FALSE,A,Electronics,Clearance Sale,158,27,58,"2,033.86",19.6%,"94,842.86","65,784.05","29,058.81",Mobile Banking,FALSE,4.3,FALSE,FALSE
R02985,2026-06-15,??????,FALSE,A,Sports,Member Day,85,20,50,498.45,7.2%,"23,128.27","12,048.09","11,080.18",Cash,FALSE,4.9,FALSE,FALSE
R00301,2026-06-15,??????,FALSE,B,Fashion,None,140,23,113,738.63,3.3%,"80,710.53","46,602.35","34,108.18",E-Wallet,FALSE,3.9,FALSE,FALSE
R00704,2026-06-15,??????,FALSE,B,Sports,Payday Promo,136,24,75,"1,163.33",10.5%,"78,088.77","46,269.91","31,818.86",Credit Card,FALSE,4.7,FALSE,FALSE
R01047,2026-06-15,??????,FALSE,B,Fashion,None,147,30,109,561.01,3.7%,"58,888.04","35,407.63","23,480.41",Cash,FALSE,4.5,FALSE,FALSE
R02452,2026-06-15,??????,FALSE,B,Food & Beverage,None,129,23,137,450.06,3.5%,"59,499.81","38,664.21","20,835.60",Credit Card,FALSE,4.2,FALSE,FALSE
R02641,2026-06-15,??????,FALSE,B,Home & Living,Member Day,131,25,57,977.30,8.9%,"50,748.47","33,680.97","17,067.50",Mobile Banking,TRUE,4,FALSE,FALSE
R00805,2026-06-15,??????,FALSE,C,Home & Living,Clearance Sale,75,12,29,"1,860.35",15.9%,"45,372.08","30,574.25","14,797.83",QR Payment,FALSE,4.1,FALSE,FALSE
R01638,2026-06-15,??????,FALSE,C,Fashion,None,151,25,135,538.98,1.0%,"72,035.06","41,422.05","30,613.01",QR Payment,FALSE,5,FALSE,FALSE
R02928,2026-06-15,??????,FALSE,D,Electronics,None,146,25,59,"1,028.69",0.7%,"60,267.74","46,119.69","14,148.05",Mobile Banking,FALSE,4.7,FALSE,FALSE
R00848,2026-06-15,??????,FALSE,E,Food & Beverage,Member Day,141,23,140,728.71,7.5%,"94,368.11","58,349.53","36,018.58",Cash,FALSE,4.2,FALSE,FALSE
R02305,2026-06-15,??????,FALSE,E,Food & Beverage,None,155,30,200,255.87,1.8%,"50,253.09","31,028.79","19,224.30",Mobile Banking,FALSE,3.5,FALSE,FALSE
R02381,2026-06-15,??????,FALSE,E,Home & Living,Member Day,82,18,48,281.97,8.9%,"12,329.86","7,700.11","4,629.75",E-Wallet,FALSE,4.3,FALSE,FALSE
R00368,2026-06-16,??????,FALSE,A,Food & Beverage,Mega Sale,172,28,206,819.63,14.3%,"144,699.27","92,129.83","52,569.44",Cash,FALSE,4.3,FALSE,TRUE
R00474,2026-06-16,??????,FALSE,A,Food & Beverage,Mega Sale,145,23,182,778.00,14.5%,"121,065.05","72,401.30","48,663.75",QR Payment,FALSE,4.2,FALSE,TRUE
R02279,2026-06-16,??????,FALSE,A,Home & Living,Mega Sale,157,27,87,"2,049.93",14.7%,"152,127.50","101,683.84","50,443.66",Mobile Banking,TRUE,4.1,FALSE,TRUE
R02296,2026-06-16,??????,FALSE,A,Fashion,Mega Sale,155,23,131,"1,092.14",14.0%,"123,040.99","72,936.72","50,104.27",Credit Card,FALSE,4.5,FALSE,TRUE
R02587,2026-06-16,??????,FALSE,A,Beauty,Mega Sale,125,17,91,"1,802.51",17.5%,"135,323.72","71,610.69","63,713.03",E-Wallet,FALSE,3.8,FALSE,TRUE
R02666,2026-06-16,??????,FALSE,A,Food & Beverage,Mega Sale,128,28,171,225.66,13.0%,"33,571.85","20,570.65","13,001.20",Cash,FALSE,4.5,FALSE,TRUE
R00467,2026-06-16,??????,FALSE,B,Fashion,Mega Sale,171,23,146,"1,591.57",16.7%,"193,563.45","111,518.81","82,044.64",Credit Card,FALSE,4.1,FALSE,TRUE
R02983,2026-06-16,??????,FALSE,B,Food & Beverage,Mega Sale,74,17,85,117.42,12.6%,"8,722.81","5,097.20","3,625.61",Mobile Banking,FALSE,3.8,FALSE,TRUE
R01257,2026-06-16,??????,FALSE,C,Fashion,Mega Sale,183,28,159,"1,073.17",15.9%,"143,502.76","86,245.80","57,256.96",E-Wallet,FALSE,3.9,FALSE,TRUE
R01804,2026-06-16,??????,FALSE,C,Electronics,Mega Sale,164,28,73,"2,332.02",13.4%,"147,425.55","105,781.58","41,643.97",E-Wallet,FALSE,4,FALSE,TRUE
R02193,2026-06-16,??????,FALSE,C,Sports,Mega Sale,169,23,115,"1,689.38",14.9%,"165,331.17","99,346.99","65,984.18",Credit Card,FALSE,3.9,FALSE,TRUE
R00217,2026-06-16,??????,FALSE,D,Sports,Mega Sale,156,23,95,"2,001.21",16.7%,"158,365.95","89,339.73","69,026.22",Credit Card,FALSE,4.3,FALSE,TRUE
R00226,2026-06-16,??????,FALSE,D,Fashion,Mega Sale,161,30,136,787.88,13.4%,"92,793.91","51,943.32","40,850.59",Mobile Banking,FALSE,5,FALSE,TRUE
R01034,2026-06-16,??????,FALSE,D,Sports,Mega Sale,168,23,84,"2,361.42",18.0%,"162,654.35","94,056.18","68,598.17",Mobile Banking,FALSE,4,FALSE,TRUE
R01619,2026-06-16,??????,FALSE,D,Fashion,Mega Sale,143,27,108,666.91,13.1%,"62,590.63","37,186.08","25,404.55",Credit Card,FALSE,5,FALSE,TRUE
R01938,2026-06-16,??????,FALSE,D,Beauty,Mega Sale,166,26,121,"1,406.15",16.3%,"142,410.25","72,295.37","70,114.88",QR Payment,FALSE,4,FALSE,TRUE
R01847,2026-06-16,??????,FALSE,E,Fashion,Mega Sale,162,22,137,"1,493.37",14.0%,"175,948.61","105,027.47","70,921.14",Cash,FALSE,4.5,FALSE,TRUE
R02601,2026-06-16,??????,FALSE,E,Beauty,Mega Sale,170,29,116,"1,294.85",14.8%,"127,972.27","66,546.53","61,425.74",Credit Card,FALSE,4.2,FALSE,TRUE
R01687,2026-06-17,???,FALSE,A,Electronics,None,139,25,52,"1,359.03",5.3%,"66,924.02","47,954.13","18,969.89",Credit Card,FALSE,3.9,FALSE,FALSE
R02242,2026-06-17,???,FALSE,A,Food & Beverage,None,78,18,99,31.30,3.2%,"3,000.00","1,922.83","1,077.17",QR Payment,FALSE,4.5,FALSE,FALSE
R01266,2026-06-17,???,FALSE,B,Food & Beverage,None,124,16,162,489.22,2.5%,"77,272.80","47,890.90","29,381.90",Mobile Banking,FALSE,4.5,FALSE,FALSE
R02871,2026-06-17,???,FALSE,B,Electronics,None,208,27,78,"1,887.51",2.4%,"143,692.36","96,625.35","47,067.01",QR Payment,FALSE,5,FALSE,FALSE
R00590,2026-06-17,???,FALSE,C,Food & Beverage,None,159,23,183,732.02,3.3%,"129,539.70","78,836.92","50,702.78",E-Wallet,FALSE,4.1,FALSE,FALSE
R01350,2026-06-17,???,FALSE,C,Fashion,Clearance Sale,114,18,91,727.27,18.7%,"53,805.93","32,607.95","21,197.98",E-Wallet,FALSE,4.7,FALSE,FALSE
R01759,2026-06-17,???,FALSE,C,Beauty,Member Day,106,15,84,969.09,7.8%,"75,054.17","36,770.69","38,283.48",Credit Card,FALSE,4.2,FALSE,FALSE
R01999,2026-06-17,???,FALSE,C,Home & Living,Payday Promo,97,15,72,978.54,8.4%,"64,536.41","44,126.36","20,410.05",Mobile Banking,FALSE,5,FALSE,FALSE
R00442,2026-06-17,???,FALSE,D,Food & Beverage,None,73,17,83,291.07,7.5%,"22,347.10","13,653.25","8,693.85",QR Payment,FALSE,5,FALSE,FALSE
R00656,2026-06-17,???,FALSE,D,Home & Living,Weekend Boost,147,24,81,"1,091.09",6.5%,"82,634.05","51,019.40","31,614.65",Credit Card,FALSE,4.7,FALSE,FALSE
R01567,2026-06-17,???,FALSE,D,Fashion,None,165,26,147,751.84,2.2%,"108,089.33","59,834.32","48,255.01",E-Wallet,FALSE,4,FALSE,FALSE
R01814,2026-06-17,???,FALSE,D,Electronics,None,148,23,62,"1,310.75",5.0%,"77,203.09","55,061.24","22,141.85",Mobile Banking,FALSE,4.2,FALSE,FALSE
R02859,2026-06-17,???,FALSE,D,Fashion,None,65,16,45,66.67,0.0%,"3,000.00","1,676.07","1,323.93",Cash,FALSE,4.3,FALSE,FALSE
R00885,2026-06-18,????????,FALSE,A,Fashion,Payday Promo,177,23,154,905.33,10.6%,"124,642.35","74,244.16","50,398.19",E-Wallet,FALSE,3.4,FALSE,FALSE
R00980,2026-06-18,????????,FALSE,A,Sports,Clearance Sale,177,27,89,"1,648.55",19.6%,"117,963.52","69,732.15","48,231.37",QR Payment,FALSE,5,FALSE,FALSE
R01242,2026-06-18,????????,FALSE,A,Food & Beverage,Payday Promo,166,25,183,692.23,9.2%,"115,024.08","74,372.85","40,651.23",Credit Card,FALSE,4.1,FALSE,FALSE
R01583,2026-06-18,????????,FALSE,A,Fashion,Weekend Boost,154,22,161,"1,146.18",7.9%,"169,956.71","104,076.50","65,880.21",E-Wallet,FALSE,4.8,TRUE,FALSE
R01916,2026-06-18,????????,FALSE,A,Food & Beverage,Weekend Boost,161,21,214,552.99,6.0%,"111,240.23","64,655.93","46,584.30",QR Payment,FALSE,4.4,FALSE,FALSE
R01936,2026-06-18,????????,FALSE,A,Beauty,None,118,16,98,735.12,2.2%,"70,456.41","35,019.51","35,436.90",Cash,FALSE,4.1,FALSE,FALSE
R02132,2026-06-18,????????,FALSE,A,Electronics,Member Day,128,28,53,967.10,7.4%,"47,463.42","35,988.40","11,475.02",Credit Card,FALSE,4.9,FALSE,FALSE
R02976,2026-06-18,????????,FALSE,A,Beauty,None,153,25,123,739.53,1.4%,"89,688.90","42,630.83","47,058.07",QR Payment,FALSE,4.4,FALSE,FALSE
R02981,2026-06-18,????????,FALSE,A,Electronics,Member Day,44,13,20,271.16,6.8%,"5,054.40","3,669.47","1,384.93",Mobile Banking,FALSE,4.2,FALSE,FALSE
R00150,2026-06-18,????????,FALSE,C,Food & Beverage,Member Day,115,24,138,372.55,6.0%,"48,326.76","29,681.15","18,645.61",Mobile Banking,FALSE,4.8,FALSE,FALSE
R01553,2026-06-18,????????,FALSE,C,Food & Beverage,None,97,18,121,268.95,1.0%,"32,218.05","20,654.07","11,563.98",E-Wallet,FALSE,3.5,FALSE,FALSE
R01747,2026-06-18,????????,FALSE,C,Home & Living,Payday Promo,104,19,63,"1,055.05",9.6%,"60,087.17","37,767.51","22,319.66",Cash,FALSE,4.5,FALSE,FALSE
R00789,2026-06-18,????????,FALSE,D,Electronics,Weekend Boost,219,34,89,"1,729.36",7.0%,"143,139.08","102,513.80","40,625.28",Cash,FALSE,4.5,FALSE,FALSE
R02519,2026-06-18,????????,FALSE,E,Home & Living,Member Day,160,25,99,"1,004.82",7.4%,"92,115.56","63,825.70","28,289.86",Credit Card,FALSE,4.5,FALSE,FALSE
R02629,2026-06-18,????????,FALSE,E,Fashion,None,90,15,76,685.54,4.8%,"49,600.36","26,330.23","23,270.13",E-Wallet,FALSE,4.1,FALSE,FALSE
R01276,2026-06-19,?????,FALSE,A,Fashion,Mega Sale,140,25,105,"1,090.29",16.7%,"95,362.08","56,511.75","38,850.33",Credit Card,FALSE,4.1,FALSE,TRUE
R01331,2026-06-19,?????,FALSE,A,Fashion,Mega Sale,156,22,103,"1,778.89",16.3%,"153,359.89","90,167.95","63,191.94",Mobile Banking,FALSE,4.8,FALSE,TRUE
R00793,2026-06-19,?????,FALSE,B,Food & Beverage,Mega Sale,165,24,186,978.42,13.9%,"156,689.90","96,485.90","60,204.00",QR Payment,FALSE,4.2,FALSE,TRUE
R01162,2026-06-19,?????,FALSE,B,Home & Living,Mega Sale,194,31,108,"1,974.28",13.2%,"185,077.18","122,117.53","62,959.65",Mobile Banking,FALSE,4.4,FALSE,TRUE
R01279,2026-06-19,?????,FALSE,B,Fashion,Mega Sale,195,30,171,"1,360.58",15.1%,"197,527.09","113,678.51","83,848.58",Mobile Banking,FALSE,5,FALSE,TRUE
R01571,2026-06-19,?????,FALSE,B,Home & Living,Mega Sale,163,23,112,"1,781.84",14.9%,"169,830.53","106,505.23","63,325.30",E-Wallet,FALSE,4,FALSE,TRUE
R01856,2026-06-19,?????,FALSE,B,Home & Living,Mega Sale,167,31,90,"1,352.54",14.9%,"103,591.28","65,806.07","37,785.21",Credit Card,FALSE,5,FALSE,TRUE
R02299,2026-06-19,?????,FALSE,B,Sports,Mega Sale,150,23,101,"1,596.20",15.7%,"135,905.67","77,425.91","58,479.76",E-Wallet,FALSE,4.3,FALSE,TRUE
R00100,2026-06-19,?????,FALSE,C,Food & Beverage,Mega Sale,132,18,167,"1,011.57",15.8%,"142,241.37","88,554.49","53,686.88",Credit Card,FALSE,4.1,FALSE,TRUE
R00322,2026-06-19,?????,FALSE,C,Food & Beverage,Mega Sale,139,24,175,634.24,15.0%,"94,343.13","57,573.94","36,769.19",QR Payment,FALSE,4.6,FALSE,TRUE
R00531,2026-06-19,?????,FALSE,C,Fashion,Mega Sale,96,14,92,998.87,15.6%,"77,560.62","44,450.63","33,109.99",Mobile Banking,FALSE,4.7,FALSE,TRUE
R02357,2026-06-19,?????,FALSE,C,Electronics,Mega Sale,141,25,57,"2,250.47",13.4%,"111,087.64","79,922.49","31,165.15",E-Wallet,FALSE,4,FALSE,TRUE
R00153,2026-06-19,?????,FALSE,D,Sports,Mega Sale,185,25,132,"1,757.29",15.4%,"196,239.97","115,680.09","80,559.88",Credit Card,FALSE,4.9,FALSE,TRUE
R00640,2026-06-19,?????,FALSE,D,Sports,Mega Sale,182,26,106,"1,786.85",17.2%,"156,828.07","91,673.28","65,154.79",QR Payment,FALSE,4.6,FALSE,TRUE
R01023,2026-06-19,?????,FALSE,D,Home & Living,Mega Sale,160,27,87,"2,100.22",17.2%,"151,291.09","103,035.92","48,255.17",QR Payment,FALSE,4.9,FALSE,TRUE
R01398,2026-06-19,?????,FALSE,D,Electronics,Mega Sale,171,29,69,"2,385.41",15.8%,"138,587.43","98,972.48","39,614.95",Mobile Banking,TRUE,4.2,FALSE,TRUE
R01431,2026-06-19,?????,FALSE,D,Electronics,Mega Sale,133,19,45,"3,228.34",16.4%,"121,450.06","87,886.06","33,564.00",QR Payment,FALSE,4.5,FALSE,TRUE
R00460,2026-06-19,?????,FALSE,E,Sports,Mega Sale,150,27,97,"1,752.12",15.6%,"143,442.74","80,084.76","63,357.98",E-Wallet,FALSE,4.5,FALSE,TRUE
R01945,2026-06-19,?????,FALSE,E,Home & Living,Mega Sale,154,23,75,"2,304.05",14.0%,"148,611.17","91,344.02","57,267.15",Credit Card,FALSE,4.7,FALSE,TRUE
R00488,2026-06-20,?????,TRUE,A,Food & Beverage,Weekend Boost,117,19,150,461.71,5.5%,"65,447.23","40,005.22","25,442.01",Credit Card,FALSE,3.8,FALSE,FALSE
R00587,2026-06-20,?????,TRUE,A,Food & Beverage,Payday Promo,103,20,129,288.21,12.6%,"32,494.31","19,505.42","12,988.89",E-Wallet,FALSE,3.9,FALSE,FALSE
R00644,2026-06-20,?????,TRUE,A,Food & Beverage,None,163,22,217,531.06,3.7%,"110,976.26","68,048.66","42,927.60",E-Wallet,FALSE,4.7,FALSE,FALSE
R01026,2026-06-20,?????,TRUE,A,Food & Beverage,Weekend Boost,110,20,140,492.18,6.5%,"64,426.16","40,957.71","23,468.45",Credit Card,FALSE,4.3,TRUE,FALSE
R01708,2026-06-20,?????,TRUE,A,Sports,None,90,17,61,510.63,3.4%,"30,089.24","17,376.74","12,712.50",Cash,FALSE,4.2,FALSE,FALSE
R01766,2026-06-20,?????,TRUE,A,Sports,None,186,26,137,947.82,2.0%,"127,254.14","74,272.52","52,981.62",QR Payment,FALSE,4.4,FALSE,FALSE
R02404,2026-06-20,?????,TRUE,A,Fashion,Weekend Boost,138,24,120,619.57,7.6%,"68,698.15","41,591.54","27,106.61",Mobile Banking,FALSE,4.1,FALSE,FALSE
R02731,2026-06-20,?????,TRUE,A,Food & Beverage,Weekend Boost,160,32,168,474.84,7.6%,"73,710.45","45,416.94","28,293.51",QR Payment,FALSE,4.1,FALSE,FALSE
R00398,2026-06-20,?????,TRUE,B,Beauty,Weekend Boost,177,29,162,745.12,5.7%,"113,828.63","57,893.90","55,934.73",Credit Card,FALSE,4.3,FALSE,FALSE
R02037,2026-06-20,?????,TRUE,B,Fashion,None,187,26,151,813.51,2.8%,"119,399.89","68,340.24","51,059.65",Cash,FALSE,3.5,FALSE,FALSE
R02379,2026-06-20,?????,TRUE,B,Sports,None,126,29,89,239.15,3.9%,"20,453.96","12,090.71","8,363.25",QR Payment,FALSE,4.8,FALSE,FALSE
R02483,2026-06-20,?????,TRUE,B,Home & Living,None,148,28,67,"1,069.69",0.9%,"71,024.29","45,455.37","25,568.92",Cash,FALSE,3,FALSE,FALSE
R00950,2026-06-20,?????,TRUE,C,Fashion,None,118,24,100,490.99,3.6%,"47,331.91","28,080.18","19,251.73",Cash,FALSE,4.3,FALSE,FALSE
R01384,2026-06-20,?????,TRUE,C,Food & Beverage,Member Day,82,15,97,384.07,9.2%,"33,827.05","20,771.49","13,055.56",Mobile Banking,FALSE,4.2,FALSE,FALSE
R01954,2026-06-20,?????,TRUE,C,Electronics,None,187,31,68,"1,599.16",1.8%,"106,785.68","79,516.34","27,269.34",Mobile Banking,FALSE,3.3,FALSE,FALSE
R02548,2026-06-20,?????,TRUE,C,Food & Beverage,None,164,24,200,546.07,2.2%,"106,812.15","65,925.36","40,886.79",QR Payment,FALSE,4.2,FALSE,FALSE
R00142,2026-06-20,?????,TRUE,D,Food & Beverage,None,93,16,103,285.48,2.0%,"28,816.32","17,760.76","11,055.56",QR Payment,FALSE,4.6,FALSE,FALSE
R00567,2026-06-20,?????,TRUE,D,Food & Beverage,None,80,17,92,34.25,4.8%,"3,000.00","1,864.46","1,135.54",QR Payment,FALSE,4.1,FALSE,FALSE
R01557,2026-06-20,?????,TRUE,D,Electronics,None,202,28,97,"1,302.00",5.7%,"119,095.09","87,268.25","31,826.84",Mobile Banking,FALSE,4.4,FALSE,FALSE
R01622,2026-06-20,?????,TRUE,D,Beauty,Member Day,154,24,104,"1,007.79",6.4%,"98,102.03","49,157.84","48,944.19",Credit Card,FALSE,4.7,FALSE,FALSE
R01801,2026-06-20,?????,TRUE,D,Home & Living,Payday Promo,132,26,84,576.99,11.0%,"43,135.81","28,439.97","14,695.84",QR Payment,FALSE,4.1,FALSE,FALSE
R00439,2026-06-20,?????,TRUE,E,Fashion,Weekend Boost,161,31,152,452.58,7.5%,"63,632.48","40,561.84","23,070.64",Cash,FALSE,4.7,FALSE,FALSE
R01254,2026-06-20,?????,TRUE,E,Fashion,Payday Promo,74,16,63,514.39,8.2%,"29,749.36","17,259.47","12,489.89",Credit Card,FALSE,4,FALSE,FALSE
R02524,2026-06-20,?????,TRUE,E,Electronics,None,158,19,87,"1,469.84",0.6%,"127,108.47","90,113.10","36,995.37",Credit Card,FALSE,4.2,FALSE,FALSE
R00638,2026-06-21,???????,TRUE,A,Food & Beverage,Payday Promo,157,27,172,648.43,9.9%,"100,488.66","64,031.96","36,456.70",Credit Card,FALSE,4,TRUE,FALSE
R01320,2026-06-21,???????,TRUE,A,Fashion,Payday Promo,168,27,135,866.20,10.2%,"105,009.68","58,913.10","46,096.58",Mobile Banking,FALSE,4.1,FALSE,FALSE
R01990,2026-06-21,???????,TRUE,A,Beauty,None,136,24,107,763.73,2.0%,"80,084.92","41,416.41","38,668.51",Credit Card,FALSE,3.8,FALSE,FALSE
R02106,2026-06-21,???????,TRUE,A,Home & Living,None,204,30,126,"1,070.68",3.0%,"130,858.47","83,058.06","47,800.41",E-Wallet,FALSE,4.2,FALSE,FALSE
R02175,2026-06-21,???????,TRUE,A,Food & Beverage,Weekend Boost,171,28,202,558.98,11.7%,"99,703.33","61,799.73","37,903.60",QR Payment,FALSE,4.5,FALSE,FALSE
R00033,2026-06-21,???????,TRUE,B,Beauty,Member Day,90,17,50,941.52,7.1%,"43,733.65","21,660.78","22,072.87",Credit Card,FALSE,4.9,FALSE,FALSE
R01333,2026-06-21,???????,TRUE,B,Fashion,None,172,28,140,758.93,6.3%,"99,556.27","56,793.94","42,762.33",E-Wallet,FALSE,4.8,FALSE,FALSE
R01354,2026-06-21,???????,TRUE,B,Home & Living,Weekend Boost,133,24,65,"1,203.67",4.3%,"74,874.27","49,483.28","25,390.99",QR Payment,FALSE,4.2,FALSE,FALSE
R01820,2026-06-21,???????,TRUE,B,Home & Living,Member Day,179,30,81,"1,547.48",10.3%,"112,435.13","69,938.99","42,496.14",Mobile Banking,FALSE,4.6,FALSE,FALSE
R02131,2026-06-21,???????,TRUE,B,Food & Beverage,Member Day,140,19,160,595.18,7.0%,"88,562.29","54,492.69","34,069.60",E-Wallet,FALSE,4.8,FALSE,FALSE
R00247,2026-06-21,???????,TRUE,C,Home & Living,None,79,12,41,"1,476.63",4.3%,"57,938.36","37,199.69","20,738.67",E-Wallet,FALSE,4.4,FALSE,FALSE
R00737,2026-06-21,???????,TRUE,C,Electronics,Member Day,162,25,72,"1,526.00",4.7%,"104,707.68","74,332.95","30,374.73",E-Wallet,FALSE,3.8,FALSE,FALSE
R02950,2026-06-21,???????,TRUE,C,Fashion,None,48,15,29,106.98,3.3%,"3,000.00","1,735.78","1,264.22",Credit Card,FALSE,4.3,FALSE,FALSE
R02991,2026-06-21,???????,TRUE,C,Food & Beverage,Member Day,151,20,183,563.78,7.5%,"95,433.43","59,567.43","35,866.00",Credit Card,FALSE,4.1,FALSE,FALSE
R00454,2026-06-21,???????,TRUE,D,Food & Beverage,None,131,21,158,480.79,3.3%,"73,457.57","44,292.94","29,164.63",Credit Card,FALSE,4.1,FALSE,FALSE
R00720,2026-06-21,???????,TRUE,D,Food & Beverage,None,110,22,124,221.97,3.8%,"26,478.80","16,068.16","10,410.64",QR Payment,FALSE,4.1,FALSE,FALSE
R01406,2026-06-21,???????,TRUE,D,Sports,None,187,32,107,999.54,4.3%,"102,352.24","56,764.05","45,588.19",Credit Card,FALSE,3.4,FALSE,FALSE
R01961,2026-06-21,???????,TRUE,D,Food & Beverage,None,177,26,215,507.52,3.0%,"105,842.76","64,263.26","41,579.50",E-Wallet,FALSE,4.2,FALSE,FALSE
R02056,2026-06-21,???????,TRUE,D,Beauty,None,156,27,143,400.56,3.0%,"55,561.37","29,101.91","26,459.46",Mobile Banking,FALSE,3.6,FALSE,FALSE
R00330,2026-06-21,???????,TRUE,E,Food & Beverage,None,154,25,176,470.33,3.1%,"80,211.58","50,185.40","30,026.18",QR Payment,FALSE,4.1,FALSE,FALSE
R00455,2026-06-21,???????,TRUE,E,Fashion,Member Day,79,20,90,55.67,9.5%,"4,534.10","2,481.50","2,052.60",Mobile Banking,FALSE,4.4,FALSE,FALSE
R02918,2026-06-21,???????,TRUE,E,Food & Beverage,Member Day,137,29,136,316.75,6.4%,"40,321.19","24,336.88","15,984.31",QR Payment,FALSE,4.4,FALSE,FALSE
R00064,2026-06-22,??????,FALSE,A,Food & Beverage,None,192,31,250,405.52,1.9%,"99,454.81","61,313.94","38,140.87",Credit Card,FALSE,3.8,FALSE,FALSE
R00580,2026-06-22,??????,FALSE,A,Fashion,None,117,19,88,931.87,4.8%,"78,068.10","44,700.40","33,367.70",Cash,FALSE,4.4,FALSE,FALSE
R01688,2026-06-22,??????,FALSE,A,Food & Beverage,Member Day,157,23,197,613.07,9.5%,"109,301.55","67,650.07","41,651.48",Cash,FALSE,5,FALSE,FALSE
R02102,2026-06-22,??????,FALSE,A,Food & Beverage,None,92,22,118,368.34,2.1%,"42,551.72","26,296.04","16,255.68",QR Payment,FALSE,3.9,FALSE,FALSE
R00810,2026-06-22,??????,FALSE,B,Food & Beverage,Weekend Boost,105,21,130,552.54,5.7%,"67,735.90","42,603.83","25,132.07",E-Wallet,FALSE,4,FALSE,FALSE
R01444,2026-06-22,??????,FALSE,B,Fashion,None,68,20,39,79.80,3.6%,"3,000.00","1,817.96","1,182.04",E-Wallet,FALSE,4.3,FALSE,FALSE
R02194,2026-06-22,??????,FALSE,B,Beauty,None,141,19,120,912.75,1.9%,"107,448.65","54,656.27","52,792.38",Mobile Banking,FALSE,5,FALSE,FALSE
R02196,2026-06-22,??????,FALSE,B,Food & Beverage,Member Day,120,24,135,412.93,8.9%,"50,784.63","33,288.06","17,496.57",Cash,FALSE,5,FALSE,FALSE
R02623,2026-06-22,??????,FALSE,B,Beauty,Member Day,127,20,91,987.05,7.7%,"82,904.93","43,982.76","38,922.17",Credit Card,FALSE,4,FALSE,FALSE
R02790,2026-06-22,??????,FALSE,B,Fashion,None,109,20,74,602.52,4.2%,"42,713.80","25,058.15","17,655.65",QR Payment,FALSE,4.1,FALSE,FALSE
R01335,2026-06-22,??????,FALSE,C,Sports,None,139,31,103,627.28,3.4%,"62,413.29","33,244.61","29,168.68",QR Payment,FALSE,4,FALSE,FALSE
R01570,2026-06-22,??????,FALSE,C,Sports,None,120,18,60,"1,276.44",4.4%,"73,216.40","41,213.56","32,002.84",E-Wallet,FALSE,4.4,FALSE,FALSE
R01896,2026-06-22,??????,FALSE,C,Fashion,Member Day,61,19,55,182.19,6.5%,"9,368.90","5,386.30","3,982.60",Cash,FALSE,4.3,FALSE,FALSE
R02223,2026-06-22,??????,FALSE,C,Fashion,None,115,23,104,446.09,1.7%,"45,604.65","27,654.33","17,950.32",QR Payment,FALSE,3.9,FALSE,FALSE
R02925,2026-06-22,??????,FALSE,C,Fashion,Payday Promo,124,19,114,723.40,11.9%,"72,654.11","43,498.31","29,155.80",Cash,FALSE,4.1,FALSE,FALSE
R00268,2026-06-22,??????,FALSE,D,Food & Beverage,Weekend Boost,94,18,106,362.83,6.5%,"35,960.02","22,202.46","13,757.56",Cash,FALSE,5,FALSE,FALSE
R01197,2026-06-22,??????,FALSE,D,Fashion,Member Day,104,18,86,634.51,5.8%,"51,403.31","30,006.40","21,396.91",Credit Card,FALSE,3.8,FALSE,FALSE
R00374,2026-06-22,??????,FALSE,E,Electronics,Weekend Boost,98,20,49,824.83,5.6%,"38,153.44","28,286.26","9,867.18",Credit Card,FALSE,4.1,FALSE,FALSE
R01118,2026-06-22,??????,FALSE,E,Food & Beverage,Weekend Boost,141,24,174,419.62,6.9%,"67,976.06","42,673.48","25,302.58",Credit Card,FALSE,5,FALSE,FALSE
R01231,2026-06-22,??????,FALSE,E,Electronics,None,156,25,38,"2,150.65",0.9%,"80,989.08","57,893.03","23,096.05",Credit Card,FALSE,4.2,FALSE,FALSE
R01588,2026-06-22,??????,FALSE,E,Food & Beverage,None,233,32,279,618.46,2.4%,"168,408.61","97,017.75","71,390.86",E-Wallet,FALSE,4,FALSE,FALSE
R01861,2026-06-22,??????,FALSE,E,Food & Beverage,None,139,25,170,526.26,2.4%,"87,317.20","56,025.27","31,291.93",Cash,FALSE,3.9,FALSE,FALSE
R02247,2026-06-22,??????,FALSE,E,Food & Beverage,None,109,19,134,411.64,5.0%,"52,401.60","32,037.44","20,364.16",Credit Card,TRUE,4.3,FALSE,FALSE
R02876,2026-06-23,??????,FALSE,A,Home & Living,None,157,25,80,"1,248.55",4.1%,"95,788.95","64,531.04","31,257.91",Credit Card,FALSE,4.1,FALSE,FALSE
R01052,2026-06-23,??????,FALSE,B,Electronics,None,130,21,52,"1,380.34",3.7%,"69,121.81","51,656.93","17,464.88",QR Payment,FALSE,4.9,FALSE,FALSE
R02469,2026-06-23,??????,FALSE,B,Beauty,Payday Promo,227,33,175,935.81,9.4%,"148,372.60","77,278.80","71,093.80",Credit Card,FALSE,4.6,FALSE,FALSE
R02071,2026-06-23,??????,FALSE,C,Home & Living,Member Day,111,23,56,867.19,9.7%,"43,851.88","27,823.04","16,028.84",E-Wallet,FALSE,4.6,FALSE,FALSE
R02172,2026-06-23,??????,FALSE,C,Fashion,None,125,17,122,658.76,1.8%,"78,921.52","46,440.39","32,481.13",QR Payment,FALSE,4.5,FALSE,FALSE
R02671,2026-06-23,??????,FALSE,C,Fashion,None,141,21,125,859.70,2.4%,"104,883.57","61,100.98","43,782.59",Credit Card,FALSE,4,FALSE,FALSE
R00157,2026-06-23,??????,FALSE,D,Food & Beverage,None,166,23,191,636.46,3.4%,"117,430.34","67,832.88","49,597.46",E-Wallet,FALSE,4.3,FALSE,FALSE
R00696,2026-06-23,??????,FALSE,D,Home & Living,Weekend Boost,156,24,78,"1,224.52",3.9%,"91,787.31","58,415.83","33,371.48",E-Wallet,FALSE,3.9,FALSE,FALSE
R01005,2026-06-23,??????,FALSE,D,Sports,None,116,20,49,"1,317.19",3.4%,"62,347.69","33,817.93","28,529.76",E-Wallet,FALSE,3.4,FALSE,FALSE
R01326,2026-06-23,??????,FALSE,D,Beauty,None,139,23,108,692.45,3.7%,"72,017.62","34,665.41","37,352.21",Credit Card,FALSE,4.1,FALSE,FALSE
R01626,2026-06-23,??????,FALSE,D,Electronics,Weekend Boost,116,24,35,"1,574.77",7.4%,"51,038.38","37,208.96","13,829.42",QR Payment,FALSE,5,FALSE,FALSE
R02204,2026-06-23,??????,FALSE,D,Food & Beverage,None,107,14,125,573.20,2.3%,"70,002.33","41,427.10","28,575.23",Mobile Banking,FALSE,4.5,FALSE,FALSE
R02589,2026-06-23,??????,FALSE,D,Fashion,None,177,28,159,774.62,4.5%,"117,621.97","67,107.65","50,514.32",E-Wallet,FALSE,4.2,FALSE,FALSE
R00068,2026-06-23,??????,FALSE,E,Food & Beverage,None,184,26,233,532.76,5.3%,"117,553.99","70,497.71","47,056.28",Credit Card,FALSE,4,FALSE,FALSE
R01045,2026-06-23,??????,FALSE,E,Food & Beverage,None,126,20,143,538.92,3.4%,"74,445.44","47,528.89","26,916.55",Credit Card,FALSE,4,FALSE,FALSE
R01658,2026-06-23,??????,FALSE,E,Beauty,Payday Promo,79,20,99,33.48,9.5%,"3,000.00","1,629.82","1,370.18",QR Payment,FALSE,4.1,FALSE,FALSE
R01304,2026-06-24,???,FALSE,A,Beauty,Payday Promo,73,19,56,555.15,9.2%,"28,228.06","14,356.72","13,871.34",Credit Card,FALSE,4.1,FALSE,FALSE
R01459,2026-06-24,???,FALSE,A,Beauty,None,161,20,131,905.67,3.6%,"114,371.30","55,044.05","59,327.25",Credit Card,FALSE,4.1,FALSE,FALSE
R01917,2026-06-24,???,FALSE,A,Beauty,Member Day,108,20,50,"1,187.16",7.6%,"54,846.72","28,224.65","26,622.07",Mobile Banking,FALSE,4.1,FALSE,FALSE
R02684,2026-06-24,???,FALSE,A,Beauty,Payday Promo,166,28,144,842.35,11.7%,"107,105.92","55,745.07","51,360.85",E-Wallet,FALSE,4.1,FALSE,FALSE
R00459,2026-06-24,???,FALSE,B,Electronics,Weekend Boost,134,22,55,"1,435.27",7.0%,"73,413.94","50,028.42","23,385.52",E-Wallet,FALSE,3.9,FALSE,FALSE
R00898,2026-06-24,???,FALSE,B,Fashion,None,93,19,95,369.58,1.5%,"34,583.17","19,747.32","14,835.85",QR Payment,FALSE,4.3,FALSE,FALSE
R01560,2026-06-24,???,FALSE,B,Electronics,None,162,22,59,"1,716.19",1.0%,"100,242.84","72,398.93","27,843.91",QR Payment,FALSE,4.4,FALSE,FALSE
R02546,2026-06-24,???,FALSE,B,Beauty,None,127,27,68,758.18,3.3%,"49,855.05","24,921.44","24,933.61",Mobile Banking,FALSE,4.2,FALSE,FALSE
R02935,2026-06-24,???,FALSE,B,Sports,Member Day,124,20,88,980.34,9.5%,"78,074.43","45,892.01","32,182.42",QR Payment,FALSE,5,FALSE,FALSE
R00235,2026-06-24,???,FALSE,C,Food & Beverage,None,96,19,107,431.46,5.6%,"43,580.63","26,179.61","17,401.02",Cash,FALSE,4.6,FALSE,FALSE
R00543,2026-06-24,???,FALSE,C,Sports,Weekend Boost,45,18,7,461.33,7.1%,"3,000.00","1,728.86","1,271.14",E-Wallet,FALSE,4.4,FALSE,FALSE
R02295,2026-06-24,???,FALSE,C,Home & Living,Member Day,161,24,112,954.02,7.8%,"98,516.37","65,762.55","32,753.82",E-Wallet,FALSE,4.4,FALSE,FALSE
R00671,2026-06-24,???,FALSE,D,Electronics,None,83,24,32,436.01,4.0%,"13,394.16","9,863.40","3,530.76",Cash,FALSE,4.4,FALSE,FALSE
R01286,2026-06-24,???,FALSE,D,Food & Beverage,None,64,13,76,355.41,5.8%,"25,444.61","16,369.97","9,074.64",Credit Card,FALSE,4.1,FALSE,FALSE
R01881,2026-06-24,???,FALSE,D,Sports,None,114,16,68,"1,329.37",3.4%,"87,323.72","48,899.31","38,424.41",Credit Card,FALSE,3.9,FALSE,FALSE
R01776,2026-06-24,???,FALSE,E,Sports,Member Day,189,34,120,805.11,8.4%,"88,498.04","49,834.92","38,663.12",Credit Card,FALSE,4.1,FALSE,FALSE
R00117,2026-06-25,????????,FALSE,A,Fashion,None,74,21,73,75.71,1.5%,"5,443.63","3,191.97","2,251.66",Cash,FALSE,4.6,FALSE,FALSE
R01973,2026-06-25,????????,FALSE,A,Sports,None,138,22,82,960.10,3.4%,"76,051.47","43,450.89","32,600.58",Cash,FALSE,3.8,FALSE,FALSE
R02113,2026-06-25,????????,FALSE,A,Food & Beverage,None,146,20,166,696.20,5.5%,"109,212.65","65,578.23","43,634.42",Mobile Banking,FALSE,3.9,FALSE,FALSE
R02323,2026-06-25,????????,FALSE,A,Beauty,None,178,24,127,"1,236.33",2.8%,"152,617.01","70,893.06","81,723.95",Credit Card,FALSE,4.1,FALSE,FALSE
R00225,2026-06-25,????????,FALSE,B,Fashion,Payday Promo,108,15,95,862.86,9.9%,"73,856.41","41,893.81","31,962.60",Credit Card,FALSE,4.4,FALSE,FALSE
R00998,2026-06-25,????????,FALSE,B,Beauty,None,191,29,144,"1,003.62",0.5%,"143,799.25","74,720.41","69,078.84",E-Wallet,FALSE,5,FALSE,FALSE
R01361,2026-06-25,????????,FALSE,B,Sports,Clearance Sale,164,29,87,"1,335.72",19.4%,"93,663.31","53,225.69","40,437.62",Cash,FALSE,5,FALSE,FALSE
R01504,2026-06-25,????????,FALSE,B,Fashion,Weekend Boost,149,23,115,893.75,9.4%,"93,119.48","53,211.94","39,907.54",Credit Card,FALSE,3.4,FALSE,FALSE
R01727,2026-06-25,????????,FALSE,B,Home & Living,None,72,14,38,476.01,1.6%,"17,798.98","11,557.40","6,241.58",Cash,FALSE,4.4,FALSE,FALSE
R00970,2026-06-25,????????,FALSE,C,Sports,None,127,20,54,"1,801.81",6.9%,"90,583.96","51,726.53","38,857.43",E-Wallet,FALSE,4.7,FALSE,FALSE
R00992,2026-06-25,????????,FALSE,C,Fashion,None,110,21,86,623.66,3.2%,"51,918.06","30,473.64","21,444.42",QR Payment,FALSE,4,FALSE,FALSE
R02706,2026-06-25,????????,FALSE,D,Fashion,Member Day,108,21,93,457.81,7.9%,"39,213.16","23,570.53","15,642.63",Mobile Banking,FALSE,4.8,FALSE,FALSE
R00136,2026-06-25,????????,FALSE,E,Fashion,Weekend Boost,120,21,119,651.34,6.0%,"72,859.20","43,428.83","29,430.37",QR Payment,TRUE,4.5,FALSE,FALSE
R00956,2026-06-25,????????,FALSE,E,Electronics,Member Day,89,19,39,"1,076.02",8.4%,"38,439.91","27,671.31","10,768.60",QR Payment,FALSE,4.6,FALSE,FALSE
R01107,2026-06-25,????????,FALSE,E,Home & Living,None,171,29,90,934.46,1.2%,"83,092.20","55,678.23","27,413.97",Credit Card,FALSE,5,FALSE,FALSE
R01204,2026-06-25,????????,FALSE,E,Electronics,None,123,22,29,"2,038.61",3.0%,"57,346.19","41,286.91","16,059.28",QR Payment,FALSE,4.9,FALSE,FALSE
R01760,2026-06-25,????????,FALSE,E,Electronics,None,113,19,27,"2,999.19",2.8%,"78,710.77","57,367.23","21,343.54",Credit Card,FALSE,4,FALSE,FALSE
R00260,2026-06-26,?????,FALSE,A,Fashion,None,143,24,139,544.29,1.8%,"74,294.79","43,376.19","30,918.60",E-Wallet,FALSE,4.4,FALSE,FALSE
R00912,2026-06-26,?????,FALSE,A,Sports,Payday Promo,111,20,63,"1,006.49",9.9%,"57,131.50","33,311.49","23,820.01",Cash,FALSE,4.9,FALSE,FALSE
R00949,2026-06-26,?????,FALSE,A,Fashion,Member Day,106,16,97,672.54,8.5%,"59,691.44","35,234.80","24,456.64",Credit Card,FALSE,4.4,FALSE,FALSE
R02364,2026-06-26,?????,FALSE,A,Fashion,None,127,18,106,677.97,3.6%,"69,278.11","41,215.36","28,062.75",Mobile Banking,FALSE,4.1,FALSE,FALSE
R02746,2026-06-26,?????,FALSE,A,Electronics,Clearance Sale,119,19,52,"1,568.64",15.9%,"68,599.85","49,875.97","18,723.88",QR Payment,FALSE,3.9,FALSE,FALSE
R00125,2026-06-26,?????,FALSE,B,Fashion,None,165,28,146,642.35,2.0%,"91,906.95","51,202.14","40,704.81",Credit Card,FALSE,4,FALSE,FALSE
R00597,2026-06-26,?????,FALSE,C,Sports,None,143,26,80,681.11,3.9%,"52,363.69","31,240.85","21,122.84",Credit Card,FALSE,3.9,FALSE,FALSE
R00987,2026-06-26,?????,FALSE,C,Fashion,Payday Promo,133,28,102,482.69,11.7%,"43,474.07","25,892.66","17,581.41",QR Payment,FALSE,3.9,FALSE,FALSE
R01205,2026-06-26,?????,FALSE,C,Beauty,None,107,18,81,529.91,4.3%,"41,076.67","20,111.75","20,964.92",QR Payment,FALSE,4.6,FALSE,FALSE
R01682,2026-06-26,?????,FALSE,C,Food & Beverage,None,65,10,86,629.75,7.8%,"49,934.37","31,638.05","18,296.32",E-Wallet,FALSE,4.3,FALSE,FALSE
R02055,2026-06-26,?????,FALSE,C,Beauty,None,125,22,97,975.74,3.1%,"91,712.27","45,418.37","46,293.90",Cash,FALSE,4.5,FALSE,FALSE
R00176,2026-06-26,?????,FALSE,D,Food & Beverage,Clearance Sale,112,25,150,300.12,18.3%,"36,779.76","22,620.34","14,159.42",Cash,FALSE,5,FALSE,FALSE
R02850,2026-06-26,?????,FALSE,D,Sports,Weekend Boost,210,29,120,"1,362.94",6.5%,"152,921.32","92,008.66","60,912.66",Credit Card,FALSE,4.3,FALSE,FALSE
R00281,2026-06-26,?????,FALSE,E,Food & Beverage,None,197,30,243,606.83,2.3%,"144,068.24","90,422.24","53,646.00",Credit Card,FALSE,4.2,FALSE,FALSE
R01339,2026-06-26,?????,FALSE,E,Fashion,Weekend Boost,135,22,97,993.43,5.2%,"91,351.84","53,853.52","37,498.32",Cash,FALSE,4.3,FALSE,FALSE
R01536,2026-06-26,?????,FALSE,E,Food & Beverage,None,136,20,155,668.23,4.5%,"98,915.07","66,825.39","32,089.68",Mobile Banking,FALSE,4.6,FALSE,FALSE
R02118,2026-06-26,?????,FALSE,E,Fashion,None,104,26,101,123.57,1.2%,"12,330.43","7,636.42","4,694.01",Credit Card,FALSE,3.8,FALSE,FALSE
R02703,2026-06-26,?????,FALSE,E,Fashion,None,155,28,130,469.74,4.1%,"58,561.90","33,053.60","25,508.30",Credit Card,FALSE,3.1,FALSE,FALSE
R00441,2026-06-27,?????,TRUE,A,Fashion,None,111,20,97,580.20,3.3%,"54,422.38","32,300.06","22,122.32",Credit Card,FALSE,4.6,FALSE,FALSE
R01296,2026-06-27,?????,TRUE,A,Home & Living,None,141,21,67,"1,255.97",1.1%,"83,224.61","51,280.83","31,943.78",QR Payment,FALSE,3.6,FALSE,FALSE
R02030,2026-06-27,?????,TRUE,A,Fashion,Payday Promo,164,32,154,488.20,7.3%,"69,693.80","37,785.05","31,908.75",Mobile Banking,FALSE,3.8,FALSE,FALSE
R02163,2026-06-27,?????,TRUE,A,Fashion,None,135,23,113,"1,063.49",4.3%,"115,007.13","65,502.22","49,504.91",Mobile Banking,FALSE,4.3,TRUE,FALSE
R02552,2026-06-27,?????,TRUE,A,Fashion,None,128,26,93,614.72,2.1%,"55,968.07","32,286.23","23,681.84",Credit Card,FALSE,3.6,FALSE,FALSE
R02574,2026-06-27,?????,TRUE,A,Electronics,None,86,15,30,"1,647.86",5.1%,"46,914.49","33,572.47","13,342.02",QR Payment,FALSE,3.6,FALSE,FALSE
R02658,2026-06-27,?????,TRUE,A,Electronics,Weekend Boost,156,24,58,"1,876.30",9.4%,"98,595.75","71,257.38","27,338.37",Credit Card,FALSE,4.6,FALSE,FALSE
R02046,2026-06-27,?????,TRUE,B,Food & Beverage,Payday Promo,140,21,170,445.93,10.9%,"67,544.97","41,804.52","25,740.45",Mobile Banking,FALSE,4,FALSE,FALSE
R02512,2026-06-27,?????,TRUE,B,Food & Beverage,Payday Promo,192,31,243,542.16,9.0%,"119,886.93","70,909.87","48,977.06",Credit Card,FALSE,4.2,FALSE,FALSE
R02900,2026-06-27,?????,TRUE,B,Electronics,Member Day,130,25,35,"1,114.97",7.1%,"36,253.24","25,761.13","10,492.11",E-Wallet,FALSE,5,FALSE,FALSE
R00265,2026-06-27,?????,TRUE,C,Food & Beverage,None,153,24,188,366.06,4.4%,"65,792.09","42,739.24","23,052.85",Mobile Banking,FALSE,3.9,FALSE,FALSE
R00293,2026-06-27,?????,TRUE,C,Food & Beverage,Weekend Boost,139,23,179,431.03,5.9%,"72,601.77","44,744.94","27,856.83",QR Payment,FALSE,4.3,FALSE,FALSE
R01184,2026-06-27,?????,TRUE,C,Beauty,None,159,23,111,818.25,3.0%,"88,100.77","41,036.86","47,063.91",Mobile Banking,FALSE,4.2,FALSE,FALSE
R01593,2026-06-27,?????,TRUE,C,Food & Beverage,None,113,18,122,497.15,3.8%,"58,347.27","38,148.60","20,198.67",E-Wallet,FALSE,4.5,FALSE,FALSE
R02039,2026-06-27,?????,TRUE,C,Home & Living,None,151,29,83,659.85,1.8%,"53,781.52","34,182.13","19,599.39",Mobile Banking,FALSE,3.5,FALSE,FALSE
R02771,2026-06-27,?????,TRUE,C,Sports,None,91,18,74,497.53,3.6%,"35,491.68","19,866.52","15,625.16",Credit Card,FALSE,3.6,FALSE,FALSE
R00685,2026-06-27,?????,TRUE,D,Electronics,None,178,36,82,936.23,2.1%,"75,158.55","55,487.09","19,671.46",Mobile Banking,FALSE,3.8,FALSE,FALSE
R01869,2026-06-27,?????,TRUE,D,Food & Beverage,None,135,21,187,445.28,3.5%,"80,353.13","48,141.93","32,211.20",Credit Card,FALSE,3.9,FALSE,FALSE
R02418,2026-06-27,?????,TRUE,D,Food & Beverage,Member Day,120,18,147,500.54,11.1%,"65,412.27","38,846.17","26,566.10",QR Payment,FALSE,4.4,FALSE,FALSE
R00329,2026-06-27,?????,TRUE,E,Electronics,None,148,28,40,"1,664.29",5.2%,"63,109.79","46,006.59","17,103.20",Cash,FALSE,4.2,FALSE,FALSE
R00417,2026-06-27,?????,TRUE,E,Electronics,Member Day,137,18,43,"2,414.87",7.3%,"96,259.16","70,092.26","26,166.90",QR Payment,FALSE,5,FALSE,FALSE
R02138,2026-06-27,?????,TRUE,E,Beauty,Weekend Boost,140,21,119,763.97,5.0%,"86,367.11","43,328.93","43,038.18",Cash,FALSE,3.8,FALSE,FALSE
R00730,2026-06-28,???????,TRUE,A,Food & Beverage,None,126,26,155,217.08,1.6%,"33,109.23","20,214.70","12,894.53",Cash,FALSE,4.4,FALSE,FALSE
R00375,2026-06-28,???????,TRUE,B,Fashion,None,114,20,95,517.62,2.7%,"47,845.89","27,128.84","20,717.05",Mobile Banking,FALSE,4.4,FALSE,FALSE
R01036,2026-06-28,???????,TRUE,B,Fashion,Payday Promo,142,26,120,614.10,9.5%,"66,691.72","39,031.08","27,660.64",E-Wallet,FALSE,4.1,FALSE,FALSE
R01243,2026-06-28,???????,TRUE,B,Fashion,None,146,25,136,526.63,2.2%,"70,045.93","42,392.32","27,653.61",Cash,FALSE,3.7,FALSE,FALSE
R01539,2026-06-28,???????,TRUE,B,Food & Beverage,Member Day,122,26,150,65.83,8.9%,"8,996.17","5,695.26","3,300.91",E-Wallet,FALSE,4.3,FALSE,FALSE
R01100,2026-06-28,???????,TRUE,C,Home & Living,None,138,22,59,"1,354.18",5.3%,"75,662.03","48,320.05","27,341.98",E-Wallet,FALSE,3.6,FALSE,FALSE
R01274,2026-06-28,???????,TRUE,C,Beauty,None,131,26,89,688.43,3.6%,"59,064.35","26,760.85","32,303.50",Credit Card,FALSE,4.3,FALSE,FALSE
R01332,2026-06-28,???????,TRUE,D,Electronics,None,118,23,61,617.85,4.1%,"36,143.48","27,110.09","9,033.39",Credit Card,FALSE,4.6,FALSE,FALSE
R01628,2026-06-28,???????,TRUE,D,Food & Beverage,None,150,23,176,469.65,0.1%,"82,575.30","50,480.99","32,094.31",Credit Card,FALSE,5,FALSE,FALSE
R02581,2026-06-28,???????,TRUE,D,Beauty,Payday Promo,118,24,70,443.65,9.1%,"28,229.60","14,192.32","14,037.28",QR Payment,FALSE,4.7,FALSE,FALSE
R01132,2026-06-28,???????,TRUE,E,Fashion,None,103,21,92,400.17,1.9%,"36,116.46","20,733.02","15,383.44",QR Payment,FALSE,5,FALSE,FALSE
R01962,2026-06-28,???????,TRUE,E,Food & Beverage,None,133,25,139,530.25,6.4%,"68,987.74","40,941.94","28,045.80",Credit Card,FALSE,3.8,FALSE,FALSE
R02120,2026-06-28,???????,TRUE,E,Food & Beverage,None,159,30,175,416.96,3.2%,"70,633.01","45,703.78","24,929.23",Credit Card,FALSE,3.9,FALSE,FALSE
R00023,2026-06-29,??????,FALSE,A,Beauty,None,113,19,83,905.07,2.7%,"73,092.38","36,092.73","36,999.65",QR Payment,FALSE,4.6,FALSE,FALSE
R00602,2026-06-29,??????,FALSE,A,Electronics,None,120,20,41,"1,088.27",1.8%,"43,815.87","31,896.66","11,919.21",Mobile Banking,FALSE,4.3,FALSE,FALSE
R01113,2026-06-29,??????,FALSE,A,Food & Beverage,Member Day,122,24,149,343.96,6.1%,"48,123.62","30,144.18","17,979.44",Mobile Banking,FALSE,4,FALSE,FALSE
R00783,2026-06-29,??????,FALSE,B,Beauty,None,128,21,117,735.92,3.0%,"83,519.78","41,489.93","42,029.85",Mobile Banking,FALSE,3.9,FALSE,FALSE
R01357,2026-06-29,??????,FALSE,B,Electronics,None,125,15,59,"1,712.70",4.3%,"96,704.45","69,448.86","27,255.59",Mobile Banking,FALSE,4.3,FALSE,FALSE
R01864,2026-06-29,??????,FALSE,B,Electronics,None,97,18,38,"1,131.31",4.2%,"41,184.30","29,823.50","11,360.80",Credit Card,FALSE,4.7,FALSE,FALSE
R02309,2026-06-29,??????,FALSE,B,Electronics,Member Day,125,18,68,"1,200.20",9.4%,"73,941.68","50,939.01","23,002.67",Cash,FALSE,4.2,FALSE,FALSE
R02752,2026-06-29,??????,FALSE,B,Sports,None,175,27,85,"1,381.16",2.1%,"114,933.23","67,933.94","46,999.29",QR Payment,FALSE,4.1,FALSE,FALSE
R00113,2026-06-29,??????,FALSE,C,Electronics,Payday Promo,109,19,39,"1,756.05",11.8%,"60,404.48","43,305.32","17,099.16",Mobile Banking,TRUE,4.6,FALSE,FALSE
R00229,2026-06-29,??????,FALSE,C,Beauty,Payday Promo,114,19,79,968.28,10.1%,"68,768.04","34,066.09","34,701.95",Mobile Banking,FALSE,3.5,FALSE,FALSE
R00584,2026-06-29,??????,FALSE,C,Food & Beverage,Payday Promo,161,22,202,561.76,8.9%,"103,375.96","67,807.68","35,568.28",Mobile Banking,FALSE,5,FALSE,FALSE
R01150,2026-06-29,??????,FALSE,C,Fashion,Payday Promo,164,25,138,880.44,8.0%,"111,780.58","63,171.92","48,608.66",QR Payment,FALSE,5,FALSE,FALSE
R01616,2026-06-29,??????,FALSE,C,Food & Beverage,Member Day,158,27,197,495.36,7.6%,"90,170.07","55,342.62","34,827.45",Mobile Banking,FALSE,4.3,FALSE,FALSE
R02274,2026-06-29,??????,FALSE,C,Home & Living,Payday Promo,107,19,73,719.39,9.6%,"47,473.93","31,305.93","16,168.00",Credit Card,FALSE,4.7,FALSE,FALSE
R02515,2026-06-29,??????,FALSE,C,Food & Beverage,Member Day,116,20,117,501.05,7.3%,"54,343.29","34,790.51","19,552.78",Credit Card,FALSE,4.6,FALSE,FALSE
R02875,2026-06-29,??????,FALSE,C,Fashion,None,120,24,78,567.60,3.0%,"42,944.52","24,032.76","18,911.76",Credit Card,FALSE,4.2,FALSE,FALSE
R00289,2026-06-29,??????,FALSE,D,Home & Living,None,106,21,71,379.92,1.5%,"26,569.74","18,394.37","8,175.37",Credit Card,FALSE,4.2,FALSE,FALSE
R01632,2026-06-29,??????,FALSE,D,Food & Beverage,None,102,16,115,482.61,3.2%,"53,724.61","34,527.09","19,197.52",Cash,FALSE,3.4,FALSE,FALSE
R01812,2026-06-29,??????,FALSE,D,Electronics,Payday Promo,166,22,67,"1,844.92",9.6%,"111,742.95","79,470.06","32,272.89",Credit Card,FALSE,4.6,FALSE,FALSE
R02107,2026-06-29,??????,FALSE,D,Food & Beverage,Member Day,92,22,118,149.85,6.0%,"16,620.90","9,864.03","6,756.87",Mobile Banking,FALSE,4.6,FALSE,FALSE
R02338,2026-06-29,??????,FALSE,D,Fashion,None,107,18,107,514.09,3.2%,"53,247.08","30,694.73","22,552.35",Mobile Banking,FALSE,3.5,FALSE,FALSE
R02453,2026-06-29,??????,FALSE,D,Fashion,Payday Promo,133,22,101,788.71,11.7%,"70,339.61","40,458.29","29,881.32",Mobile Banking,TRUE,4.2,FALSE,FALSE
R02999,2026-06-29,??????,FALSE,D,Home & Living,None,129,24,71,639.19,1.8%,"44,565.29","30,006.91","14,558.38",Credit Card,FALSE,4.6,FALSE,FALSE
R02208,2026-06-29,??????,FALSE,E,Fashion,None,90,21,78,283.75,4.0%,"21,247.15","11,260.06","9,987.09",Credit Card,FALSE,5,FALSE,FALSE
R02805,2026-06-29,??????,FALSE,E,Electronics,None,107,16,42,"1,608.61",2.6%,"65,805.17","45,034.17","20,771.00",E-Wallet,FALSE,3.7,FALSE,FALSE
